"student_id","surname","name","stipend","kurs","city","birthday","univ_id"
1,Сергеев,Сергей,520,1,Одинцово,1983-03-21,39
2,Клюквина,Вера,140,3,Сатка,1987-03-15,6
3,Кийко,Ирина,,2,Зубцов,1986-05-22,82
4,Водопьянова,Виктория,170,2,Костерево,1984-04-06,88
5,Тимашов,Дмитрий,90,2,Горячий Ключ,1984-06-19,27
6,Авраменко,Владислав,480,3,Павловское,1987-07-07,29
7,Величко,Алексей,250,1,Кедровый,1984-11-27,8
8,Филипцов,Артем,470,4,,1984-08-04,35
9,Колдаева,Елена,360,1,Усолье-Сибирское,1989-08-07,86
10,Антипов,Андрей,520,2,Яхрома,1984-09-04,77
11,Грачев,Евгений,490,3,Боровое,1987-11-26,84
12,Попова,Дарья,120,2,Новокуйбышевск,1984-11-28,26
13,Гончарова,Ирина,70,1,Навашино,1984-08-24,89
14,Закусилова,Марина,150,2,Старый Оскол,1981-04-16,71
15,Нагина,Елена,320,1,Вытегра,1988-08-10,9
16,Платошкина,Валерия,220,4,Котлас,1980-01-07,41
17,Светляков,Станислав,250,2,Островной,1984-05-19,20
18,Черникова,Ирина,530,3,Опочка,1982-10-20,26
19,Зайцева,Алиса,240,3,Магадан,1989-04-03,75
20,Застрожнова,Ольга,200,1,Сосенский,1983-05-07,14
21,Сушкова,Ирина,290,3,Константиновск,1984-12-19,86
22,Бавыкина,Анна,,3,Уфа,1982-04-19,95
23,Киреева,Марина,220,3,Лысково,1984-04-26,16
24,Михайлова,Елена,380,2,Шуя,1980-02-08,73
25,Чиликова,Любовь,520,2,Агидель,1983-11-22,73
26,Селиванова,Елена,190,1,Жуковка,1982-03-27,33
27,Лисовой,Сергей,110,4,,1988-08-03,3
28,Назарьев,Михаил,380,2,Богданович,1984-06-06,89
29,Метлицкий,Алексей,450,3,Шахты,1980-04-24,55
30,Белоусова,Эльвира,130,1,Краснознаменск,1987-12-19,47
31,Власова,Екатерина,270,2,Томари,1984-04-11,64
32,Волчкевич,Юрий,440,2,Ижевск,1981-10-15,31
33,Волынкин,Евгений,130,1,Белокуриха,1981-03-19,22
34,Воробьев,Владимир,260,4,Вичуга,1980-06-23,36
35,Лопухов,Дмитрий,310,1,Новосибирск,1983-11-03,75
36,Лохмачева,Ольга,80,2,Ливны,1980-01-23,98
37,Овчинникова,Маргарита,80,4,Михайловск,1981-05-20,92
38,Погорельский,Вячеслав,270,4,Акбулак,1988-01-05,36
39,Полищук,Владимир,50,4,Ковров,1987-10-25,94
40,Токарев,Игорь,390,1,Гай,1985-07-08,35
41,Турбин,Евгений,100,2,Жуков,1987-08-18,13
42,Колтакова,Анна,520,2,Лысьва,1989-03-04,91
43,Попов,Максим,550,2,Карачев,1989-05-01,79
44,Черепнина,Юлия,170,2,Высоцк,1982-04-09,65
45,Мошкин,Андрей,440,3,Константиновск,1980-04-06,48
46,Бучнев,Евгений,470,4,Касли,1982-01-29,67
47,Кретинина,Екатерина,260,1,Старая Русса,1989-07-09,94
48,Трунтаев,Павел,380,2,Озеры,1986-03-07,58
49,Печенкина,Юлия,160,4,Артемовск,1987-03-26,54
50,Хрипков,Михаил,410,1,Орехово-Зуево,1987-02-04,22
51,Черникова,Ольга,60,1,Чернушка,1980-07-25,96
52,Бахтерев,Максим,480,1,Северобайкальск,1986-12-27,9
53,Попова,Екатерина,120,3,Североморск,1989-01-09,55
54,Свиридова,Марина,400,2,Байконур,1982-12-26,48
55,Цурканов,Сергей,70,3,Балей,1985-07-24,51
56,Толмачева,Алла,320,2,Звенигород,1984-08-18,65
57,Суворов,Алексей,500,2,Лихославль,1984-08-12,62
58,Бредихина,Виталия,400,4,Иваново,1988-09-01,34
59,Бумакова,Елена,490,1,Салаир,1987-01-10,33
60,Максимова,Галина,340,3,Шахтерск,1988-05-14,76
61,Мельченко,Евгения,250,3,Козловская,1981-07-24,38
62,Переславцева,Татьяна,140,3,Мантурово,1985-08-23,81
63,Ситало,Татьяна,380,3,Горно-Алтайск,1988-02-03,2
64,Анисимова,Ирина,110,3,Иланский,1989-11-15,98
65,Домарева,Наталья,240,3,Валуйки,1985-09-18,59
66,Сидельникова,Ирина,140,3,Гаврилов Посад,1988-03-18,32
67,Воронюк,Ираида,220,4,Набережные Челны,1983-04-04,54
68,Азарова,Юлия,150,4,Трехгорный-1,1983-10-13,22
69,Ефимова,Мария,380,1,Гурьевск,1988-06-04,60
70,Кондратьева,Юлия,540,3,Богданович,1981-07-19,37
71,Косарева,Юлия,440,4,Нарьян-Мар,1987-11-04,4
72,Лакомова,Ирина,340,3,Валдай,1981-11-11,85
73,Полуэктова,Анна,480,2,Аткарск,1981-10-20,35
74,Никулина,Ольга,420,1,Горно-Алтайск,1989-09-28,5
75,Максименко,Юлия,80,1,Сочи,1987-11-29,27
76,Асеева,Татьяна,520,1,Димитровград,1989-05-27,98
77,Шипилова,Екатерина,50,1,Киров,1984-11-30,43
78,Янкова,Елена,530,3,Светлогорск,1988-11-26,4
79,Красавин,Евгений,410,3,Мышкин,1984-10-16,94
80,Яньшина,Анна,530,4,Шилка,1984-11-18,83
81,Мироненко,Наталья,60,2,Кондрово,1986-07-13,56
82,Дадонова,Людмила,400,3,Кяхта,1982-06-07,91
83,Мордасова,Ольга,500,1,Псевдостолица,1981-01-16,61
84,Рыжкова,Елена,370,3,Киреевск,1986-06-25,3
85,Богомолова,Екатерина,470,4,Комсомольский,1982-03-10,23
86,Голощапова,Марина,510,1,Димитровград,1988-06-07,26
87,Дибцева,Инна,320,1,Топки,1986-12-17,77
88,Попов,Дмитрий,450,4,Малоархангельск,1981-08-23,53
89,Рукавицына,Галина,460,1,Луга,1986-03-14,41
90,Рыкунов,Никита,100,4,Рудногорск,1981-09-03,39
91,Рыкунова,Анастасия,530,3,Отрадное,1989-06-12,70
92,Саблин,Юрий,120,4,Нефтекамск,1988-02-24,28
93,Самсонов,Алексей,370,3,Усть-Шоноша,1981-07-20,80
94,Соколова,Екатерина,190,1,Карабулак,1984-09-14,23
95,Афанасьева,Татьяна,400,1,Лебедянь,1987-05-15,90
96,Болгов,Алексей,390,3,Сорочинск,1987-11-26,65
97,Древаль,Дмитрий,380,3,Новинки,1983-01-19,81
98,Дубатовкин,Максим,180,2,Барнаул,1985-10-13,27
99,Простаков,Сергей,250,3,Таруса,1980-03-11,23
100,Пономарев,Александр,410,1,Дагестанские Огни,1986-12-08,67
101,Косяков,Андрей,520,2,Кировград,1981-11-12,21
102,Косяков,Дмитрий,130,2,Майкоп,1983-03-05,79
103,Скаба,Людмила,410,4,Петров Вал,1989-01-28,4
104,Смольянинов,Дмитрий,500,1,Владивосток,1987-10-17,35
105,Допперт,Вячеслав,420,2,Скалистый,1981-10-02,31
106,Стрыгина,Елена,50,2,Лодейное Поле,1988-05-04,82
107,Анисимов,Сергей,170,2,Кизилюрт,1982-03-13,12
108,Гамов,Вячеслав,280,1,Микунь,1982-11-10,44
109,Довка,Юрий,390,4,Еменьга,1980-01-29,7
110,Калинин,Александр,540,1,Холм,1982-10-29,32
111,Пивоваров,Николай,250,4,Лакинск,1988-05-20,5
112,Тимошенко,Алексей,190,4,Окуловка,1989-09-17,91
113,Богомолова,Екатерина,450,1,Учалы,1988-12-27,37
114,Голощапова,Марина,190,1,Приморск,1986-02-11,78
115,Дибцева,Инна,460,3,Скалистый,1986-01-05,26
116,Попов,Дмитрий,510,4,Фатеж,1982-02-26,59
117,Рукавицына,Галина,500,3,Кисловодск,1984-11-06,49
118,Рыкунов,Никита,460,1,Мирный,1984-06-03,22
119,Рыкунова,Анастасия,80,3,Красногорск,1986-02-13,5
120,Саблин,Юрий,50,3,Елец,1982-11-23,75
121,Самсонов,Алексей,180,4,Тихорецк,1986-03-09,42
122,Соколова,Екатерина,280,4,Чехов,1982-08-25,5
123,Афанасьева,Татьяна,110,1,Ворсма,1981-09-06,27
124,Болгов,Алексей,350,3,Нижнеудинск,1986-08-21,88
125,Древаль,Дмитрий,330,2,Остров,1983-05-17,60
126,Дубоваткин,Максим,100,2,Ельня,1984-05-26,42
127,Простаков,Сергей,310,1,Саров,1987-02-03,42
128,Пономарев,Александр,230,1,Красновишерск,1984-07-17,70
129,Паршин,Максим,280,4,Красный Сулин,1985-04-26,31
130,Петров,Алексей,110,1,Мышкин,1987-06-13,25
131,Сидоров,Николай,460,3,Вышний Волочек,1984-09-21,36
132,Ворфоломеев,Александр,370,4,Тольятти,1983-09-08,7
133,Алехин,Алексей,60,3,Серпухов,1981-03-28,54
134,Паршина,Екатерина,530,4,Новотроицк,1984-05-16,55
135,Трубицына,Наталья,450,2,Опочка,1987-08-20,94
136,Паршина,Екатерина,460,3,Горбатов,1987-08-27,64
137,Кривцова,Евгения,280,1,Лермонтов,1987-11-28,40
138,Бурмистрова,Анастасия,310,3,Сызрань,1980-11-03,19
139,Воронова,Елена,260,4,Игарка,1980-04-12,22
140,Заводскова,Наталья,340,1,Кировград,1986-10-29,28
420,Гапонов,Владимир,500,1,Аргун,1987-02-05,48
421,Колесникова,Евгения,480,1,Мончегорск,1981-10-16,16
422,Свиридова,Ольга,240,3,Абинск,1980-02-13,79
423,Буненкова,Юлия,490,3,Ленск,1988-12-05,41
424,Небольсина,Анна,410,3,Астрахань,1985-09-09,28
425,Клочков,Павел,420,4,Грязи,1989-04-13,37
426,Гаврилова,Людмила,50,1,Белорецк,1980-07-04,10
427,Гуцева,Ирина,300,3,Приволжск,1986-08-04,50
428,Логинов,Александр,540,1,Лодейное,1988-03-23,25
429,Егорова,Анна,140,2,Белоярский,1981-03-20,82
430,Воробьев,Евгений,220,4,Заводоуковск,1986-09-30,2
431,Орехова,Алла,500,1,Мещовск,1982-08-27,30
432,Романов,Николай,430,3,Урюпинск,1982-04-12,85
433,Кобылкина,Надежда,260,3,Тара,1987-10-06,6
434,Крючкова,София,360,4,Елизово,1989-01-20,45
435,Рязанцев,Виктор,250,3,Трехгорный-1,1982-03-09,64
436,Квасов,Юрий,440,3,Бобров,1980-10-10,81
437,Казакова,Наталья,300,3,Бавлы,1989-02-20,81
438,Гречко,Антон,80,4,Усть-Лабинск,1983-08-10,32
439,Медведева,Ирина,160,2,Болохово,1989-03-02,1
440,Гарьковская,Светлана,280,4,Донской,1986-10-15,96
441,Матвеенко,Анна,430,4,Обоянь,1983-10-07,86
442,Родюков,Олег,430,2,Красный Кут,1985-04-13,14
443,Панов,Петр,100,1,Сковородино,1989-09-02,28
444,Савенков,Дмитрий,150,2,Лабытнанги,1986-02-08,97
445,Калин,Антон,170,3,Ступино,1985-07-14,73
446,Данилова,Оксана,340,3,Каменногорск,1986-01-05,75
447,Смирнова,Олеся,200,4,Камешково,1982-09-30,93
448,Зимина,Юлия,490,1,Остров,1988-09-23,19
449,Малюкова,Надежда,310,4,Пудож,1985-09-19,90
450,Скоробогатов,Сергей,390,2,Отрадный,1985-12-13,46
451,Ляшенко,Ирина,420,4,Нытва,1985-11-06,40
452,Макарова,Ирина,160,4,Чебоксары,1982-11-17,5
453,Джахуа,Адам,170,4,Клинцы,1987-05-09,32
454,Рожковская,Надежда,190,1,Черкесск,1987-06-12,29
455,Митрофанов,Сергей,330,4,Олонец,1984-01-08,12
456,Будков,Игорь,530,1,Кингисепп,1987-08-09,2
457,Ширяев,Игорь,310,2,Гороховец,1982-09-09,6
458,Ушакова,Наталья,530,2,Волжск,1984-02-03,35
459,Кондратьева,Ирина,180,1,Отрадный,1984-06-09,94
460,Тарасова,Елена,80,3,Свободный,1982-08-12,92
461,Белова,Марина,470,4,Вологда,1986-08-06,45
462,Губина,Ольга,140,4,Вихоревка,1989-09-01,40
463,Чеботкова,Лилия,340,3,Волчанск,1980-09-09,77
464,Бойченко,Анастасия,490,4,Североморск,1986-05-02,23
465,Колодкин,Сергей,100,2,Избербаш,1981-06-17,17
466,Скогорева,Ирина,100,2,Обоянь,1984-06-12,6
467,Колодяжная,Марина,290,1,Красный Холм,1983-05-16,23
468,Межевикин,Александр,320,3,Нижний Ломов,1985-12-11,42
469,Лисицына,Дина,150,4,Пласт,1981-06-13,87
470,Самойлов,Евгений,60,2,Омск,1988-06-28,38
471,Кузнецова,Юлия,500,2,Среднеколымск,1986-04-26,18
472,Клочков,Павел,390,2,Онега,1985-04-21,72
473,Гайворонская,Надежда,500,4,Ивдель,1986-09-27,72
474,Казакова,Татьяна,320,1,Багратионовск,1984-07-22,64
475,Ушакова,Светлана,180,3,Мантурово,1980-02-22,41
476,Гаспарян,Нина,230,2,Нурлат,1989-06-28,89
477,Лопасов,Максим,120,4,Шокша,1980-07-20,46
478,Фролова,Елена,440,3,Бологое,1985-03-01,54
479,Лесников,Дмитрий,440,4,Мелеуз,1987-04-10,37
480,Анищенко,Татьяна,480,3,Кириши,1987-01-10,51
481,Грушецкий,Антон,50,1,Мама,1984-07-09,16
482,Недоцук,Александр,90,4,Солга,1981-06-10,30
483,Масленников,Александр,210,3,Усть-Шоноша,1985-04-23,18
484,Лачугина,Ольга,320,4,Шумерля,1983-04-24,25
485,Клепиков,Илья,50,3,Георгиевск,1980-05-29,89
486,Ларина,Валерия,430,3,Гаврилов Посад,1983-05-16,17
487,Полунчукова,Елена,450,1,Советск,1987-10-12,12
488,Жук,Юлия,120,4,Лосино-Петровский,1981-06-11,6
489,Усова,Мария,210,3,Пошехонье,1988-07-09,61
490,Лазарев,Петр,170,4,Сланцы,1983-12-07,49
491,Ильин,Виктор,70,3,Байкальск,1984-02-17,37
492,Грошев,Денис,500,4,Россошь,1988-12-29,11
493,Овечкина,Ольга,120,2,Болохово,1985-12-03,18
494,Кузнецов,Алексей,210,3,Шатура,1981-11-22,30
495,Животягина,Марина,120,1,Тобольск,1983-02-10,76
496,Багрянцева,Надежда,70,3,Саяногорск,1981-10-28,98
497,Переславцев,Александр,250,1,Таруса,1989-10-18,37
498,Петрова,Ольга,420,2,Черепаново,1980-08-19,90
499,Рудакова,Виктория,470,3,Юбилейный,1986-04-12,66
500,Ярошенко,Анна,320,2,Нефтекумск,1988-06-15,52
501,Хатунцева,Елена,270,3,Заозерный,1984-01-16,39
502,Сунцова,Елена,550,4,Сретенск,1982-11-07,33
503,Лунгу,Олег,410,4,Макарьев,1980-11-17,32
504,Лимонова,Наталия,500,3,Гагарин,1981-04-30,15
505,Строич,Любовь,250,4,Белозерск,1989-06-10,79
506,Жигулина,Евгения,540,2,Зея,1983-06-21,17
507,Лукина,Юлия,350,1,Наро-Фоминск,1983-09-27,40
508,Мещерякова,Елена,260,1,Михайловск,1983-03-21,79
509,Неженцев,Святослав,230,4,Реутов,1980-07-12,32
510,Сафронова,Татьяна,250,2,Вихоревка,1985-08-06,43
511,Климова,Лариса,180,3,Кинель,1980-06-30,44
512,Кузнецова,Ольга,350,2,Красный Сулин,1980-03-04,74
513,Голотвина,Юлия,330,3,Абдулино,1984-06-07,83
514,Андросова,Юлия,380,2,Урюпинск,1986-11-27,46
515,Золототрубова,Елена,410,3,Бикин,1986-10-15,38
516,Шабанов,Антон,110,4,Макушино,1984-06-04,69
517,Масленникова,Мария,150,4,Дорогобуж,1989-11-12,41
518,Первеева,Ирина,330,1,Удачный,1986-03-26,78
519,Юршин,Дмитрий,60,3,Духовщина,1980-09-15,57
520,Алексеева,Екатерина,330,1,Корсаков,1983-05-30,15
521,Рязанова,Евгения,420,1,Бежецк,1986-08-01,14
522,Жигулин,Александр,220,2,Тихвин,1982-10-11,85
523,Колтакова,Анна,110,1,Шебекино,1988-02-17,80
524,Тишкова,Наталья,280,1,Далматово,1983-06-20,98
525,Нежиборец,Олеся,350,1,Волгодонск,1988-04-21,40
526,Поликарпов,Игорь,430,3,Ноябрьск,1982-09-26,61
527,Ирхина,Наталья,240,3,Губкин,1985-04-15,21
528,Стешенко,Сергей,400,2,Шелехов,1989-05-10,65
529,Шабунин,Сергей,330,3,Слюдянка,1984-08-29,62
530,Солоха,Вадим,170,1,Десногорск,1980-09-16,57
531,Гонтарь,Владимир,500,3,Рудногорск,1985-02-18,23
532,Корнева,Юлия,190,2,Шахты,1983-03-03,29
533,Мошкин,Андрей,320,3,Новоалександровск,1989-12-25,52
534,Дробышева,Елена,120,1,Дубовка,1985-09-20,97
535,Капленко,Людмила,200,2,Синега,1986-11-09,98
536,Станкеева,Наталья,340,4,Нягань,1988-08-22,84
537,Матюхин,Павел,320,1,Светлый,1989-07-26,74
538,Евсеев,Сергей,510,1,Сысерть,1984-03-20,90
539,Ушакова,Елена,80,4,Архангельск,1980-03-16,58
540,Курочкина,Юлия,220,3,Красный Холм,1989-09-01,16
541,Зенищева,Алла,300,3,Трубчевск,1986-03-24,16
542,Русина,Оксана,380,2,Дмитров,1984-11-04,55
543,Мормышев,Дмитрий,300,2,Назарово,1988-10-17,19
544,Рыкова,Татьяна,260,1,Зубцов,1983-11-11,9
545,Просяник,Татьяна,490,1,Октябрьский,1982-09-19,22
546,Гализин,Андрей,140,1,Камень-на-Оби,1982-05-28,12
547,Вербилович,Олеся,430,4,Чадан,1989-04-08,28
548,Богатырев,Алексей,150,2,Родники,1984-12-02,61
549,Нестеренко,Александр,540,4,Лиски,1987-12-10,22
550,Нестерова,Татьяна,410,3,Никольск,1980-10-16,96
551,Пятигорец,Анастасия,310,3,Руза,1985-04-25,93
552,Рогожкин,Иван,220,2,Городище,1989-11-14,38
553,Кузнецов,Алексей,180,4,Сольцы-2,1987-06-15,37
554,Цыбуляева,Елена,480,4,Улан-Удэ,1987-04-08,98
555,Мордасова,Елена,310,4,Иркутск,1988-06-07,35
556,Архипцев,Дмитрий,120,4,Шадринск,1989-09-26,87
557,Казьмина,Наталия,220,4,Нижний Тагил,1981-02-23,93
558,Вихорев,Дмитрий,240,2,Онега,,22
559,Руднева,Виктория,340,4,Тетюши,1989-08-19,76
560,Терещенко,Виктория,370,4,Иркутск,1984-09-23,57
561,Рыбалкина,Наталья,140,3,Высоцк,1983-09-09,1
562,Семыкин,Павел,520,1,Юхнов,1986-09-03,35
563,Юрьев,Юрий,200,1,Аргуновский,1988-09-07,67
564,Лаухин,Владислав,190,2,Сарс,1987-08-05,46
565,Шульгин,Константин,520,3,Новый Куваш,1985-08-15,36
566,Баутина,Людмила,550,4,Опочка,1982-07-27,65
567,Плахутина,Виктория,160,4,Омутнинск,1980-04-20,2
568,Морозова,Наталья,550,3,Вилючинск,1981-03-15,85
569,Боев,Павел,260,2,Орск,1985-08-02,86
570,Нестеренко,Ирина,190,4,Шелехов,,27
571,Толстикова,Лариса,170,3,Тетюши,1988-10-15,29
572,Алехина,Татьяна,340,1,Лесозаводск,1988-12-02,55
573,Ширкова,Эльвира,380,2,Гороховец,1986-09-08,23
574,Понамарева,Наталья,360,2,Курлово,1981-11-02,98
575,Козлова,Елена,430,2,Каменск-Шахтинский,1985-08-10,46
576,Гаврилова,Марина,540,1,Березовский,,52
577,Соловьева,Елена,520,3,Южно-Сухокумск,1982-05-31,68
578,Чупрынина,Ольга,90,3,Иланский,1986-11-17,15
579,Красникова,Оксана,240,2,Бузулук,1986-04-13,63
580,Богоявленская,Евгения,70,2,Бугульма,1986-02-19,76
581,Золотых,Владислав,330,2,Великий Устюг,1980-02-10,60
582,Иваненко,Анна,440,2,Ленинск,1988-03-14,96
583,Ивлев,Александр,370,3,Красный Кут,1986-03-02,91
584,Бочкарева,Татьяна,250,4,Духовщина,1987-05-11,14
585,Дурова,Елена,120,4,Балахна,1982-06-29,66
586,Чирков,Александр,360,3,Кимовск,1987-12-19,62
587,Лебедев,Сергей,530,1,Березники,1986-07-29,9
588,Кошечкина,Екатерина,520,4,Кунгур,1989-03-16,12
589,Глаголев,Владимир,60,3,Касимов,1980-02-14,97
590,Гринева,Ирина,520,2,Качканар,1984-08-13,90
591,Келчева,Анастасия,290,3,Ипатово,1985-08-01,91
592,Фролова,Наталья,460,2,Анжеро-Судженск,1988-11-11,89
593,Густова,Олеся,150,4,Покровск,1980-04-27,72
594,Арбузова,Светлана,460,2,Покачи,1989-06-08,20
595,Иванов,Сергей,470,1,Воронеж,1980-03-25,32
596,Панова,Ирина,80,2,Беднодемьяновск,1981-11-30,35
597,Лаптиева,Евгения,140,3,Гурьевск,1980-07-28,87
598,Трубицына,Мария,290,2,Асино,1985-04-02,8
599,Воищева,Екатерина,550,3,Мариинский Посад,1989-04-08,47
600,Данченко,Игорь,120,4,Елабуга,1983-02-05,46
601,Янкова,Елена,540,4,Суровикино,1986-09-29,13
602,Королевский,Олег,140,4,Орлов,1989-07-16,81
603,Климова,Елена,280,4,Козьмодемьянск,1988-04-20,86
604,Меркулова,Виктория,90,2,Оханск,1988-09-05,64
605,Ломакина,Елена,350,3,Чехов,1989-03-21,16
606,Новиков,Алексей,170,2,Лебедянь,1986-11-30,79
607,Пикалова,Наталья,420,1,Курлово,1981-05-18,83
608,Соколова,Екатерина,130,4,Ливны,1981-06-23,89
609,Жидов,Юрий,110,3,Геленджик,1982-05-04,78
610,Свиридова,Наталия,250,2,Щелково,1988-03-12,15
611,Липатова,Анна,430,4,Геленджик,1985-11-12,77
612,Карпова,Ольга,520,2,Чкаловск,1982-01-30,52
613,Стребкова,Татьяна,170,2,Новая Ляля,1985-02-16,75
614,Емельянов,Максим,340,3,Пушкино,1986-01-14,51
615,Вяткина,Елена,360,2,Бакал,1989-11-03,48
616,Кольцов,Владимир,230,2,Усть-Кут,1982-07-17,16
617,Асеева,Татьяна,290,3,Пермь,1983-11-04,6
618,Яньшина,Анна,300,2,Лысьва,1989-04-30,70
619,Дмитриева,Ульяна,480,4,Верхний Уфалей,1983-08-09,15
620,Акимов,Александр,200,1,Тамбов,1980-11-29,15
621,Исакова,Ольга,510,2,Алапаевск,1989-03-05,10
622,Корицкий,Александр,110,3,Одинцово,1981-05-04,48
623,Самсонов,Алексей,180,3,Нефтекумск,1989-08-08,89
624,Оробий,Юлия,330,4,Сухой Лог,1987-11-12,64
625,Редькина,Юлия,480,2,Кашира,1983-10-05,16
626,Рыкова,Татьяна,320,2,Барабинск,1988-10-23,82
627,Попов,Дмитрий,340,1,Сосновка,1987-07-26,93
628,Рязанов,Антон,140,2,Николаевск-на-Амуре,1988-12-13,85
629,Червакова,Вера,460,3,Усть-Катав,1987-09-26,94
630,Золоторева,Инна,520,4,Владимир,1982-01-17,44
631,Чуркин,Юрий,120,1,Высоцк,1983-11-16,71
632,Тиканская,Светлана,450,4,Старая Русса,1988-08-01,31
633,Демина,Жанна,550,3,Красногорск,1983-01-29,10
634,Сушков,Антон,460,4,Кашира,1988-01-14,38
635,Дрямов,Алексей,420,1,Раменское,1987-01-21,71
636,Кузнецова,Наталья,220,4,Нарткала,1984-04-25,16
637,Водопьянова,Екатерина,340,1,Архангельск,1989-06-06,96
638,Климчук,Ольга,240,1,Ливны,1981-10-29,96
639,Бикташева,Лилия,360,2,Саргино,1983-08-03,68
640,Кошечкина,Екатерина,110,4,Дедовск,1982-07-31,86
641,Шарапов,Константин,80,4,Медынь,1987-02-07,21
642,Ковалева,Юлия,470,1,Гвардейск,1983-02-15,40
643,Бобрешов,Илья,210,2,Терек,1980-08-11,49
644,Михайлова,Ирина,140,2,Скопин,1989-05-27,81
645,Дмитриева,Ольга,260,3,Вилючинск,1985-01-19,71
646,Иванова,Анна,240,4,Юра,1988-04-08,76
647,Дадонова,Людмила,380,1,Саров,1984-12-19,84
648,Фурсов,Евгений,370,3,Воскресенск,1982-04-04,48
649,Черноволова,Екатерина,170,1,Первомайск,1984-06-04,19
650,Лукина,Юлия,320,4,Анапа,1989-09-23,40
651,Майборода,Елена,230,2,Агинское,1980-02-11,64
652,Беленова,Ольга,180,1,Спас-Деменск,1981-07-19,48
653,Костин,Дмитрий,480,3,Черепаново,1980-07-28,25
654,Козакевич,Светлана,270,2,Славгород,1988-01-15,64
655,Келчева,Анастасия,310,4,Йошкар-ола,1985-03-13,67
656,Куцова,Ирина,250,2,Чехов-7,1982-12-22,62
657,Сергеева,Юлия,420,2,Ершов,1989-01-01,79
658,Папонов,Сергей,220,2,Чермоз,1983-07-10,60
659,Авдеев,Алексей,430,4,Псевдостолица,1983-01-21,86
660,Плотникова,Анжелика,130,1,Идрица,1984-03-17,47
661,Шумилов,Анатолий,320,3,Лесной,1983-04-24,32
662,Богачева,Елена,80,1,Карабаново,1987-08-15,40
663,Казакова,Мария,70,1,Геленджик,1986-03-28,37
664,Рекунова,Мария,310,3,Петродворец,1982-02-01,37
665,Сапрунова,Надежда,90,3,Володарск,1985-05-26,1
666,Шигидин,Андрей,350,4,Ленск,1986-03-22,94
667,Мехралиева,Ираде,460,4,Бородино,1982-11-30,20
668,Романенко,Алексей,240,2,Краснокаменск,1988-11-07,88
669,Кузьменко,Дмитрий,290,3,Советск,1981-03-15,9
670,Стародубцева,Ольга,440,2,Глазов,1989-09-20,45
671,Шмарова,Алина,540,2,Завитинск,1986-10-03,13
672,Юдина,Татьяна,200,3,Важская Запань,1988-08-07,92
673,Гладских,Наталья,430,1,Кисловодск,1987-02-02,76
674,Гришин,Алексей,440,3,Дорогобуж,1987-05-01,88
675,Башлыков,Алексей,360,4,Лобня,1987-08-16,13
676,Малчевская,Юлия,100,2,Гуково,1987-06-06,17
677,Филатов,Максим,310,3,Артемовский,1985-03-14,44
678,Крысанов,Андрей,480,1,Бирск,1985-04-12,37
679,Брыкин,Андрей,520,1,Пикалево,1982-03-08,53
680,Таманов,Станислав,250,1,Губкинский,1983-06-30,51
681,Калакуцкая,Елена,130,1,Дятьково,1987-12-12,37
682,Чернов,Александр,530,2,Звенигород,1981-06-11,6
683,Кириченко,Александр,190,4,Черепаново,1986-03-21,73
684,Рыбалкина,Оксана,190,1,Сортавала,1985-06-20,73
685,Гондарев,Владимир,180,3,Междуреченск,1984-10-25,80
686,Абрамова,Анна,240,2,Белая Калитва,1981-02-01,9
687,Толкачев,Иван,250,2,Лениногорск,1982-11-23,3
688,Литвинов,Николай,100,4,Камызяк,1980-08-06,49
689,Щеголькова,Евгения,420,3,Подпорожье,1986-11-01,30
690,Струкова,Марина,130,2,Лысково,1981-03-09,64
691,Самбикина,Ирина,450,3,Великое,1983-07-28,92
692,Келчева,Анастасия,360,3,Питкяранта,1985-10-24,23
693,Медведева,Вероника,90,3,Медногорск,1986-10-01,63
694,Беховых,Сергей,520,4,Плавск,1983-01-26,6
695,Мишечкин,Андрей,110,2,Видное,1980-07-14,32
696,Черкасов,Алексей,350,3,Боровичи,1988-02-27,93
697,Здоровцов,Алексей,370,1,Горняк,1985-04-23,70
141,Воронин,Сергей,260,3,Ногинск,1985-06-21,11
142,Баранова,Юлия,160,4,Чехов-7,1986-04-11,1
143,Семикоз,Марина,460,4,Пласт,1981-04-23,97
144,Буланый,Андрей,510,4,Бузулук,1989-06-04,40
145,Тафинцева,Мария,510,4,Калязин,1987-02-07,23
146,Аксененкова,Ольга,290,3,Гаврилов Посад,1984-05-14,95
147,Лунева,Виктория,440,3,Павловское,1985-04-28,94
148,Федоров,Александр,70,3,Кирсанов,1986-12-29,2
149,Корчагина,Любовь,410,1,Гурьевск,1980-09-13,85
150,Щербинина,Ольга,500,1,Волгодонск,1983-02-13,76
151,Лебедев,Александр,460,3,Кадников,1982-09-05,69
152,Островерхов,Павел,250,3,Новоаннинский,1980-04-20,5
153,Гаршина,Юлия,320,4,Андреаполь,1982-11-19,64
154,Якушева,Юлия,490,1,Красноуфимск,1986-12-01,4
155,Поротиков,Александр,470,3,Слободской,1989-01-27,17
156,Гончаров,Антон,400,4,Лермонтов,1984-05-12,19
157,Захарова,Юлия,450,1,Щербинка,1988-05-29,93
158,Тарасова,Елена,100,4,Темников,1985-05-20,11
159,Белоусова,Татьяна,260,3,Катайск,1989-04-11,44
160,Комова,Кристина,220,1,Тайшет,1983-08-14,38
161,Никитин,Максим,290,1,Теберда,1980-05-29,64
162,Снегирева,Оксана,470,3,Лабинск,1986-05-20,98
163,Руднева,Виктория,540,3,Климовск,1981-06-21,5
164,Аржанова,Елена,80,1,Кяхта,1980-11-03,63
165,Шипко,Федор,110,4,Зуевка,1989-05-14,32
166,Тамбовцева,Юлия,440,4,Городец,1983-01-10,2
167,Козаренко,Ольга,500,3,Тосно,1981-09-01,3
168,Волкова,Наталья,180,3,Сольцы-2,1985-12-07,84
169,Лысакова,Юлия,300,3,Красногорск,1981-06-26,68
170,Почепцов,Владимир,160,3,Вязники,1987-01-02,21
171,Конникова,Евгения,120,2,Покров,1989-10-09,47
172,Козлитина,Наталья,300,3,Новоузенск,1983-03-02,84
173,Назмиев,Марат,240,3,Анжеро-Судженск,1989-02-16,65
174,Тимашов,Дмитрий,480,3,Тогучин,1983-02-13,51
175,Маричев,Александр,470,2,Горбатов,1981-08-01,26
176,Савельева,Дина,250,4,Вичуга,1987-12-03,69
177,Шипко,Федор,70,3,Юрюзань,1989-02-21,51
178,Безрученко,Василий,520,4,Реутов,1982-04-26,29
179,Литаврин,Дмитрий,510,3,Серпухов,1983-05-10,29
180,Стародубцев,Константин,200,4,Гаврилов Посад,1986-08-23,10
181,Кузнецова,Ольга,450,2,Северодвинск,1986-09-15,71
182,Борников,Антон,530,4,Махачкала,1983-02-10,75
183,Тарарыков,Роман,500,4,Артем,1988-04-13,37
184,Ищенко,Ольга,100,4,Сковородино,1985-12-04,45
185,Трунтаев,Павел,470,3,Петушки,1985-05-21,67
186,Власова,Марина,380,2,Родники,1983-09-18,33
187,Беляев,Сергей,200,3,Моздок,1986-07-11,54
188,Морозова,Татьяна,400,4,Малгобек,1989-07-02,79
189,Нестерова,Татьяна,330,1,Вихоревка,1986-05-01,37
190,Волынкин,Евгений,380,1,Волоколамск,1989-09-16,93
191,Реукова,Надежда,180,3,Мамоново,1982-12-22,58
192,Лямзина,Марина,90,1,Саратов,1984-02-11,75
193,Карташова,Любовь,460,3,Обоянь,1981-12-25,54
194,Золототрубов,Алексей,130,4,Гагарин,1984-08-30,93
195,Гуляева,Татьяна,240,3,Горнозаводск,1989-07-27,84
196,Сысоева,Юлия,70,3,Сокольники,1987-11-14,24
197,Борисов,Александр,300,2,Борисоглебск,1982-05-17,13
198,Косинов,Анатолий,270,4,Минеральные Воды,1983-06-01,2
199,Меланьина,Ольга,500,4,Волгоград,1981-05-06,78
200,Дубищева,Ольга,510,3,Лиходиево,1987-04-11,45
201,Шипко,Федор,160,4,Междуреченск,1984-06-14,82
202,Севостьянова,Татьяна,150,3,Лобня,1980-07-11,21
203,Красникова,Инна,410,4,Лиски,1987-11-03,78
204,Гарьковская,Светлана,70,4,Куртамыш,1981-05-20,57
205,Самороковская,Эльза,190,3,Усмань,1987-05-10,23
206,Орлова,Елена,540,3,Сестрорецк,1988-08-11,23
207,Стрельникова,Галина,410,4,Парфеньево,1984-04-11,16
208,Назарова,Светлана,340,2,Юра,1984-04-07,4
209,Шарыкин,Антон,100,1,Омутнинск,1989-03-04,75
210,Хусаинова,Ирина,540,3,Дальнегорск,1983-12-28,32
211,Шмойлова,Виктория,380,1,Сысерть,1989-01-03,37
212,Назарий,Вадим,80,3,Невельск,1989-05-26,23
213,Колотев,Виталий,420,1,Кызыл,1983-02-12,36
214,Красножон,Андрей,190,1,Пятигорск,1989-05-19,49
215,Майка,Александра,270,4,Бабаево,1986-08-24,93
216,Аникеев,Константин,490,3,Ельня,1982-01-01,36
217,Чепляева,Алла,140,4,Осташков,1983-07-30,79
218,Лобачевская,Анна,140,4,Пролетарск,1986-03-02,8
219,Меланьина,Ольга,250,4,Пятигорск,1988-06-11,56
220,Ванясов,Артем,240,4,Камызяк,1987-11-25,43
221,Федяева,Наталия,360,2,Бавлы,1985-01-26,83
222,Захарова,Алла,100,1,Карабаново,1980-11-09,53
223,Бондаренко,Светлана,200,2,Беломорск,1984-04-03,28
224,Еремеева,Ирина,170,3,Арзамас,1980-03-02,72
225,Беленова,Алена,480,3,Снежногорск,1989-06-25,85
226,Юрова,Ольга,270,4,Вышний Волочек,1983-04-13,26
227,Чернышев,Андрей,440,3,Галич,1982-09-16,89
228,Гладских,Екатерина,390,1,Усмань,1986-11-28,29
229,Бунин,Евгений,330,2,Никольск,1989-08-18,43
230,Символоков,Евгений,110,1,Якутск,1986-03-26,82
231,Смирнов,Николай,370,3,Абдулино,1988-11-17,2
232,Мокшина,Светлана,180,1,Поворино,1986-06-28,24
233,Реветнев,Андрей,440,4,Сурск,1989-08-01,17
234,Комов,Евгений,380,4,Обь,1988-12-24,70
235,Асеев,Дмитрий,110,3,Свердловск-44,1981-03-01,10
236,Юршина,Татьяна,290,1,Миллерово,1988-08-22,96
237,Бизяев,Алексей,290,4,Североморск,1984-09-23,71
238,Гритчин,Виктор,330,4,Рыбинск,1989-06-06,48
239,Кондратьева,Ирина,170,3,Городовиковск,1981-06-26,70
240,Глотова,Юлия,310,2,Щучье,1982-09-02,46
241,Мухоедов,Дмитрий,280,1,Хасавюрт,1987-01-09,65
242,Кряквин,Сергей,330,4,Заволжск,1982-05-01,29
243,Петруня,Ирина,360,3,Сибай,1985-09-25,81
244,Зинатулина,Дания,380,3,Калининск,1986-03-24,35
245,Шабанов,Антон,140,1,Лосино-Петровский,1983-06-17,95
246,Распопова,Елена,300,1,Калтан,1983-05-03,73
247,Куприянов,Алексей,280,2,Тихвин,1983-06-28,60
248,Зуева,Оксана,230,3,Елец,1980-11-27,45
249,Шабунина,Екатерина,240,4,Лиски,1988-02-08,88
250,Комарова,Анна,540,1,Коряжма,1981-04-27,64
251,Тафинцева,Мария,390,2,Чехов-8,1988-10-12,42
252,Распопова,Светлана,70,1,Нижний Тагил,1983-01-19,87
253,Санина,Юлия,210,4,Холмск,1980-11-10,68
254,Максименкова,Оксана,330,4,Красновишерск,1983-09-07,43
255,Моисеева,Виктория,160,2,Мензелинск,1986-03-25,67
256,Кениг,Анна,460,2,Протвино,1981-01-28,1
257,Галкина,Светлана,220,3,Ясный,1988-02-23,57
258,Шевляков,Алексей,410,1,Полевской,1982-02-12,77
259,Пономарев,Владислав,120,2,Анжеро-Судженск,1989-01-28,80
260,Якушева,Марина,100,3,Агидель,1982-09-27,78
261,Сысоева,Ирина,400,2,Лысково,1983-10-27,62
262,Гудков,Вячеслав,250,1,Кирсанов,1988-07-30,21
263,Качурина,Мария,470,3,Гвардейск,1988-07-09,74
264,Гритчин,Виктор,300,3,Волчанск,1988-07-12,32
265,Епишова,Ирина,150,4,Мелеуз,1980-06-09,67
266,Мозговая,Татьяна,550,1,Шарья,1983-11-16,40
267,Кортунов,Александр,70,3,Калач,1985-12-12,33
268,Пузакова,Оксана,360,2,Анжеро-Судженск,1989-10-10,60
269,Прилуцкая,Наталия,470,3,Новотроицк,1984-02-13,39
270,Гинова,Наталья,280,4,Мамоново,1983-08-26,56
271,Вязников,Андрей,320,3,Слободской,1982-04-30,71
272,Акиндинова,Елена,340,2,Белебей,1982-07-06,88
273,Латкина,Юлия,420,2,Опочка,1988-04-25,2
274,Литвинова,Наталья,170,3,Балашов,1989-03-05,16
275,Харламова,Анна,330,3,Малая Липовка,1981-07-04,75
276,Сивков,Виталий,280,4,Шатура,1980-09-25,3
277,Юрченко,Татьяна,470,2,Володарск,1984-07-16,59
278,Ковалевский,Дмитрий,360,1,Любим,1982-10-08,69
279,Черечукин,Александр,520,2,Озерск,1986-07-24,77
280,Лынов,Павел,500,2,Павловск,1985-03-04,77
281,Румянцев,Виктор,100,2,Ключи,1980-06-03,49
282,Машин,Вадим,420,2,Ейск,1980-02-12,60
283,Шафоростова,Юлия,290,3,Макарьев,1981-01-08,31
284,Фалева,Юлия,300,3,Красное Село,1986-02-05,3
285,Яковлев,Павел,360,1,Нерехта,1988-03-11,63
286,Юрьева,Светлана,110,3,Лодейное Поле,1984-06-20,16
287,Лыкова,Татьяна,170,3,Устюжна,1989-01-15,71
288,Лисунова,Виктория,80,2,Иваново,1981-04-17,16
289,Терехова,Мария,210,3,Мглин,1988-12-24,83
290,Власова,Наталья,380,1,Нижняя Салда,1989-12-21,7
291,Быкова,Елена,340,1,Нефтекамск,1981-06-07,72
292,Каторгина,Ольга,260,1,Юрьевец,1982-10-18,31
293,Мелентьева,Ксения,290,3,Инсар,1980-11-20,95
294,Лисицына,Дина,170,2,Альметьевск,1983-12-18,32
295,Белозорова,Татьяна,180,1,Свирск,1986-07-17,31
296,Ефанова,Ольга,370,1,Межгорье,1988-07-06,14
297,Литвинов,Евгений,180,1,Калач-на-Дону,1981-05-01,94
298,Попрыгина,Ольга,390,2,Волжский,1980-08-07,22
299,Татаринцев,Дмитрий,480,4,Первомайск,1987-12-12,45
300,Жукова,Жанна,430,4,Кириши,1987-04-05,15
301,Казакова,Мария,480,2,Горячий Ключ,1986-08-30,91
302,Марчук,Людмила,260,4,Ейск,1980-09-29,70
303,Тиканская,Светлана,210,4,Уяр,1982-12-19,75
304,Вишневецкая,Евгения,250,1,Костерево,1988-04-24,2
305,Курлов,Александр,500,3,Мариинский Посад,1984-06-15,78
306,Глазырина,Галина,180,4,Рылковский,1985-04-14,57
307,Лоторев,Константин,300,4,Бородино,1988-10-24,84
308,Савельева,Дина,480,3,Великий Устюг,1989-03-06,35
309,Борисова,Татьяна,310,1,Новочеркасск,1986-06-16,21
310,Кобозев,Валерий,80,1,Донецк,1981-11-20,4
311,Коваленко,Александр,490,3,Сретенск,1985-08-29,16
312,Красов,Андрей,360,1,Ядрин,1987-07-03,69
313,Полднев,Андрей,470,4,Нефтекамск,1982-09-26,78
314,Тюмин,Сергей,190,4,Чехов-2,1987-05-27,70
315,Салыкина,Ирина,420,1,Поворино,1988-02-29,44
316,Коломыцев,Александр,90,3,Домодедово,1985-11-09,79
317,Коваленко,Анна,60,1,Славянск-на-Кубани,1989-11-12,80
318,Малахова,Ольга,400,3,Котово,1980-11-27,17
319,Глазунова,Оксана,530,4,Калининград,1989-11-10,11
320,Стаханов,Роман,280,3,Галич,1980-06-04,54
321,Логвинова,Екатерина,140,4,Суздаль,1988-10-10,91
322,Искра,Татьяна,300,1,Неман,1984-07-24,36
323,Бытченко,Елена,280,4,Асбест,1987-01-09,31
324,Ульянова,Валерия,450,3,Курган,1987-03-07,3
325,Прокопенко,Ольга,280,4,Ханты-Мансийск,1980-01-25,59
326,Урывская,Ирина,60,2,Лысково,1982-04-14,80
327,Мальцев,Александр,340,1,Волгореченск,1981-03-30,28
328,Сторожилов,Сергей,260,4,Бийск,1981-09-20,47
329,Зайцев,Андрей,380,1,Липецк,1987-05-18,25
330,Веремеенко,Елена,240,4,Усинск,1988-06-15,27
331,Золотарева,Галина,380,3,Дрезна,1982-06-10,44
332,Саввина,Екатерина,430,2,Заволжск,1981-03-24,32
333,Якименко,Сергей,340,4,Миасс,1981-10-19,39
334,Данилова,Ирина,110,2,Багратионовск,1981-08-09,10
335,Клинских,Александр,390,2,Светлый,1986-07-31,15
336,Гончаров,Андрей,470,3,Нерехта,1989-10-09,38
337,Паринова,Мария,190,3,Знаменск,1982-08-13,7
338,Шевляков,Алексей,290,2,Удомля,1980-04-25,89
339,Михеева,Марина,370,2,Нерюнгри,1984-09-15,25
340,Вишневецкая,Евгения,190,4,Усть-Джегута,1980-07-03,4
341,Лобанов,Александр,120,2,Жуковский,1982-08-02,64
342,Солодова,Ирина,370,3,Мирный,1981-04-22,85
343,Горелов,Евгений,120,1,Красный Кут,1982-08-09,70
344,Челноков,Андрей,240,1,Надым,1980-10-01,88
345,Понявин,Василий,510,4,Рудня,1988-01-19,59
346,Нестеренко,Алексей,340,3,Киров,1981-12-12,93
347,Жвания,Марина,150,1,Аркадак,1982-10-07,6
348,Шмойлова,Светлана,360,1,Мирный,1988-10-15,24
349,Вихорев,Дмитрий,360,1,Колпашево,1986-12-13,70
350,Бондаренко,Екатерина,130,3,Ступино,1982-01-29,87
351,Тужикова,Марина,290,3,Назрань,1982-11-23,31
352,Рябенко,Александр,440,4,Можайск,1983-03-27,40
353,Седин,Игорь,360,3,Калининск,1980-02-09,25
354,Докучаев,Александр,170,1,Демидов,1982-06-26,63
355,Бизяев,Алексей,240,1,Новый Оскол,1987-09-01,71
356,Минакова,Елена,240,3,Находка,1988-08-22,65
357,Юров,Антон,220,2,Красноуральск,1983-11-11,56
358,Кущ,Светлана,280,2,Азнакаево,1989-11-12,78
359,Евтушенко,Ксения,250,1,Зверево,1982-12-15,50
360,Мишина,Юлия,240,3,Новоржев,1983-07-26,44
361,Глазунова,Оксана,480,3,Чаплыгин,1984-06-22,46
362,Василенко,Ильдар,480,4,Солнечногорск,1980-09-01,87
363,Молоканова,Ирина,180,3,Пушкин,1984-03-24,27
364,Шпак,Инна,530,3,Тайшет,1989-06-18,94
365,Бураков,Станислав,370,2,Меленки,1987-03-24,23
366,Болгова,Людмила,80,1,Невьянск,1988-07-09,88
367,Вахтин,Сергей,120,3,Бийск,1983-05-25,98
368,Коровченко,Игорь,80,3,Буй,1981-09-24,38
369,Вяткина,Ангелина,280,3,Аргуновский,1985-10-04,10
370,Дмитриева,Ульяна,250,1,Озерск,1982-10-27,20
371,Кочегарова,Елена,250,2,Заозерный,1980-09-30,62
372,Фролкова,Марина,100,4,Ивангород,1986-04-09,35
373,Ягупов,Александр,360,1,Синега,1989-07-25,66
374,Дедова,Наталья,320,3,Вичуга,1988-01-16,76
375,Баева,Светлана,340,4,Лениногорск,1981-03-31,65
376,Чечин,Дмитрий,490,4,Ленск,1987-11-27,38
377,Черненко,Леонид,290,3,Тетюши,1980-02-28,37
378,Коржова,Татьяна,430,1,Волоколамск,1986-05-29,47
379,Долгополов,Дмитрий,160,4,Артемовск,1986-11-21,38
380,Щепилова,Оксана,290,1,Камышин,1989-01-05,44
381,Князев,Евгений,100,4,Зеленоград,1988-10-14,24
382,Полянский,Юрий,170,2,Анадырь,1988-06-24,67
383,Зибров,Алексей,200,2,Тверь,1989-05-14,55
384,Кузьмин,Сергей,70,2,Горно-Чуйский,1989-08-22,73
385,Суртаева,Татьяна,390,3,Нолинск,1981-04-27,36
386,Кряквин,Сергей,270,3,Белоярский,1989-04-02,55
387,Котов,Владимир,70,1,Псков,1989-09-08,64
388,Шубина,Мария,220,3,Орск,1982-08-06,51
389,Папченкова,Елена,480,3,Рыбинск,1988-01-29,80
390,Калугина,Светлана,420,4,Благовещенск,1989-06-07,77
391,Кондусова,Елена,210,3,Зеленогорск,1984-01-20,9
392,Руденко,Владимир,450,3,Заинск,1989-08-21,45
393,Мышковская,Виктория,140,2,Бородино,1989-04-15,12
394,Клейменова,Лилия,70,2,Кимры,1984-05-04,57
395,Скрыпник,Екатерина,120,4,Мариинский Посад,1987-08-27,94
396,Уразов,Семен,170,1,Белоусово,1987-06-07,93
397,Кольцов,Владимир,170,3,Солга,1988-12-09,30
398,Пешкова,Анастасия,400,2,Ясный,1985-03-15,18
399,Цырлина,Татьяна,410,4,Красный Кут,1980-08-30,17
400,Ситникова,Елена,290,4,Хребтовая,1984-03-06,20
401,Уразов,Алексей,260,3,Мытищи,1982-08-20,26
402,Джахуа,Адам,140,2,Вуктыл,1980-04-11,23
403,Попов,Максим,240,4,Александровск,1983-01-11,19
404,Зубарева,Инна,450,3,Казань,1980-09-25,13
405,Черноволова,Екатерина,70,4,Троицк,1987-05-07,87
406,Кустов,Владимир,220,3,Мытищи,1985-07-14,75
407,Васильков,Дмитрий,60,1,Южа,1987-06-17,50
408,Кузьменко,Дмитрий,300,4,Карталы,1982-02-24,52
409,Филиппов,Антон,300,3,Донецк,1983-08-13,22
410,Рязанов,Сергей,60,4,Байконур,1987-05-12,67
411,Ерин,Денис,510,1,Мелеуз,1982-02-24,69
412,Новиков,Павел,330,4,Лодейное,1988-04-23,60
413,Панюшкина,Екатерина,400,1,Коряжма,1983-01-05,68
414,Кривоногова,Наталья,320,2,Воткинск,1982-01-10,86
415,Баранова,Юлия,260,4,Заволжск,1987-07-21,83
416,Ильина,Мария,330,3,Павловск,1984-09-24,44
417,Храпов,Сергей,430,1,Георгиевское,1986-07-20,96
418,Сигаева,Оксана,200,1,Лодейное Поле,1989-04-19,47
419,Беленова,Ольга,270,4,Фатеж,1983-12-14,31
1532,Кудрявцева,Евгения,430,3,Химки,1983-09-18,35
1533,Полухина,Татьяна,150,3,Корсаков,1984-08-12,35
1534,Жегульская,Светлана,170,2,Култук,1981-07-10,64
1535,Еремеева,Маргарита,240,1,Приозерск,1985-01-30,63
1536,Кольцов,Дмитрий,510,1,Новотроицк,1985-07-05,3
1537,Мащенко,Ольга,210,2,Оленегорск,1980-07-28,44
1538,Корчагин,Дмитрий,540,2,Нижневартовск,1982-05-11,48
1539,Ельшина,Светлана,330,3,Могоча,1985-04-19,34
1540,Рязанцев,Александр,340,1,Казань,1980-10-25,33
1541,Олейников,Михаил,310,3,Грайворон,1988-06-26,49
1542,Дедова,Елена,180,1,Новочебоксарск,1980-03-21,58
1543,Комарова,Мария,330,4,Верхоянск,1982-07-21,27
1544,Кольцов,Дмитрий,220,1,Раменское,1989-10-19,91
1545,Авдеенко,Сергей,370,3,Болгар,1981-10-31,29
1546,Гринфельд,Константин,110,2,Волхов,1982-11-27,81
1547,Добрынин,Олег,200,2,Верхняя Салда,1985-09-30,41
1548,Гирник,Елена,230,3,Оханск,1983-11-28,74
1549,Фетисов,Александр,470,3,Буинск,1989-10-07,51
1550,Богатырева,Александра,160,1,Сольвычегодск,1983-10-27,62
1551,Брагин,Михаил,330,2,Десногорск,1987-02-04,35
1552,Лавров,Сергей,440,3,Таруса,1987-10-27,47
1553,Кочетова,Юлия,240,2,Саянск,1981-08-01,73
1554,Лавров,Сергей,160,1,Донской,1985-11-05,32
1555,Богатырева,Александра,410,1,Медвежьегорск,1981-01-04,47
1556,Простаков,Сергей,480,4,Омск,1980-11-26,87
1557,Панков,Александр,320,3,Очер,1987-12-27,95
1558,Самойлов,Алексей,220,2,Королев,1989-11-24,46
1559,Антонова,Ирина,390,1,Верхний Тагил,1986-02-04,56
1560,Короткова,Ольга,310,4,Инсар,1984-01-07,27
1561,Тарасова,Людмила,490,1,Павловское,1989-11-13,44
1562,Чуркин,Александр,420,1,Острогожск,1980-05-27,27
1563,Киселев,Сергей,320,3,Кириши,1981-12-30,34
1564,Авраменко,Владислав,280,4,Аша,1980-07-09,70
1565,Кочетова,Елена,190,4,Уяр,1987-05-12,29
1566,Казьмина,Наталия,230,3,Пермь,1982-07-26,10
1567,Казаков,Андрей,420,2,Волгодонск,1985-03-13,89
1568,Киржанова,Елена,190,2,Сосногорск,1982-04-26,47
1569,Родионов,Станислав,470,2,Курильск,1984-09-29,7
1570,Приображенский,Дмитрий,150,1,Троицк,1988-11-11,62
1571,Атанова,Наталья,250,4,Гай,1980-08-31,6
1572,Величко,Наталья,90,3,Екатеринбург,1984-10-08,40
1573,Малыхина,Ирина,270,3,Демидов,1989-03-08,24
1574,Григоренко,Дмитрий,190,2,Новодвинск,1984-06-15,27
1575,Данилян,Андрей,130,3,Кисловодск,1988-05-17,4
1576,Новиков,Антон,280,4,Чехов-8,1986-05-28,63
1577,Пушмина,Светлана,190,1,Кунгур,1983-09-13,60
1578,Кузнецов,Владислав,480,2,Никольское,1983-12-13,68
1579,Гаврилов,Григорий,70,4,Юбилейный,1986-08-14,5
1580,Чернышова,Анастасия,120,1,Гдов,1982-01-27,12
1581,Кунаев,Анатолий,90,4,Нижний Новгород,1987-05-15,61
1582,Величко,Алексей,290,3,Кременки,1984-05-22,80
1583,Махоркина,Наталия,410,2,Комсомольск-на-Амуре,1986-02-14,70
1584,Баразгова,Екатерина,220,2,Кызыл,1980-08-31,88
1585,Беленова,Татьяна,390,1,Зубцов,1988-04-10,34
1586,Кобзева,Татьяна,500,3,Ярославль,1981-09-19,48
1587,Бовыкина,Ангелина,250,4,Бикин,1981-11-17,31
1588,Шесткова,Екатерина,380,2,Ангарск,1980-12-16,1
1589,Смотрова,Наталья,530,3,Первоуральск,1987-02-01,75
1590,Троценко,Елена,240,1,Приморск,1980-08-18,69
1591,Четырева,Надежда,210,4,Черкесск,1981-10-01,32
1592,Березкина,Мария,250,2,Карачаевск,1981-09-10,47
1593,Лобанова,Алина,370,1,Кингисепп,1981-10-15,21
1594,Тарасова,Наталья,140,2,Енисейск,1980-02-26,8
1595,Миронова,Екатерина,230,3,Сусуман,1983-09-17,75
1596,Смагина,Ольга,160,1,Невьянск,1984-06-13,69
1597,Закусилова,Марина,110,1,Ростов,1986-07-18,49
1598,Кудинова,Елена,470,1,Бобров,1989-10-02,98
1599,Киржанова,Елена,250,1,Нижнеудинск,1985-10-23,37
1600,Черников,Вадим,390,4,Юрюзань,1980-06-28,45
1601,Семенихина,Татьяна,380,2,Набережные Челны,1980-02-20,85
1602,Лисовой,Сергей,300,1,Кохма,1983-05-19,59
1603,Горячева,Татьяна,240,2,Первоуральск,1985-09-01,49
1604,Жижина,Олеся,160,3,Тутаев,1985-01-13,93
1605,Игонина,Марина,310,3,Каменск-Уральский,1981-11-27,72
1606,Тюрина,Валерия,540,4,Братск,1981-03-14,52
1607,Столповских,Наталья,170,3,Ужур,1988-09-06,21
1608,Мегрелишвили,Юлия,180,4,Исполиновка,1985-03-27,91
1609,Марчукова,Ольга,260,3,Весьегонск,1985-10-15,22
1610,Богачева,Елена,390,1,Дубовка,1981-06-22,14
1611,Саркисян,Лияна,60,2,Покачи,1986-09-09,25
1612,Голиков,Иван,70,4,Жуков,1980-04-08,68
1613,Грачев,Евгений,170,4,Калач-на-Дону,1985-04-13,48
1614,Головатюк,Иван,340,3,Лосино-Петровский,1987-05-06,47
1615,Аврахова,Мария,80,2,Оханск,1981-04-01,59
1616,Бугакова,Ольга,410,3,Нижняя Тура,1984-09-24,40
1617,Нестерова,Ольга,130,4,Гуково,1984-11-17,62
1618,Смагина,Ольга,430,1,Никифорово,1985-11-25,44
1619,Тропынин,Дмитрий,70,1,Заринск,1988-05-05,82
1620,Елфимова,Наталья,230,1,Калач-на-Дону,1988-12-27,34
1621,Василенко,Наталья,460,3,Череповец,1985-12-05,63
1622,Назарова,Александра,90,4,Ивдель,1989-05-03,69
1623,Мосолова,Елена,520,3,Тосно,1983-09-03,56
1624,Дядченко,Вячеслав,400,1,Байкальск,1982-06-01,56
1625,Даций,Марина,300,4,Шумиха,1987-05-26,56
1626,Литвинов,Виталий,160,1,Белебей,1980-08-16,42
1627,Михайлова,Елена,370,4,Тула,1980-03-19,68
1628,Гамаскова,Екатерина,300,2,Бутурлиновка,1988-03-23,48
1629,Черечукин,Александр,520,3,Краснодар,1984-06-27,10
1630,Горелова,Татьяна,110,4,Воронеж,1988-06-05,88
1631,Елфимова,Наталья,320,4,Волжск,1982-05-17,14
1632,Трубчанинова,Ольга,310,1,Иркутск,1981-01-16,28
1633,Фролова,Ольга,370,1,Ижевск,1980-07-25,87
1634,Наймушин,Илья,280,4,Березники,1988-10-03,48
1635,Лавлинская,Наталья,170,4,Новокузнецк,1983-05-15,45
1636,Павлова,Екатерина,430,2,Костерево,1980-08-12,81
1637,Зиновьева,Вероника,330,3,Среднеуральск,1980-05-30,62
1638,Филиппова,Елена,390,2,Ангарск,1983-01-04,58
1639,Мезенцев,Юрий,340,1,Глазов,1985-01-23,27
1640,Юрченко,Татьяна,500,3,Корсаков,1987-12-23,2
1641,Шокурова,Елена,410,4,Нерчинск,1985-03-30,62
1642,Маркова,Елена,520,2,Кировск,1984-12-07,60
1643,Афанасьева,Анастасия,130,2,Дигора,1982-01-08,63
1644,Прудиус,Александр,540,2,Сковородино,1982-07-13,40
1645,Лавриненко,Ксения,100,3,Билибино,1982-06-20,22
1646,Пузырев,Алексей,390,3,Видное,1981-03-29,89
1647,Щеголеватых,Ирина,200,1,Волгореченск,1983-12-08,73
1648,Филькин,Андрей,400,1,Кирсанов,1981-02-15,49
1649,Бердников,Роман,330,4,Алагир,1985-08-06,46
1650,Жученко,Екатерина,500,2,Березовский,1983-03-24,36
1651,Сергачев,Павел,160,4,Александровск,1983-03-27,33
1652,Бердников,Роман,50,2,Камышлов,1982-11-02,27
1653,Символокова,Ирина,140,2,Снежногорск,1982-06-03,95
1654,Дрозденко,Елена,180,4,Горнозаводск,1989-04-22,16
1655,Емец,Дарья,340,3,Нолинск,1986-12-20,16
1656,Пожидаева,Екатерина,400,1,Сызрань,1985-06-11,68
1657,Ваулин,Сергей,420,3,Камбарка,1981-09-29,60
1658,Кобцев,Артем,360,1,Суджа,1980-09-24,59
1659,Образцова,Елена,530,4,Лиски,1984-10-28,97
1660,Символокова,Ирина,190,3,Кадников,1982-03-21,30
1661,Морозов,Николай,330,3,Сорочинск,1981-10-15,59
1662,Труш,Сергей,350,2,Сходня,1985-05-03,30
1663,Ненахова,Марина,460,2,Пыть-Ях,1987-05-16,6
1664,Успенский,Алексей,270,1,Верхо-Пуя,1980-02-24,12
1665,Савельев,Константин,510,3,Вольск,1985-08-18,31
1666,Свиридова,Елизавета,180,4,Ржев,1986-10-07,7
1667,Завязкин,Александр,460,2,Кисловодск,1981-05-06,23
1668,Крячко,Антон,320,3,Нижнеудинск,1983-02-28,46
1669,Анисимов,Сергей,270,3,Павловский Посад,1981-09-29,48
1670,Халанская,Дарья,140,1,Еланцы,1988-11-12,13
1671,Буланов,Сергей,480,4,Островной,1981-02-16,95
1672,Шаповал,Владимир,200,1,Култук,1986-06-18,46
1673,Лозовский,Владислав,340,3,Павловск,1989-12-27,98
1674,Константинова,Людмила,160,3,Мончегорск,1987-09-14,75
1675,Яценко,Евгения,100,2,Сальск,1988-03-11,83
1676,Юрьева,Наталия,310,4,Сафоново,1980-07-25,30
1677,Жирякова,Анастасия,530,2,Алексин,1986-02-27,26
1678,Добросоцкая,Ирина,480,2,Беломорск,1986-01-04,30
1679,Болотова,Елена,330,2,Новороссийск,1982-09-08,61
1680,Полянская,Елена,220,4,Пошехонье,1986-01-31,49
1681,Жувако,Юлия,540,2,Орел,1980-06-05,84
1682,Хачатурян,Роман,100,4,Черепаново,1987-05-27,14
1683,Трещалина,Татьяна,370,2,Комсомольск,1983-11-20,63
1684,Гудкова,Алевтина,380,1,Отрадный,1982-12-24,77
1685,Кутепов,Сергей,160,4,Тара,1987-09-28,1
1686,Рыженина,Ирина,130,3,Похвистнево,1980-03-20,21
1687,Ненашева,Юлия,100,3,Дубна,1988-10-08,22
1688,Тимофеенко,Егор,260,1,Болотное,1980-03-12,33
1689,Журавлева,Татьяна,280,1,Белоярский,1980-08-19,4
1690,Белявцев,Иван,170,2,Белый,1983-04-18,10
1691,Любарский,Алексей,300,2,Пасьва,1980-05-29,53
1692,Журбина,Ольга,90,2,Бабушкин,1984-06-11,45
1693,Образцова,Елена,220,2,Белев,1987-04-26,92
1694,Махнюк,Наталья,290,4,Горбатов,1988-08-17,64
1695,Авилов,Дмитрий,220,1,Нягань,1980-04-28,73
1696,Голубых,Светлана,240,4,Дзержинск,1989-02-14,95
1697,Кукель,Наталья,50,1,Малая Вишера,1980-09-23,47
1698,Рахманин,Игорь,420,3,Пасьва,1988-01-30,83
1699,Гаврилова,Марина,160,1,Шокша,1981-09-16,66
1700,Федоровский,Евгений,230,3,Заволжск,1986-12-27,87
1701,Виноградов,Павел,100,3,Щекино,1986-03-27,75
1702,Пономарев,Геннадий,370,1,Суворов,1984-02-24,27
1703,Миронова,Наталья,440,3,Ачинск,1982-07-11,27
1704,Тупилин,Вадим,110,1,Хотьково,1982-09-06,15
1705,Гаркуша,Виктория,200,3,Велиж,1988-09-23,12
1706,Акиньшин,Алексей,150,2,Сызрань,1987-01-21,44
1707,Склярова,Марина,120,2,Алексин,1980-05-04,50
1708,Горожанкин,Виталий,360,4,Семикаракорск,1983-09-21,45
1709,Шибалкин,Дмитрий,440,4,Черняховск,1981-11-20,49
1710,Канин,Артем,60,1,Злынка,1983-01-10,85
1711,Леонов,Роман,260,3,Зубцов,1983-01-12,49
1712,Тафинцева,Мария,510,2,Озеры,1981-01-09,55
1713,Ахромеева,Марина,470,3,Бобров,,92
1714,Зотова,Антонина,440,1,Усть-Лабинск,1981-01-23,36
1715,Колесникова,Евгения,180,3,Невель,1982-03-08,8
1716,Лопатин,Андрей,240,4,Кулой,1982-07-23,42
1717,Сафонов,Александр,140,1,Важская Запань,1986-05-14,87
1718,Кочелягин,Николай,220,4,Льгов,1988-02-17,48
1719,Бучнев,Евгений,270,2,Выкса,1988-03-30,14
1720,Алиев,Роман,410,2,Терек,1986-03-25,27
1721,Воронин,Сергей,340,4,Мамоново,1980-08-29,24
1722,Воронина,Ольга,90,4,Красноярск,1985-01-16,63
1723,Бавыкина,Анна,150,4,Нерехта,1989-05-02,25
1724,Колгина,Наталья,500,3,Слободской,1980-08-06,32
1725,Щербакова,Наталья,160,3,Нурлат,1988-03-31,40
1726,Ярмошевич,Екатерина,510,4,Суровикино,1987-11-12,35
1727,Гармонщикова,Оксана,400,2,Подпорожье,1987-10-06,58
1728,Лалаев,Александр,310,1,Чехов-7,1984-06-21,63
1729,Ижогин,Дмитрий,400,4,Кизел,1987-01-05,81
1730,Лопатина,Татьяна,250,1,Белая Калитва,1982-04-12,98
1731,Махсудян,Айарпи,420,2,Киселевск,1981-02-07,11
1732,Доманина,Юлия,80,1,Пенза,1989-01-28,68
1733,Ерцев,Геннадий,360,3,Моздок,1987-06-28,78
1734,Погорельский,Вячеслав,350,4,Обнинск,1980-08-23,58
1735,Жосан,Андрей,510,2,Нязепетровск,1986-12-07,48
1736,Зверева,Надежда,450,2,Кропоткин,1988-10-11,28
1737,Токарев,Игорь,510,2,Чермоз,1980-12-14,43
1738,Воробьев,Владимир,410,4,Борисоглебск,1984-03-04,71
1739,Бондаренко,Андрей,210,4,Верхняя Пышма,1983-02-06,29
1740,Галкин,Павел,450,2,Салават,1989-01-02,6
1741,Тишкова,Наталья,60,1,Волгоград,1983-06-13,16
1742,Соколов,Сергей,60,2,Артемовский,1985-01-14,69
1743,Москаленко,Андрей,510,3,Никольское,1987-07-14,38
1744,Богданов,Дмитрий,60,2,Красная Горбатка,1982-07-01,64
1745,Королькова,Наталья,470,1,Грязовец,1981-04-20,98
1746,Манылова,Людмила,540,1,Лянтор,1985-09-23,33
1747,Терещенко,Дарья,160,4,Чаплыгин,1984-07-13,50
1748,Бирюкова,Ольга,190,2,Усолье,1987-05-17,32
1749,Шипилова,Людмила,250,2,Железногорск,1986-01-14,64
1750,Шашукова,Виктория,460,1,Терек,1985-07-22,2
1751,Аксенов,Олег,270,2,Иланский,1986-08-01,55
1752,Гарифулин,Александр,120,1,Уссурийск,1983-04-14,64
1753,Исаенко,Ирина,480,4,Киров,1989-03-13,22
1754,Кашин,Игорь,190,2,Ревда,1986-08-11,12
1755,Махнюк,Наталья,400,2,Бузулук,1983-07-17,6
1756,Тюнина,Татьяна,180,1,Яровое,1984-01-03,37
1757,Гальмук,Анна,420,4,Очер,1980-01-10,70
1758,Фалева,Оксана,530,2,Кореновск,1984-01-05,76
1759,Лесных,Илья,490,1,Хужир,1983-04-15,74
1760,Галанина,Анастасия,210,4,Коммунар,1987-10-24,76
1761,Шмитков,Алексей,140,3,Красноармейск,1981-06-10,96
1762,Аникеева,Оксана,230,4,Карачаевск,1987-11-03,43
1763,Кастырин,Александр,490,1,Нерюнгри,1980-09-15,40
1764,Славецкая,Ксения,290,1,Заводоуковск,1989-01-18,3
1765,Щеглова,Евгения,80,3,Заринск,1982-05-26,80
1766,Минакова,Ольга,540,2,Новозыбков,1986-07-15,12
1767,Колесников,Алекей,480,3,Мамадыш,1984-01-26,12
1768,Хромова,Клавдия,340,4,Малгобек,1987-01-24,41
1769,Степанов,Григорий,250,4,Котельниково,1986-12-01,3
1770,Паршутин,Евгений,420,3,Кириши,1984-02-20,83
1771,Жуков,Александр,240,2,Курск,1980-09-01,86
1772,Рубцова,Екатерина,120,1,Нижний Тагил,1981-02-07,35
1773,Боев,Павел,430,4,Агрыз,1982-12-04,88
1774,Созонова,Екатерина,350,1,Трехгорный,1986-03-22,90
1775,Криворучко,Владимир,330,3,Льгов,1985-10-14,8
1776,Бабурин,Игорь,290,2,Уфа,1982-03-23,59
1777,Воротягин,Владимир,90,3,Курганинск,1986-03-28,45
1778,Юсупов,Алишер,250,3,Алдан,1981-11-07,5
1779,Перетятько,Антонина,480,2,Зеленодольск,1981-11-17,29
1780,Шевелюхин,Александр,280,2,Суровикино,1985-11-20,20
1781,Кондратьев,Станислав,190,2,Советск,1987-10-13,23
1782,Болотова,Надежда,540,3,Чаплыгин,1981-05-21,32
1783,Степанищева,Светлана,480,4,Ставрополь,1987-01-05,38
1784,Хлопонин,Сергей,60,3,Гремячинск,1981-03-25,90
1785,Головина,Любовь,490,3,Жуков,1984-06-01,61
1786,Воронько,Елена,130,3,Валдай,1982-07-15,65
1787,Шестых,Алексей,220,4,Норильск,1984-06-17,85
1788,Лисовой,Сергей,160,3,Бодайбо,1985-09-01,15
1789,Семейкина,Светлана,60,3,Оса,1986-05-11,91
1790,Замятина,Наталия,300,1,Черемхово,1989-06-08,19
1791,Замятина,Наталия,230,4,Ладушкин,1987-06-28,15
1792,Сысоева,Оксана,300,3,Верхнеуральск,1985-12-15,84
1793,Болдырев,Дмитрий,510,2,Прокопьевск,1986-09-24,66
1794,Бирюкова,Ольга,240,1,Кунгур,1982-03-02,75
1795,Еремеева,Маргарита,210,3,Реж,1986-03-21,92
1796,Пожидаева,Ольга,280,3,Котельнич,1989-03-11,66
1797,Мусич,Дмитрий,370,1,Нижневартовск,1981-02-15,92
1798,Труфанова,Ольга,120,3,Вологда,1986-06-06,34
1799,Моргунова,Валентина,110,4,Елабуга,1985-09-02,96
1800,Трубецких,Александр,240,4,Камызяк,1980-01-01,41
1801,Золотарев,Павел,290,2,Спас-Деменск,1987-09-06,59
1802,Дядькин,Вадим,230,3,Тверь,1985-12-11,28
1803,Воротягин,Владимир,420,3,Хасавюрт,1986-10-01,92
1804,Лавлинский,Александр,130,4,Красноуральск,1982-04-26,67
1805,Перетятько,Антонина,370,3,Киренск,1980-09-08,73
1806,Коноплева,Елена,220,1,Гороховец,1982-02-25,52
1807,Медведчук,Иван,190,3,Сретенск,1984-05-31,13
698,Афанасьева,Татьяна,60,1,Фокино,1985-10-24,73
699,Трунтаев,Павел,100,2,Барабинск,1983-04-03,71
700,Кулыгина,Галина,390,3,Кронштадт,1982-12-23,73
701,Стрыгина,Елена,430,3,Волгореченск,1986-09-07,31
702,Назарова,Александра,100,4,Сурск,1985-03-03,16
703,Гулий,Михаил,490,2,Реж,1982-06-07,4
704,Косяков,Андрей,230,4,Оса,1981-01-10,39
705,Рогачева,Антонина,320,4,Грязовец,1988-06-17,43
706,Демиденко,Инна,130,1,Онега,1985-05-25,33
707,Романов,Дмитрий,290,4,Пятигорск,1988-07-20,50
708,Дурова,Елена,60,4,Петушки,1988-02-16,64
709,Анучина,Наталья,100,3,Лабытнанги,1984-03-08,76
710,Безручко,Оксана,80,3,Кувандык,1983-11-07,38
711,Черненко,Леонид,340,1,Качканар,1984-03-01,31
712,Сурова,Ирина,350,3,Узловая,1983-05-27,93
713,Швецова,Екатерина,470,3,Морозовск,1988-11-23,51
714,Мартышов,Евгений,80,4,Железноводск,1980-08-22,22
715,Зотов,Сергей,110,2,Балашиха,1981-08-01,57
716,Арсенова,Ирина,250,2,Вилюйск,1984-09-09,58
717,Пономарева,Анна,100,1,Кисловодск,1980-09-19,52
718,Калачева,Мария,170,3,Североморск,1988-03-25,41
719,Миронова,Анна,240,1,Рязань,1980-04-03,45
720,Чирков,Александр,440,3,Бузулук,1982-04-18,73
721,Илларинов,Алексей,110,4,Шарья,1983-10-21,43
722,Белозерцева,Ирина,320,4,Новая Ляля,1988-05-02,71
723,Шилина,Ольга,230,3,Боготол,1980-07-09,50
724,Сафонова,Елена,110,3,Козельск,1984-07-27,76
725,Домарева,Наталья,190,3,Долматово,1980-10-23,43
726,Синеокова,Ирина,100,1,Котельниково,1985-11-14,95
727,Минакова,Наталья,410,3,Киржач,1982-12-13,70
728,Лавлинская,Юлия,110,1,Наро-Фоминск,1981-07-17,66
729,Квасова,Марина,520,2,Елизово,1985-03-06,72
730,Дорохина,Елена,400,1,Улан-Удэ,1982-06-15,14
731,Шайда,Владислав,420,2,Тольятти,1984-12-29,69
732,Даньшина,Юлия,190,3,Малоярославец,1985-01-09,66
733,Гудков,Вячеслав,280,3,Тара,1986-05-01,83
734,Ашуркова,Екатерина,480,3,Вуктыл,1984-02-16,91
735,Бабенко,Антон,480,4,Междуреченск,1989-03-08,9
736,Штроо,Антон,180,2,Североморск,1986-06-27,40
737,Проскуряков,Александр,80,4,Ухта,1983-03-04,30
738,Кудаев,Вадим,360,4,Советская Гавань,1980-10-22,9
739,Сморчкова,Елена,480,3,Гороховец,1989-07-27,1
740,Бузуверова,Яна,190,2,Светогорск,1986-02-14,94
741,Глазкова,Ольга,440,2,Арамиль,1983-11-21,43
742,Тихоненко,Сергей,270,2,Гатчина,1987-03-04,34
743,Сергеева,Евгения,360,2,Оренбург,1985-08-19,21
744,Кривушина,Оксана,530,4,Исполиновка,1989-04-13,82
745,Рязанцев,Максим,400,2,Урай,1982-07-17,22
746,Богданова,Ольга,210,3,Лениногорск,1987-05-30,66
747,Евтушенко,Ксения,120,1,Чердынь,1985-05-18,34
748,Змаева,Светлана,130,2,Спас-Клепики,1988-11-14,76
749,Орлова,Елена,530,4,Кузнецк,1985-05-09,54
750,Стрельников,Виталий,180,3,Ржев,1988-08-25,23
751,Герасимова,Татьяна,300,3,Зверево,1981-11-15,25
752,Вобликова,Наталья,430,3,Новосокольники,1984-10-13,66
753,Сушков,Александр,260,3,Трубчевск,1982-03-31,14
754,Шарыкин,Антон,390,4,Сортавала,1980-06-01,35
755,Косарева,Юлия,190,1,Зея,1989-11-04,42
756,Пустовалов,Алексей,180,1,Белоярский,1983-12-09,31
757,Паршина,Екатерина,60,3,Тосно,1981-07-08,15
758,Якушева,Юлия,260,1,Волгодонск,1989-12-04,14
759,Ефимов,Роман,100,2,Когалым,1981-09-19,94
760,Шепелева,Ирина,520,2,Обоянь,1987-02-07,47
761,Мельченко,Евгения,90,3,Константиновск,1988-03-01,21
762,Барбашинов,Андрей,290,3,Одинцово,1985-09-02,76
763,Страдомская,Мария,320,1,Суворов,1984-08-03,56
764,Студеникина,Юлия,420,1,Гороховец,1980-12-28,71
765,Ефимова,Мария,140,1,Елабуга,1988-11-10,26
766,Куликова,Екатерина,280,3,Югорск,1983-12-19,56
767,Капкаева,Оксана,500,4,Кулебаки,1982-08-20,67
768,Тимашов,Дмитрий,180,3,Новый Уренгой,1986-10-15,93
769,Древаль,Дмитрий,190,1,Починок,1988-12-08,62
770,Мироненко,Наталья,260,3,Сортавала,1985-12-13,28
771,Пешков,Сергей,540,4,Глазов,1981-05-23,48
772,Янущик,Элина,180,3,Сходня,1988-09-12,33
773,Анищенко,Екатерина,160,3,Баксан,1989-06-25,5
774,Берестовая,Екатерина,440,4,Ковылкино,1984-11-05,24
775,Чулков,Александр,90,2,Петушки,1983-04-29,51
776,Максимова,Галина,510,3,Горнозаводск,1988-08-06,54
777,Шехавцов,Сергей,540,3,Октябрьск,1984-12-03,69
778,Нечипоренко,Александр,240,1,Биробиджан,1985-10-02,35
779,Логачева,Евгения,190,1,Сарс,1986-04-29,22
780,Пономарева,Татьяна,360,2,Еманжелинск,1985-05-07,12
781,Разуменко,Алексей,540,1,Белоусово,1984-02-04,39
782,Сложеницына,Елена,320,3,Очер,1982-12-02,6
783,Гапоненко,Юлия,150,4,Дрезна,1989-05-15,47
784,Тюмин,Сергей,380,4,Миасс,1989-12-08,42
785,Лисовой,Сергей,320,1,Белово,1980-04-14,46
786,Шевцов,Владимир,250,1,Мамадыш,1981-10-07,71
787,Ивлева,Татьяна,350,3,Белозерск,1982-01-10,10
788,Пупавцева,Людмила,400,3,Волжск,1980-01-11,62
789,Свиридова,Елена,190,1,Петровск-Забайкальский,1988-03-05,9
790,Мартынцова,Наталия,120,1,Пугачев,1985-07-15,3
791,Курлыкина,Елена,320,2,Новоржев,1987-01-31,74
792,Фомин,Сергей,380,2,Теберда,1989-11-19,65
793,Хрипушина,Ольга,520,2,Калач-на-Дону,1988-03-18,91
794,Кривцов,Андрей,180,4,Усть-Лабинск,1988-12-02,44
795,Ожерельев,Сергей,90,3,Анадырь,1988-01-06,77
796,Литвинов,Николай,110,3,Свердловск-45,1984-07-11,2
797,Орлов,Дмитрий,100,4,Плес,1981-04-16,54
798,Астахов,Геннадий,160,2,Зеленоградск,1983-06-20,85
799,Копылова,Ирина,240,4,Шарья,1985-05-31,2
800,Крылова,Ирина,440,3,Верхняя Тура,1988-11-14,79
801,Носков,Максим,310,4,Саров,1989-04-12,78
802,Ляшенко,Александр,290,2,Буйнакск,1982-02-18,70
803,Стародубцев,Максим,170,2,Новомосковск,1989-03-28,34
804,Вичина,Татьяна,210,2,Новоржев,1985-10-21,58
805,Терехов,Александр,160,3,Микунь,1989-06-03,14
806,Волков,Максим,220,4,Смоленск,1982-11-18,50
807,Самойлов,Алексей,520,1,Питкяранта,1986-01-04,79
808,Попова,Екатерина,420,1,Мелединская,1988-12-18,75
809,Железнюк,Антон,440,1,Павловский Посад,1982-11-17,79
810,Солодовникова,Марина,520,3,Тверь,1983-07-26,43
811,Малеев,Денис,140,4,Владикавказ,1982-09-04,41
812,Данилян,Андрей,220,1,Красногорск,1989-01-31,55
813,Макунин,Максим,500,2,Чита-47,1980-08-02,97
814,Лынов,Павел,110,2,Судрома,1983-01-06,39
815,Чулков,Александр,230,4,Великие Луки,1981-05-31,92
816,Суханов,Юрий,200,1,Приморск,1984-10-17,94
817,Кириллина,Валерия,400,4,Грязи,1981-10-25,62
818,Дунаев,Сергей,150,1,Белокуриха,1985-08-20,73
819,Патрин,Михаил,350,1,Балей,1982-01-22,41
820,Кулик,Андрей,60,1,Сергач,1981-08-09,9
821,Уразов,Евгений,110,4,Чехов-2,1983-05-23,45
822,Стеценко,Андрей,530,4,Сарс,1989-05-28,54
823,Захарова,Елена,170,4,Фролово,1981-05-10,3
824,Проскуряков,Роман,360,4,Юрьев-Польский,1985-02-02,82
825,Киселев,Виталий,190,3,Киреевск,1980-01-17,32
826,Тябот,Евгений,120,4,Кимовск,1989-07-21,20
827,Кочнева,Ирина,330,2,Торопец,1980-10-15,80
828,Лебедев,Сергей,50,1,Павловск,1986-12-09,73
829,Крупник,Сергей,50,3,Альметьевск,1988-11-19,7
830,Чичеров,Евгений,220,1,Лебедянь,1982-10-24,50
831,Сафонов,Антон,150,3,Туапсе,1987-03-13,4
832,Пурескин,Илья,370,3,Копейск,1984-11-09,61
833,Шадчнев,Евгений,250,4,Сосновка,1983-06-28,32
834,Шрамченко,Юрий,210,1,Чистополь,1989-07-17,87
835,Черницын,Дмитрий,160,1,Дербент,1982-11-25,49
836,Киселев,Виталий,480,2,Кирово-Чепецк,1980-01-11,15
837,Кошелев,Александр,360,3,Ногинск,1985-06-10,10
838,Ланин,Антоний,410,1,Березовский,1983-09-06,4
839,Князев,Андрей,120,3,Гурьевск,1984-07-01,89
840,Скориданов,Александр,270,1,Ногинск,1988-02-26,52
841,Пономаренко,Елена,530,2,Чкаловск,1984-01-06,4
842,Просветов,Вадим,520,3,Сортавала,1982-08-26,30
843,Новиков,Андрей,130,4,Клин,1982-03-12,16
844,Шульга,Николай,260,1,Нелидово,1982-09-24,6
845,Пчелинцев,Евгений,60,4,Углич,1986-10-01,64
846,Кузнецова,Евгения,480,3,Кудымкар,1982-04-28,67
847,Аленин,Алексей,220,4,Луза,1983-09-05,22
848,Слаутинский,Денис,490,3,Унеча,1981-07-15,8
849,Багаев,Евгений,280,3,Бутурлиновка,1986-07-09,96
850,Смирнов,Александр,140,3,Каменногорск,1984-03-09,3
851,Гребенюк,Антон,400,4,Новохоперск,1989-06-22,77
852,Косинов,Дмитрий,510,3,Кизляр,1980-02-05,64
853,Косяков,Виталий,400,2,Суздаль,1983-01-09,36
854,Гужвин,Григорий,510,3,Апрелевка,1984-08-27,8
855,Тестов,Дмитрий,210,4,Великое,1988-10-31,1
856,Бурдина,Наталья,60,3,Семенов,1988-01-22,91
857,Глебов,Александр,380,1,Шагонар,1989-02-23,46
858,Неделин,Даниил,200,3,Нижний Тагил,1988-10-30,23
859,Гонтарь,Владимир,530,4,Горняк,1987-12-10,12
860,Лаврова,Татьяна,280,1,Стародуб,1987-03-12,19
861,Башканова,Наталия,160,4,Мензелинск,1985-03-27,57
862,Корчагин,Александр,510,3,Кохма,1983-08-06,18
863,Уграицкая,Наталья,400,3,Юрюзань,1984-09-09,46
864,Шубин,Дмитрий,450,4,Оханск,1981-12-31,84
865,Бунина,Вера,500,4,Ставрополь,1986-08-16,87
866,Костенко,Максим,130,2,Ленск,1987-04-23,1
867,Попова,Татьяна,430,1,Ключи,1986-08-29,34
868,Бердникова,Екатерина,210,4,Данков,1986-08-13,98
869,Чурсина,Наталия,210,1,Артемовский,1982-07-18,22
870,Крамаренко,Илья,500,1,Анива,1986-01-24,18
871,Красножон,Андрей,330,1,Закаменск,1981-08-17,90
872,Обризанова,Вера,440,1,Луговский,1984-02-04,18
873,Рязанцева,Олеся,200,3,Зерноград,1986-09-22,53
874,Гончаров,Денис,250,4,Салаир,1988-09-18,51
875,Митин,Илья,190,1,Волгодонск,1982-03-13,68
876,Белоусова,Эльвира,280,4,Дзержинск,1986-07-25,69
877,Ломакина,Светлана,160,1,Шилка,1982-10-21,9
878,Назарьев,Александр,330,2,Стародуб,1985-08-21,30
879,Николаенко,Ирина,520,3,Междуреченск,1988-11-19,68
880,Сушкова,Ирина,420,2,Нязепетровск,1987-06-30,40
881,Бушмин,Михаил,380,2,Тамбов,1989-11-12,97
882,Черепнина,Юлия,100,1,Мантурово,1988-06-23,86
883,Глушенкова,Юлия,340,3,Аргуновский,1988-05-07,13
884,Новичихин,Евгений,80,2,Белокуриха,1989-07-29,81
885,Панкова,Марина,150,3,Медногорск,1986-03-26,77
886,Латкина,Юлия,290,4,Верея,1980-10-19,43
887,Попова,Дарья,510,1,Воскресенск,1985-11-19,16
888,Хусаинова,Ирина,400,4,Нерюнгри,1984-04-21,22
889,Глаэырина,Галина,300,2,Бодайбо,1981-10-28,5
890,Древаль,Светлана,110,2,Хасавюрт,1981-11-30,95
891,Голощапов,Дмитрий,500,4,Лахденпохья,1984-01-24,21
892,Быков,Роман,110,2,Киржач,1981-11-29,70
893,Лачугина,Ольга,380,1,Новохоперск,1982-03-07,24
894,Пронин,Сергей,520,4,Вологда,1988-10-21,49
895,Гладких,Максим,360,3,Фокино,1981-08-15,76
896,Захаров,Роман,340,3,Завитинск,1982-09-21,78
897,Меланьина,Ольга,200,4,Североуральск,1989-07-20,29
898,Покидышева,Елена,450,1,Покачи,1983-06-09,98
899,Воронцев,Андрей,480,4,Красногорск,1989-05-10,83
900,Попов,Максим,90,4,Кушва,1983-06-29,67
901,Зеленин,Константин,230,3,Костерево,1989-01-10,69
902,Макарова,Светлана,200,1,Ключи,1985-04-04,71
903,Гусева,Маргарита,50,1,Светогорск,1982-04-05,18
904,Шишов,Павел,190,1,Бакал,1984-11-13,41
905,Прядкин,Александр,210,2,Сафоново,1980-03-10,9
906,Караваева,Елена,290,1,Советск,1981-05-23,83
907,Капранчикова,Оксана,190,4,Мариинск,1989-07-06,25
908,Козлова,Елена,320,1,Щекино,1988-07-15,60
909,Свешникова,Светлана,520,3,Нижние Серги,1987-03-26,38
910,Волков,Илья,500,4,Оса,1989-02-28,61
911,Арсентьева,Елена,260,4,Суздаль,1986-10-17,44
912,Перьков,Юрий,350,3,Серов,1985-03-09,38
913,Стародубцев,Константин,330,2,Солга,1983-02-05,30
914,Авдеев,Максим,230,1,Октябрьский,1988-06-24,30
915,Филиппова,Татьяна,90,1,Острогожск,1987-04-12,90
916,Шуваева,Юлия,100,1,Куса,1986-10-17,71
917,Золотарев,Дмитрий,520,1,Гаврилов Посад,1985-06-14,61
918,Муконина,Ольга,280,1,Красноуфимск,1983-10-05,87
919,Глазунова,Анна,90,4,Тобольск,1980-11-20,24
920,Нецепляев,Сергей,240,3,Абинск,1989-06-24,29
921,Денисова,Анна,540,4,Луговский,1985-02-13,44
922,Назарьева,Наталья,90,4,Олонец,1987-11-13,5
923,Суркова,Екатерина,420,1,Инсар,1983-04-01,58
924,Чернышова,Елена,100,2,Великое,1985-05-12,72
925,Шабунина,Екатерина,470,4,Фокино,1989-11-05,57
926,Савченко,Юлия,180,3,Минеральные Воды,1982-11-11,4
927,Федоров,Виктор,170,2,Макушино,1988-10-03,22
928,Лебедева,Анна,310,1,Котовск,1984-08-07,53
929,Тутов,Евгений,160,2,Дятьково,1988-11-24,47
930,Лихацких,Надежда,410,1,Новосиль,1984-11-06,46
931,Зуева,Алина,410,1,Находка,1984-05-11,43
932,Попова,Ирина,350,1,Агинское,1981-03-19,35
933,Жиляева,Юлия,450,1,Биробиджан,1986-06-22,60
934,Сергеев,Сергей,400,2,Вязьма,1982-11-21,90
935,Молокова,Оксана,190,2,Николаевск,1983-04-17,35
936,Мысков,Евгений,180,3,Дно,1988-09-18,22
937,Клочков,Павел,270,3,Ногинск,1984-05-08,10
938,Жидов,Юрий,310,1,Буинск,1984-03-10,28
939,Аникеев,Вячеслав,360,3,Шацк,1980-07-14,12
940,Липатова,Алла,220,4,Новосокольники,1984-04-06,3
941,Роев,Дмитрий,180,1,Реутов,1986-10-22,3
942,Анохин,Роман,260,2,Чкаловск,1980-07-05,90
943,Баранов,Евгений,300,2,Орел,1984-03-05,36
944,Мельченко,Евгения,230,3,Бор,1982-04-03,30
945,Ковалева,Ольга,370,1,Купино,1983-03-27,66
946,Арнаутов,Евгений,50,2,Тольятти,1983-01-28,4
947,Лунина,Анна,200,3,Новошахтинск,1989-05-20,9
948,Гулевская,Мария,430,1,Красное Село,1981-02-19,1
949,Талдыкина,Наталья,180,4,Кашира,1986-05-26,61
950,Подгорова,Елена,90,1,Кирс,1985-11-17,16
951,Гуц,Светлана,460,2,Нея,1984-03-31,25
952,Колядинцев,Денис,280,3,Спас-Деменск,1989-05-31,8
953,Пивоваров,Кирилл,140,2,Ханты-Мансийск,1986-11-23,62
954,Бобрякова,Ольга,460,1,Азнакаево,1989-09-04,29
955,Вязова,Дарья,320,1,Георгиевск,1989-02-16,79
956,Букреев,Виктор,70,3,Красноуральск,1989-06-25,76
957,Перов,Олег,470,4,Тавда,1986-08-28,53
958,Квашнин,Алексей,380,4,Дагестанские Огни,1981-07-24,33
959,Борзенков,Николай,170,3,Отрадное,1983-11-25,80
960,Шаров,Алексей,260,2,Светлоград,1980-05-17,5
961,Марченко,Дмитрий,350,2,Карачев,1987-02-02,54
962,Колдаева,Елена,60,3,Старица,1987-05-18,72
963,Медведева,Наталья,430,2,Туймазы,1989-07-20,9
964,Япрынцев,Александр,230,3,Миньяр,1983-01-01,72
965,Сенчищев,Евгений,450,3,Идрица,1989-09-25,89
966,Бражников,Александр,180,4,Троицк,1986-12-29,46
967,Николаев,Роман,110,3,Дальнереченск,1983-08-28,31
968,Лустина,Людмила,440,4,Шенкурск,1984-01-16,94
969,Лузганов,Андрей,480,1,Руза,1989-12-13,64
970,Криль,Наталья,,4,Белово,1984-07-18,1
971,Шеменева,Татьяна,280,3,Тотьма,1981-02-22,57
972,Дудецкая,Галина,50,3,Витимский,1986-12-29,24
973,Баутина,Наталья,430,4,Курганинск,1986-08-01,89
974,Гудкова,Наталия,360,3,Хужир,1988-09-03,46
975,Великородный,Алексей,220,4,Сланцы,1984-11-04,11
976,Филиппова,Татьяна,160,4,Добрянка,1981-07-07,25
977,Иноземцева,Ирина,450,3,Новый Оскол,1983-02-01,2
978,Кипрушева,Наталия,400,1,Ленск,1980-01-15,49
979,Быкова,Людмила,290,4,Сольвычегодск,1982-05-03,13
980,Борисов,Евгений,420,1,Дмитров,1984-08-26,93
981,Дремова,Елена,370,3,Абакан,1988-01-27,45
982,Гондарев,Владимир,550,1,Югорск,1985-11-22,43
983,Кузнецова,Елена,100,2,,1988-05-31,47
984,Маслов,Павел,130,1,Брянск,1980-01-31,82
985,Родионов,Станислав,540,1,Аша,1985-10-08,25
986,Комаров,Никита,120,1,Николаевск,1984-03-25,73
987,Тимохина,Татьяна,70,1,Березовский,1984-11-20,37
988,Гуровская,Наталья,100,1,Михайловск,1983-11-13,41
989,Боярская,Ирина,200,1,Чайковский,1989-04-17,42
990,Ледовских,Марина,440,4,Йошкар-ола,1982-02-12,83
991,Буслов,Евгений,420,1,,1981-11-14,34
992,Щербакова,Наталья,240,2,Медвежьегорск,1987-12-03,9
993,Константинова,Татьяна,410,3,Элиста,1982-04-25,71
994,Холодова,Светлана,280,1,Карачаевск,1985-10-03,80
995,Рожков,Николай,350,1,Шестаково,1987-05-14,30
996,Холкина,Анастасия,440,2,Нариманов,1984-09-24,11
997,Калугина,Надежда,340,2,Видное,1986-12-14,44
998,Мишустин,Олег,320,2,Назрань,1982-01-06,53
999,Толоконникова,Елена,160,4,Мама,1984-04-24,21
1000,Борисов,Дмитрий,390,1,Георгиевск,1989-05-22,28
1001,Мешков,Максим,360,4,Тетюши,1988-07-05,42
1002,Узберг,Инна,240,3,Семикаракорск,1983-10-19,39
1003,Кузнецов,Сергей,380,3,Владивосток,1986-10-12,92
1004,Афиногенова,Алена,140,4,Моршанск,1987-08-24,63
1005,Уколова,Ирина,370,3,Лысьва,1989-11-20,27
1006,Морозова,Елена,460,1,Шатура,1984-02-03,46
1007,Богданова,Елена,330,4,Кондрово,1989-08-22,8
1008,Пехтерева,Надежда,370,1,Горно-Алтайск,1980-12-06,18
1009,Тюленева,Юлия,150,1,Сусуман,1981-03-28,39
1010,Данилова,Анна,430,4,Уварово,1986-01-19,78
1011,Сигова,Ирина,110,3,Артемовск,1988-04-24,4
1012,Калугина,Ирина,440,2,Нижний Тагил,1982-01-18,37
1013,Белокрылова,Светлана,350,3,Каргат,1982-10-02,66
1014,Супонева,Людмила,140,4,Лангепас,1988-12-10,35
1015,Глазова,Юлия,470,2,Семенов,1987-11-14,44
1016,Ягнина,Елена,270,3,Севск,1987-08-09,13
1017,Смирнова,Наталия,90,4,Березовский,1981-02-25,55
1018,Болтнев,Роман,510,1,Ливны,1982-04-23,62
1019,Зверев,Сергей,400,3,Вытегра,1983-03-19,85
1020,Турыгина,Нина,530,2,Череповец,1985-09-30,33
1021,Плаксин,Никита,290,3,Островной,1982-09-28,94
1022,Неделин,Даниил,120,3,Уржум,1983-02-27,3
1023,Лебедева,Елена,220,3,Жигулевск,1984-07-12,33
1024,Суханова,Анна,420,3,Шумиха,1980-04-20,26
1025,Кулакова,Оксана,140,3,Туапсе,1988-07-19,36
1026,Чернухина,Ольга,260,3,Островной,1983-08-17,43
1027,Колесникова,Инна,90,4,Белоусово,1984-10-04,6
1028,Мишакина,Ирина,250,1,Карпинск,1984-12-10,35
1029,Бабичева,Екатерина,300,1,Белокуриха,1989-07-16,97
1030,Тарнакин,Максим,310,4,Козельск,1988-10-18,72
1031,Кузнецов,Сергей,170,4,Видное,1988-04-01,48
1032,Иванова,Ирина,330,4,Мензелинск,1983-06-25,18
1033,Проскуряков,Андрей,340,1,Дальнегорск,1982-04-30,77
1034,Иванченко,Андрей,330,4,Алзамай,1987-03-09,5
1035,Мякинина,Ирина,430,4,Вяземский,1982-05-31,49
1036,Калинина,Ирина,70,2,Белая Холуница,1984-10-18,66
1037,Таранков,Николай,400,1,Каргополь,1988-05-06,77
1038,Паршина,Елена,180,1,Воскресенск,1988-07-29,9
1039,Воробьева,Марина,160,3,Демидов,1986-06-13,46
1040,Комарова,Анна,230,3,Светогорск,1983-08-18,84
1041,Кретинина,Екатерина,240,4,Чадан,1982-01-23,96
1042,Шипилова,Людмила,130,2,Пермь,1986-09-21,76
1043,Вострикова,Марина,480,2,Печора,1984-01-20,30
1044,Наумова,Юлия,370,2,Саров,1980-09-08,70
1045,Сашникова,Татьяна,410,1,Таруса,1985-12-28,71
1046,Алехина,Екатерина,70,4,Фролово,1986-08-03,98
1047,Беда,Руслан,500,1,Хабаровск,1989-02-11,95
1048,Прядкина,Елена,70,4,Черемхово,1988-04-12,85
1049,Борисова,Елена,60,4,Братск,1983-03-26,48
1050,Коротких,Роман,160,1,Лиски,1988-08-08,39
1051,Куцова,Наталия,400,1,Белев,1986-05-03,84
1052,Солнцева,Марина,440,2,Нарткала,1980-01-15,26
1053,Бавыкина,Анна,130,3,Емва,1980-03-31,24
1054,Бухтоярова,Валентина,160,3,Удомля,1984-09-16,26
1055,Сашникова,Татьяна,100,2,Белев,1980-10-09,12
1056,Овчаренко,Андрей,100,1,Шахты,1985-09-14,97
1057,Яровенко,Алексей,520,3,Ветлуга,1985-07-23,98
1058,Гапоненко,Юлия,520,4,Тотьма,1983-07-15,4
1059,Кривушина,Оксана,160,4,Саяногорск,1983-03-20,86
1060,Кремер,Ольга,400,3,Горнозаводск,1984-10-28,91
1061,Шестопалова,Елена,520,2,Троицк,1982-03-19,15
1062,Ягнина,Елена,310,4,Отрадное,1984-08-08,11
1063,Винокуров,Владислав,420,3,Кимовск,1980-07-03,80
1064,Страдомская,Мария,440,2,Ярославль,1985-03-03,96
1065,Шестопалова,Елена,290,4,Новочеркасск,1984-06-23,69
1066,Галкина,Виктория,220,2,Верещагино,1983-11-11,73
1067,Кривошеев,Станислав,60,4,Горняк,1982-07-14,59
1068,Агупова,Юлия,190,3,Зеленогорск,1984-09-03,85
1069,Чуркин,Александр,180,4,Межгорье,1981-11-07,48
1070,Бессонов,Вадим,100,3,Демидов,1985-05-14,42
1071,Винокуров,Станислав,470,4,Духовщина,1980-03-03,19
1072,Бабкина,Марина,230,1,Братск,1987-11-21,84
1073,Соколова,Татьяна,130,3,Мамадыш,1985-09-14,11
1074,Велиханов,Эльмар,300,2,Балашов,1986-07-18,92
1075,Чаплыгина,Алена,340,2,Татарск,1980-10-18,95
1076,Белова,Ольга,80,2,Краснодар,1980-08-02,92
1077,Сорогина,Татьяна,410,3,Арсеньев,1986-08-22,91
1078,Шехавцов,Сергей,240,3,Чаплыгин,1986-10-12,88
1079,Свительская,Ксения,120,3,Отрадный,1980-09-12,12
1080,Лыкова,Елена,270,2,Лермонтов,1988-07-20,29
1081,Мораш,Сергей,130,2,Саянск,1982-12-24,56
1082,Крамаева,Екатерина,190,4,Татарск,1981-09-25,67
1083,Лежнева,Ольга,500,1,Одинцово,1986-01-07,92
1084,Перов,Евгений,200,4,Муравленко,1989-04-12,4
1085,Гринюк,Олеся,420,1,Себеж,1983-05-08,76
1086,Мельченко,Евгения,220,2,Урюпинск,1988-03-15,87
1087,Святкин,Александр,300,3,Ртищево,1986-07-06,74
1088,Галкина,Виктория,220,1,Змеиногорск,1987-06-29,51
1089,Глазунова,Оксана,160,4,Новокуйбышевск,1988-11-17,27
1090,Емельянов,Виктор,390,3,Видим,1986-12-07,73
1091,Сенцова,Елена,160,3,Лиски,1988-09-30,78
1092,Бобрякова,Ольга,160,4,Свердловск-44,1988-03-21,84
1093,Турбин,Игорь,220,4,Новомичуринск,1982-12-08,48
1094,Борисов,Дмитрий,180,2,Одинцово-10,1983-02-02,19
1095,Гончаров,Александр,200,2,Подольск,1988-02-10,15
1096,Кузнецова,Юлия,290,4,Чулым,1983-06-27,33
1097,Масюкова,Янита,470,2,Отрадное,1988-10-26,78
1098,Глебов,Александр,430,2,Кедровый,1986-11-16,48
1099,Марюшенкова,Анна,270,1,Оханск,1981-03-03,58
1100,Колпачева,Ульяна,120,3,Куровское,1981-03-01,83
1181,Лысенко,Константин,290,4,Буй,1985-11-01,58
1101,Манаенкова,Виктория,180,2,Малая Липовка,1988-07-27,82
1102,Киреева,Марина,210,2,Кыштым,1989-02-03,56
1103,Дроздов,Александр,260,3,Верхотурье,1982-09-27,96
1104,Лисицын,Дмитрий,510,3,Нязепетровск,1987-02-24,59
1105,Шадчнев,Евгений,420,3,Сычевка,1988-02-05,25
1106,Ковешникова,Елена,50,1,Челябинск,1988-12-04,54
1107,Южакова,Татьяна,240,3,Верхнеуральск,1984-04-30,55
1108,Соколова,Татьяна,450,2,Тогучин,1984-06-01,61
1109,Пономарева,Ирина,220,4,Артемовский,1986-10-25,51
1110,Панарина,Надежда,240,4,Асбест,1983-11-20,6
1111,Мерчанская,Екатерина,200,2,Луга,1983-03-06,24
1112,Семенюта,Дмитрий,520,4,Невельск,1985-01-07,96
1113,Анохин,Илья,400,4,Ясный,1982-02-23,2
1114,Глущенко,Ольга,240,3,Чехов,1984-03-11,33
1115,Грицынин,Семен,480,3,Нолинск,1983-07-24,69
1116,Соболева,Валерия,400,3,Кореновск,1983-09-16,55
1117,Рудакова,Людмила,150,1,Рассказово,1981-11-14,42
1118,Искусных,Татьяна,390,4,Партизанск,1986-06-28,20
1119,Воротнюк,Михаил,310,2,Элиста,1984-09-16,9
1120,Москова,Наталья,360,2,Новый Куваш,1984-03-08,93
1121,Долголев,Андрей,360,2,Бирск,1989-11-02,96
1122,Шатапова,Екатерина,530,1,Братск,1984-03-10,39
1123,Шатровский,Евгений,320,1,Кушва,1981-12-05,35
1124,Пчельникова,Анна,280,2,Кизилюрт,1981-08-21,73
1125,Толстых,Илья,190,4,Кировск,1982-12-24,39
1126,Шуваева,Юлия,510,1,Унеча,1984-04-26,93
1127,Литаврин,Дмитрий,250,4,Касимов,1980-03-05,72
1128,Белогорцева,Елена,320,1,Карачев,1987-08-08,21
1129,Шуршикова,Елена,540,2,Медвежьегорск,1980-01-04,33
1130,Крамарева,Екатерина,540,1,Сочи,1983-03-14,47
1131,Поротникова,Яна,390,4,Серпухов,1981-11-17,81
1132,Бондаренко,Елена,210,3,Краснокамск,1985-10-19,30
1133,Угрик,Александр,160,4,Межгорье,1984-12-22,64
1134,Жуков,Александр,470,3,Краснознаменск,1985-10-22,51
1135,Кондрашина,Марина,240,1,Кондрово,1983-02-14,30
1136,Егорова,Светлана,320,2,Чехов-7,1980-01-02,34
1137,Климентова,Екатерина,350,4,Мирный,1980-12-18,3
1138,Черкасов,Сергей,330,1,Верещагино,1986-03-08,51
1139,Кремер,Ольга,320,2,Суздаль,1984-12-22,13
1140,Подгорова,Елена,400,3,Шахтерск,1987-07-07,91
1141,Лыкова,Надежда,260,1,Чебоксары,1981-12-06,60
1142,Кузнецова,Ольга,340,1,Советская Гавань,1988-09-02,91
1143,Ищенко,Ольга,120,3,Светлоград,1989-02-25,91
1144,Рябова,Юлия,310,1,Подольск,1984-06-08,78
1145,Калгина,Ирина,380,3,Дзержинский,1983-04-07,65
1146,Вавилова,Олеся,80,4,Чердынь,1982-05-27,40
1147,Долгих,Наталия,480,2,Северобайкальск,1989-10-08,78
1148,Коротких,Людмила,420,3,Томск,1981-03-06,78
1149,Гонтарь,Владимир,80,1,Сатка,1983-11-27,47
1150,Крутских,Юлия,240,1,Городище,1983-10-22,43
1151,Богданова,Ольга,320,1,Майский,1985-05-06,73
1152,Толоконникова,Екатерина,210,2,Волжский,1989-06-11,18
1153,Уваров,Борис,80,3,Новоаннинский,1985-07-16,4
1154,Анисимова,Елена,420,2,Ковдор,1984-07-25,50
1155,Воробьева,Оксана,460,2,Андреаполь,1987-10-25,61
1156,Угрик,Александр,540,1,Пикалево,1984-03-25,77
1157,Брезжунова,Юлиана,240,4,Плавск,1986-11-20,20
1158,Смотрова,Марина,530,1,Великий Устюг,1984-10-08,79
1159,Харина,Ольга,310,4,Тимашевск,1987-10-18,3
1160,Крючкова,Ольга,370,2,Балабаново,1986-11-09,91
1161,Добычина,Ирина,110,2,Мышкин,1983-06-15,22
1162,Гревцев,Вадим,190,2,Салават,1983-09-09,10
1163,Суханова,Юрий,100,1,Почеп,1987-09-30,68
1164,Мажайская,Светлана,80,3,Белоярский,1987-10-16,98
1165,Загорская,Татьяна,150,1,Первоуральск,1985-10-19,14
1166,Курбатов,Сергей,290,2,Вышний Волочек,1982-12-15,25
1167,Коновалова,Светлана,350,3,Верхо-Пуя,1987-04-28,39
1168,Болгов,Алексей,70,2,Калач-на-Дону,1980-03-12,16
1169,Паринова,Мария,340,4,Горнозаводск,1981-10-13,18
1170,Ситникова,Екатерина,410,4,Лихославль,1989-07-13,49
1171,Капустянская,Наталья,320,2,Нальчик,1987-07-29,26
1172,Маслов,Павел,320,2,Байконур,1987-11-13,55
1173,Дербина,Любовь,490,4,Невельск,1980-08-29,20
1174,Захарова,Наталья,540,4,Новинки,1988-04-26,38
1175,Жабин,Олег,200,1,Щигры,1983-04-10,5
1176,Шилова,Алла,60,4,Выборг,1983-09-19,95
1177,Шипилов,Екатерина,490,4,Еманжелинск,1989-08-24,96
1178,Петрова,Екатерина,490,1,Южно-Сухокумск,1986-09-05,14
1179,Руденко,Светлана,490,4,Богданович,1985-01-08,81
1180,Шупеня,Наталья,380,4,Верхняя Тура,1987-03-19,80
1182,Черкасова,Анна,260,4,Дигора,1985-10-21,79
1183,Суворов,Алексей,270,2,Псевдостолица,1985-06-08,7
1184,Тарасова,Татьяна,120,4,Онега,1982-02-08,94
1185,Шепилов,Антон,440,4,Нижняя Тура,1988-11-10,53
1186,Васькович,Наталия,340,1,Свердловск-44,1986-03-25,34
1187,Колосов,Денис,490,4,Краснодар,1986-01-13,17
1188,Косолапова,Екатерина,230,3,Уссурийск,1987-10-24,74
1189,Попова,Оксана,230,4,Иланский,1982-06-28,9
1190,Козлитина,Наталья,210,2,Уссурийск,1987-04-27,61
1191,Меркушев,Александр,90,2,Отрадное,1984-02-19,78
1192,Гусева,Светлана,150,2,Теберда,1980-09-29,11
1193,Агупова,Юлия,180,4,Ардон,1985-05-13,2
1194,Кравцов,Андрей,110,3,Горнозаводск,1983-02-15,95
1195,Митина,Евгения,430,2,Заволжье,1981-05-29,58
1196,Салтыкова,Екатерина,120,3,Ключи,1983-12-27,77
1197,Крутова,Елена,490,2,Серов,1984-01-25,91
1198,Монько,Наталия,510,4,Избербаш,1989-05-20,69
1199,Дворников,Максим,260,4,Уварово,1988-05-16,27
1200,Фомина,Инна,270,4,Торжок,1986-08-17,93
1201,Бажан,Александр,470,1,Ростов,1983-11-01,60
1202,Кисурина,Евгения,350,4,Великий Устюг,1989-02-04,82
1203,Смирных,Алексей,90,1,Карачев,1981-07-07,4
1204,Киселева,Анна,120,3,Остров,1986-02-12,82
1205,Расторгуева,Кристина,410,2,Дегтярск,1984-12-20,19
1206,Камышов,Вадим,500,1,Нюрба,1986-05-30,79
1207,Мацнева,Валентина,290,2,Кропоткин,1982-03-10,73
1208,Власов,Роман,540,1,Асино,1989-12-04,6
1209,Шехавцов,Сергей,80,4,Лагань,1985-05-25,7
1210,Долголев,Андрей,380,3,Петровск,1981-04-05,1
1211,Магаляс,Екатерина,340,1,Сочи,1989-03-09,45
1212,Пономарева,Татьяна,170,2,Юрга,1985-01-03,74
1213,Камышанов,Андрей,130,1,Кемь,1982-04-29,81
1214,Говорова,Татьяна,390,3,Нея,1989-07-20,45
1215,Ларина,Ирина,310,1,Аргуновский,1989-01-09,21
1216,Райко,Дмитрий,60,3,Зверево,1986-02-22,84
1217,Пономарев,Александр,220,1,Осинники,1988-06-21,68
1218,Мельникова,Ольга,420,2,Солга,1986-04-08,83
1219,Попова,Евгения,440,2,Верхо-Пуя,1980-09-24,10
1220,Титова,Евгения,140,4,Кораблино,1986-11-11,95
1221,Ветров,Евгений,540,1,Тайшет,1980-11-21,16
1222,Коротаева,Юлия,190,3,Зеленогорск,1981-04-05,73
1223,Воронина,Елена,260,3,Чудово,1984-05-12,5
1224,Байдина,Марина,250,4,Зея,1988-11-24,71
1225,Кудинова,Елена,170,1,Иркутск,1982-09-25,87
1226,Еникеева,Марина,80,2,Спас-Клепики,1980-03-10,88
1227,Карлина,Людмила,290,1,Мамоново,1984-12-31,90
1228,Коршунов,Александр,460,3,Ефремов,1988-11-23,57
1229,Воробьева,Ксения,300,1,Усинск,1981-01-29,1
1230,Мордасова,Ольга,430,1,Ефремковская,1985-05-17,73
1231,Кукушкина,Маргарита,360,4,Верхотурье,1986-05-03,68
1232,Дворядкин,Николай,100,1,Новоалтайск,1983-05-16,44
1233,Мануковская,Светлана,480,4,Лихославль,1986-03-06,34
1234,Анохин,Роман,70,4,Межгорье,1983-12-01,56
1235,Голомедов,Александр,70,1,Чехов,1980-09-11,5
1236,Лынов,Алексей,230,3,Палласовка,1985-07-24,63
1237,Локтева,Елена,550,1,Могоча,1980-02-13,36
1238,Скорбач,Алексей,110,2,Кызыл,1982-12-07,96
1239,Сафонов,Борис,160,1,Зима,1984-08-05,41
1240,Застрожнова,Ольга,400,3,Железногорск,1980-04-20,91
1241,Болгов,Алексей,390,2,Павловское,1985-05-21,70
1242,Шестакова,Татьяна,170,4,Сольцы-2,1984-04-07,64
1243,Корниенко,Юлия,220,2,Балаково,1981-09-11,36
1244,Простаков,Сергей,420,2,Верхняя Тура,1985-05-23,81
1245,Лычагин,Вячеслав,220,1,Змеиногорск,1986-04-25,62
1246,Каширина,Елена,530,2,Дрезна,1983-07-06,50
1247,Туркина,Татьяна,330,2,Игнатовка,1987-03-13,8
1248,Ворожеева,Наталия,120,1,Кулебаки,1980-09-15,25
1249,Лопатько,Маргарита,380,4,Петродворец,1988-10-26,83
1250,Сапрыкина,Юлия,90,2,Облучье,1980-08-30,64
1251,Курьянова,Анастасия,420,4,Серпухов,1980-07-28,1
1252,Маркелова,Яна,70,2,Новоалександровск,1988-07-02,37
1253,Евсеева,Юля,110,2,Киренск,1986-06-23,38
1254,Рудман,Александр,330,3,Никольское,1982-04-10,92
1255,Ермак,Юрий,480,2,Ессентуки,1985-09-10,8
1256,Печенкин,Александр,160,1,Любим,1981-02-22,7
1257,Иванов,Евгений,420,2,Воронеж,1983-04-26,66
1258,Мосягина,Ольга,470,4,Краснокамск,1987-06-18,87
1259,Мосягина,Оксана,420,1,Струнино,1980-03-20,10
1260,Алексеев,Максим,490,1,Кондопога,1984-09-10,39
1261,Чеснокова,Ольга,490,4,Бакал,1986-06-01,76
1262,Козлов,Роман,270,1,Железногорск,1982-08-02,21
1263,Девочкина,Ольга,280,3,Алексин,1988-04-20,21
1264,Нечаева,Елена,340,3,Киселевск,1989-08-18,21
1265,Федорова,Елена,280,3,Сортавала,1983-08-26,56
1266,Батюкова,Ирина,280,4,Нея,1981-12-03,43
1267,Шахов,Александр,310,4,Ханты-Мансийск,1983-07-25,42
1268,Хаметханова,Лейла,70,3,Черняховск,1982-02-28,42
1269,Гревцев,Вадим,490,4,Тара,1984-08-16,40
1270,Половинкин,Илья,420,1,Уфа,1984-04-11,16
1271,Черницын,Дмитрий,90,3,Иркутск,1981-03-23,71
1272,Двинин,Юрий,210,2,Новосибирск,1982-03-19,78
1273,Бобровский,Дмитрий,90,4,Сокольники,1985-04-09,28
1274,Чудинов,Александр,410,4,Ивантеевка,1987-09-29,93
1275,Казанцева,Татьяна,180,4,Дигора,1981-06-26,22
1276,Амеличкина,Алла,540,2,Сорск,1986-11-11,31
1277,Водопьянова,Виктория,510,4,Зея,1989-01-10,83
1278,Устинова,Анна,520,1,Щигры,1987-07-20,98
1279,Дорошев,Максим,440,4,Руза,1988-01-20,34
1280,Елфимов,Сергей,540,3,Шацк,1980-02-01,39
1281,Бессонов,Вадим,540,4,Мценск,1980-02-20,49
1282,Комочкин,Алексей,120,1,Сатка,1984-04-20,11
1283,Макаркин,Виталий,160,1,Анжеро-Судженск,1988-10-07,3
1284,Марянян,Сероб,320,3,Иваново,1982-07-10,45
1285,Копаев,Евгений,400,2,Александровск-Сахалинский,1986-12-02,64
1286,Коробейников,Александр,150,3,Лахденпохья,1982-06-19,45
1287,Чиркова,Валентина,380,1,Полесск,1987-05-15,42
1288,Родюков,Олег,240,2,Вихоревка,1987-06-03,73
1289,Шипулин,Никита,170,2,Холм,1985-09-02,82
1290,Коротаев,Сергей,210,1,Чердынь,1981-06-12,14
1291,Скляров,Евгений,400,3,Искитим,1988-04-04,58
1292,Левыкин,Сергей,370,3,Шарья,1981-03-12,31
1293,Хафизов,Александр,260,3,Губкин,1987-12-12,1
1294,Маркуца,Михаил,220,1,Октябрьск,1984-02-01,87
1295,Лесных,Вячеслав,350,4,Корсаков,1988-05-25,11
1296,Шурыгин,Алексей,430,1,Электроугли,1989-10-17,63
1297,Шевцов,Сергей,430,1,Липецк,1986-11-13,58
1298,Китанов,Виктор,530,2,Избербаш,1989-12-15,89
1299,Чеботарева,Марина,460,1,Свирск,1983-02-02,77
1300,Зинкевич,Алла,70,4,Павловский Посад,1984-07-08,23
1301,Охритько,Ольга,340,4,Абдулино,1980-04-22,85
1302,Мочалова,Марина,200,2,Каменка,1983-04-03,8
1303,Борисова,Марина,330,3,Городец,1984-10-30,59
1304,Пустоветов,Артем,390,2,Моршанск,1983-03-15,18
1305,Лапенко,Денис,260,2,Наро-Фоминск,1981-06-29,83
1306,Дюльдева,Светлана,170,4,Десногорск,1987-08-22,92
1307,Баландин,Михаил,120,3,Култук,1987-01-13,72
1308,Жданова,Анна,170,4,Первомайск,1985-07-28,59
1309,Хлопонин,Сергей,210,4,Саратов,1989-12-22,67
1310,Никифоров,Кирилл,120,1,Дагестанские Огни,1982-12-14,93
1311,Базилевич,Лидия,460,3,Неман,1986-09-27,43
1312,Воронцов,Николай,190,4,Рыбное,1983-09-23,31
1313,Звягин,Иван,460,1,Димитровград,1988-06-02,28
1314,Платов,Михаил,70,4,Мценск,1980-12-27,28
1315,Лизуткин,Андрей,480,3,Белоусово,1983-01-23,79
1316,Пожидаева,Марина,210,2,Сокол,1981-05-10,29
1317,Науменко,Евгений,440,4,Северск,1983-03-05,70
1318,Мансурова,Елизавета,390,2,Карабаново,1980-05-04,95
1319,Семенова,Наталья,90,3,Колпашево,1980-09-01,89
1320,Пилюгина,Елена,230,1,Калачинск,1987-11-09,70
1321,Зорина,Анна,100,1,Березовский,1989-02-14,48
1322,Митичкина,Наталья,300,2,Волоколамск,1982-07-13,10
1323,Крисилова,Елена,180,2,Новопавловск,1989-11-20,81
1324,Лягузин,Александр,500,1,Полярный,1985-11-16,48
1325,Черных,Ольга,100,3,Лахденпохья,1981-10-27,87
1326,Долбилов,Денис,420,4,Артемовский,1984-05-14,50
1327,Черемушкина,Юлия,170,1,Каменногорск,1987-10-12,46
1328,Лобанова,Марина,410,4,Новокузнецк,1983-05-22,92
1329,Мамонтова,Елена,180,1,Верея,1982-03-27,85
1330,Прошина,Марина,180,2,Макарьев,1983-10-13,13
1331,Сезина,Елена,280,2,Стародуб,1986-10-10,29
1332,Хорьков,Александр,190,2,Зарайск,1983-11-29,67
1333,Перегудова,Ирина,270,4,Белозерск,1982-04-01,22
1334,Корнейко,Наталия,400,2,Красавино,1989-01-22,87
1335,Невзорова,Ольга,100,1,Дудинка,1980-03-16,24
1336,Шурыгин,Владислав,250,4,Заполярный,1980-12-18,93
1337,Барсукова,Алла,400,2,Фрязино,1981-04-09,6
1338,Великородный,Алексей,120,3,Нефтеюганск,1983-10-22,90
1339,Балашова,Елена,270,1,Чехов-3,1986-05-15,60
1340,Данилова,Наталья,240,3,Павловск,1985-04-30,13
1341,Никоненко,Ольга,320,4,Нерюнгри,1986-12-10,75
1342,Баранов,Дмитрий,60,2,Мамоново,1982-05-25,32
1424,Цухло,Евгений,370,1,Моздок,1987-05-14,62
1343,Науменко,Сергей,470,4,Петропавловск-Камчатский,1985-06-04,55
1344,Пирогова,Диана,70,2,Орлов,1986-03-31,88
1345,Серебрякова,Вита,90,1,Ессентуки,1985-06-22,96
1346,Филатова,Анна,350,1,Юрга,1983-06-04,91
1347,Кольцов,Дмитрий,320,4,Горно-Чуйский,1985-09-19,48
1348,Сорокина,Анна,60,2,Новосибирск,1980-02-07,55
1349,Белоусова,Наталия,260,1,Жердевка,1989-06-17,22
1350,Бейдина,Алла,490,4,Павловск,1980-10-20,62
1351,Яньшина,Марина,180,1,Богучар,1988-11-18,60
1352,Ломов,Владимир,270,1,Краснозаводск,1982-09-21,23
1353,Черемсина,Елена,260,3,Моздок,1983-10-16,37
1354,Завалишин,Максим,310,2,Обнинск,1985-01-09,37
1355,Штейнбренер,Наталья,50,4,Зеленогорск,1985-05-17,30
1356,Сергеев,Владимир,60,4,Корсаков,1983-11-19,16
1357,Бондарева,Олеся,270,3,Городище,1982-06-17,95
1358,Домарева,Наталья,420,2,Пенза,1989-04-23,76
1359,Михневич,Людмила,520,4,Юбилейный,1984-08-20,13
1360,Дорошенков,Алексей,490,4,Донской,1985-02-02,14
1361,Кондратьева,Юлия,420,2,Ярцево,1981-12-05,97
1362,Попов,Виктор,410,3,Новосиль,1988-01-16,94
1363,Воронюк,Ираида,100,3,Осинники,1986-08-29,59
1364,Дибцева,Инна,370,3,Сычевка,1984-04-04,94
1365,Сердюкова,Мария,460,3,Алатырь,1988-10-28,79
1366,Некрасов,Станислав,190,2,Серов,1987-04-28,20
1367,Вертегел,Анна,110,4,Курск,1984-02-29,11
1368,Гайдай,Виктор,480,4,Сортавала,1983-05-07,29
1369,Блохина,Екатерина,420,2,Зеленоград,1982-08-09,24
1370,Монько,Наталия,490,3,Поронайск,1980-01-01,34
1371,Нистратова,Надежда,230,3,Зеленоград,1987-01-08,57
1372,Кузовихина,Ирина,420,3,Солнечногорск,1987-08-04,42
1373,Ключникова,Екатерина,150,3,Дзержинский,1985-12-29,11
1374,Берколайко,Артем,520,2,Северо-Курильск,1989-12-21,4
1375,Бирюкова,Ольга,250,4,Асино,1983-04-25,66
1376,Фадеева,Маргарита,320,1,Светлогорск,1987-05-29,84
1377,Нисхозневская,Галина,530,2,Зарайск,1988-11-10,49
1378,Дешевых,Ирина,180,1,Шунема,1983-03-20,48
1379,Юрьева,Наталия,200,4,Острогожск,1983-07-16,73
1380,Грачева,Ирина,200,2,Кузнецк,1986-07-05,45
1381,Колабаев,Александр,450,1,Пролетарск,1983-04-23,71
1382,Исаев,Алексей,60,1,Южа,1985-03-05,3
1383,Корсакова,Юлия,220,3,Заинск,1987-05-11,85
1384,Лисунов,Илья,350,4,Ковдор,1982-06-10,91
1385,Булавинцева,Екатерина,160,2,Лодейное,1980-07-22,87
1386,Войтенко,Наталья,390,2,Гай,1987-02-21,76
1387,Подмарчук,Диана,170,3,Суоярви,1984-07-11,49
1388,Капранчиков,Александр,480,3,Углич,1987-12-30,63
1389,Гусаров,Иван,360,3,Давлеканово,1982-07-29,21
1390,Еременко,Ольга,250,4,Тимонино,1986-03-19,32
1391,Черноиванов,Дмитрий,440,1,Мичуринск,1984-03-06,66
1392,Сухинина,Ольга,490,3,Нижняя Салда,1984-10-01,14
1393,Руднев,Александр,220,4,Кодинск,1983-11-30,69
1394,Имшенецкая,Екатерина,230,1,Нововоронеж,1986-04-23,94
1395,Седых,Максим,400,2,Дальнереченск,1989-04-22,87
1396,Лукьянчикова,Анна,70,3,Бирск,1982-02-22,83
1397,Абросимов,Александр,140,2,Отрадное,1981-09-13,84
1398,Хохлова,Елена,400,4,Заволжск,1980-01-21,10
1399,Долгов,Евгений,530,1,Ревда,1985-07-23,93
1400,Королькова,Елена,160,2,Светлоград,1988-05-09,71
1401,Лунина,Анна,140,1,Воронеж,1984-04-12,36
1402,Баранова,Светлана,90,3,Медынь,1983-11-19,87
1403,Копаева,Ирина,460,1,Заречный,1986-01-25,40
1404,Медведева,Юлия,120,3,Заречный,1981-06-27,10
1405,Селиванова,Елена,290,1,Североморск,1981-06-26,12
1406,Михайлова,Елена,110,4,Армавир,1981-03-11,96
1407,Ищенко,Анна,320,4,Новый Куваш,1986-08-21,51
1408,Каверин,Михаил,200,2,Кинешма,1982-02-17,72
1409,Семененко,Виктория,70,3,Невель,1981-12-11,89
1410,Пастушков,Николай,80,3,Нововоронеж,1980-11-19,14
1411,Корчагина,Еатерина,260,3,Волжск,1987-11-07,76
1412,Гридина,Елена,460,1,Богородск,1980-12-29,80
1413,Секирина,Татьяна,140,2,Игарка,1985-07-02,64
1414,Тришин,Евгений,440,1,Партизанск,1981-03-08,21
1415,Чайкина,Зоя,260,1,Зарайск,1983-06-18,30
1416,Царева,Надежда,380,4,Александровск-Сахалинский,1987-08-06,70
1417,Кузнецова,Мария,210,2,Артем,1981-02-05,5
1418,Бурмакин,Роман,240,1,Порхов,1981-01-01,33
1419,Ишутин,Сергей,530,1,Сортавала,1986-09-06,90
1420,Волкова,Галина,420,4,Сим,1988-09-02,33
1421,Орлов,Антон,210,4,Весьегонск,1983-02-25,94
1422,Титов,Даниил,380,2,Челябинск,1983-10-11,74
1423,Юрикова,Вероника,180,2,Ак-Довурак,1988-08-29,47
1425,Мартыненко,Елена,300,1,Гдов,1981-12-07,87
1426,Шустова,Анна,460,1,Чехов,1981-01-19,38
1427,Уразова,Евгения,220,1,Махачкала,1985-10-26,85
1428,Незнамов,Александр,260,1,Котлас,1986-10-21,67
1429,Скляров,Евгений,90,1,Городище,1985-10-17,51
1430,Шабанов,Андрей,80,2,Урюпинск,1985-09-05,10
1431,Кутняк,Юлия,510,4,Талнах,1985-04-11,72
1432,Лукьянов,Алексей,250,2,Анапа,1984-02-29,9
1433,Евсюков,Константин,290,2,Дзержинск,1985-11-10,3
1434,Дронова,Марина,280,1,Уржум,1987-01-11,43
1435,Шакалова,Татьяна,250,4,Хасавюрт,1980-02-13,81
1436,Карасев,Вячеслав,60,1,Петровск,1983-10-14,81
1437,Маевская,Оксана,90,1,Югорск,1986-01-12,56
1438,Ивлев,Илья,390,2,Орехово-Зуево,1982-12-09,93
1439,Символоков,Евгений,420,1,Суровикино,1988-08-30,58
1440,Новиков,Павел,110,2,Бийск,1980-06-28,86
1441,Шевченко,Мария,120,1,Арзамас,1983-11-06,39
1442,Демеш,Кирилл,440,1,Макаров,1985-11-06,73
1443,Сожигаев,Алексей,210,1,Усолье,1984-07-11,27
1444,Борисов,Евгений,200,4,Иланский,1986-08-13,3
1445,Павлов,Александр,500,2,Солигалич,1980-02-14,32
1446,Тарусин,Александр,130,4,Кемь,1982-12-13,67
1447,Панов,Дмитрий,310,3,Карабаш,1986-08-02,77
1448,Ситникова,Ирина,140,1,Богданович,1988-12-07,84
1449,Кобзева,Татьяна,210,3,Нюрба,1987-11-12,54
1450,Хорошавин,Сергей,150,4,Волжский,1982-08-16,29
1451,Андреев,Дмитрий,490,1,Вязники,1980-09-19,7
1452,Прядиева,Евгения,340,2,Бугульма,1984-01-06,68
1453,Донской,Александр,470,3,Чехов-3,1983-06-21,92
1454,Зиновьева,Елена,200,2,Смольянец,1982-02-07,61
1455,Беляева,Татьяна,210,4,Колпашево,1987-05-15,65
1456,Москалева,Ольга,210,3,Кирсанов,1983-02-03,14
1457,Ящин,Григорий,60,4,Гороховец,1985-07-06,54
1458,Комарова,Надежда,240,4,Свердловск-44,1983-08-21,21
1459,Бойкова,Елена,220,4,Саратов,1981-10-27,71
1460,Дробышев,Вячеслав,400,4,Рыльск,1980-02-19,41
1461,Литвищенко,Лилия,110,3,Шиловская,1989-05-01,79
1462,Неровная,Наталья,470,1,Нижняя Салда,1989-01-12,18
1463,Минаков,Александр,200,3,Спасск-Дальний,1986-03-24,71
1464,Аминев,Денис,90,2,Олекминск,1989-01-26,55
1465,Афанасьева,Юлия,530,4,Миасс,1987-09-10,45
1466,Самошкина,Марина,510,3,Волжск,1984-12-02,6
1467,Прокопенко,Ольга,250,1,Ярцево,1985-04-19,62
1468,Семенов,Борис,160,4,Выкса,1988-11-30,37
1469,Ахунзянов,Виталий,240,2,Макарьев,1980-07-26,63
1470,Ковалевская,Екатерина,370,4,Чебаркуль,1983-07-14,73
1471,Шахов,Александр,530,4,Сызрань,1989-09-08,16
1472,Жданова,Екатерина,80,3,Асино,1987-09-20,48
1473,Рожнова,Татьяна,290,4,Апрелевка,1989-06-27,30
1474,Забродин,Алексндр,410,3,Кызыл,1986-06-10,86
1475,Блюмкина,Екатерина,400,4,Новоаннинский,1983-12-15,45
1476,Каляпина,Ирина,270,4,Балаково,1989-02-04,6
1477,Минайлова,Валентина,230,2,Куйбышев,1984-07-07,96
1478,Попков,Артем,340,3,Канск,1981-01-06,38
1479,Константинова,Людмила,360,3,Юрьев-Польский,1988-02-29,45
1480,Ачуев,Роман,270,1,Малая Липовка,1987-05-10,92
1481,Бабенко,Юлия,400,2,Бобров,1984-02-08,66
1482,Федоров,Андрей,470,2,Бийск,1981-12-09,7
1483,Гирник,Елена,240,1,Нижний Ломов,1985-01-10,49
1484,Савинова,Татьяна,440,1,Пежма,1989-10-10,29
1485,Юрьева,Наталия,70,2,Усолье,1981-01-28,28
1486,Агеева,Анна,90,3,Кировск,1982-09-15,42
1487,Душкина,Ольга,260,2,Суджа,1986-08-10,14
1488,Сухорукова,Надежда,240,4,Весьегонск,1987-03-28,2
1489,Литвинов,Евгений,540,1,Невьянск,1989-12-15,84
1490,Ледуховская,Елена,540,2,Лодейное,1984-05-10,11
1491,Печенкина,Мария,160,2,Рыльск,1987-06-19,19
1492,Патенко,Юлия,500,3,Николаевск-на-Амуре,1986-09-04,53
1493,Рожнова,Татьяна,60,2,Аксай,1983-10-24,61
1494,Жердева,Евгения,510,3,Грязовец,1981-05-12,76
1495,Гордейченко,Людмила,180,2,Верея,1983-05-12,45
1496,Тимофеев,Дмитрий,410,1,Тара,1981-07-30,63
1497,Мещеряков,Николай,420,3,Сафоново,1980-11-27,55
1498,Пельтихин,Илья,290,1,Талнах,1986-12-07,5
1499,Бушкова,Юлия,470,1,Солигалич,1987-04-14,60
1500,Спиридонов,Александр,130,2,Еланцы,1988-12-23,57
1501,Созонова,Екатерина,180,1,Камызяк,1984-04-07,90
1502,Кондренко,Татьяна,490,4,Тейково,1982-09-08,8
1503,Сморчкова,Мария,320,1,Сорочинск,1987-01-16,24
1504,Картавцев,Артур,280,1,Называевск,1984-03-18,58
1505,Задорожняя,Марина,350,4,Краснотурьинск,1989-07-27,12
1506,Виндюрин,Сергей,500,3,Лакинск,1989-11-23,78
1507,Пенделяк,Роман,260,3,Юрьев-Польский,1981-01-22,7
1508,Гуров,Иван,530,2,Славянск-на-Кубани,1986-10-27,45
1509,Федотов,Алексей,70,4,Петродворец,1989-04-30,69
1510,Пустовалов,Алексей,490,4,Королев,1982-04-28,72
1511,Огурцова,Людмила,380,4,Хвалынск,1981-08-28,72
1512,Макаров,Евгений,320,4,Озерск,1983-11-29,87
1513,Сергеев,Дмитрий,440,2,Юрьевец,1983-10-30,39
1514,Хатунцева,Светлана,120,3,Звенигород,1982-10-14,30
1515,Алехина,Марьяна,340,1,Осташков,1987-07-20,75
1516,Вараксин,Сергей,160,2,Ленинск,1989-05-20,73
1517,Агеева,Анна,230,4,Лысьва,1981-10-21,50
1518,Титов,Евгений,320,1,Благовещенск,1988-07-01,62
1519,Соколов,Павел,240,3,Моршанск,1989-09-21,55
1520,Малютина,Татьяна,330,1,Жуковка,1980-04-11,45
1521,Лыкова,Елена,470,3,Фокино,1986-05-11,11
1522,Смородин,Дмитрий,150,2,Белово,1982-05-25,45
1523,Травина,Диана,410,3,Архангельск,1987-06-15,52
1524,Филиппова,Елена,520,1,Южно-Сухокумск,1983-08-25,14
1525,Карлов,Вячеслав,320,2,Биробиджан,1984-01-05,77
1526,Тарарыков,Дмитрий,310,4,Туапсе,1980-04-20,74
1527,Столяр,Юлия,60,4,Туапсе,1983-08-25,71
1528,Каляпина,Ирина,320,1,Тейково,1980-04-18,16
1529,Денисова,Елена,440,1,Татарск,1987-05-26,82
1530,Калинин,Сергей,210,4,Можга,1986-05-12,87
1531,Нелепина,Екатерина,260,3,Орехово-Зуево,1981-04-11,57
2361,Томилова,Татьяна,300,3,Грязи,1985-06-22,11
2362,Шишкин,Николай,360,4,Усинск,1988-07-29,7
2363,Салихов,Андрей,200,2,Смоленск,1986-06-02,51
2364,Крицына,Галина,320,3,Россошь,1984-01-11,21
2365,Гнатьева,Лидия,200,2,Южно-Сахалинск,1980-02-29,49
2366,Яньшина,Ирина,280,3,Ревда,1984-08-07,34
2367,Болтнев,Роман,200,2,Белоусово,1984-07-20,36
2368,Юрченко,Михаил,340,2,Новый Куваш,1989-11-21,5
2369,Бершин,Евгений,420,2,Плавск,1981-04-14,3
2370,Литвищенко,Лилия,320,2,Белая Калитва,1987-11-02,52
2371,Косарева,Светлана,490,4,Майский,1982-03-12,87
2372,Иванова,Александра,320,1,Петухово,1981-12-08,18
2373,Грибанов,Евгений,510,2,Новокубанск,1983-06-12,33
2374,Панарина,Надежда,340,1,Петухово,1982-03-22,89
2375,Тюкачев,Александр,110,3,Чита,1981-01-12,26
2376,Скрыльников,Андрей,230,1,Оха,1986-03-25,62
2377,Кольцова,Елена,450,1,Давлеканово,1982-10-01,71
2378,Сотников,Денис,430,2,Городище,1984-05-03,60
2379,Вишнякова,Анна,400,1,Южа,1982-01-13,84
2380,Бородкин,Павел,90,1,Кувандык,1985-02-20,43
2381,Уразов,Семен,160,3,Бирюсинск,1986-02-19,75
2382,Преснякова,Екатерина,500,3,Кушва,1982-02-10,49
2383,Минайлова,Валентина,540,3,Медынь,1988-02-16,39
2384,Щербатых,Сергей,460,2,Малмыж,1987-08-09,38
2385,Смольянинова,Анастасия,380,2,Саратов,1987-03-24,35
2386,Ушакова,Елена,170,1,Лодейное Поле,1985-09-14,24
2387,Буслов,Антон,60,4,Кувандык,1988-04-08,11
2388,Шебанов,Александр,180,3,Апшеронск,1986-04-22,65
2389,Баринов,Константин,430,4,Североуральск,1986-07-12,86
2390,Киреева,Анастасия,150,4,Новороссийск,1980-08-14,19
2391,Власова,Виталия,280,4,Среднеколымск,1982-02-05,77
2392,Верчинский,Алексей,140,3,Прохладный,1987-10-29,2
2393,Кузьменко,Виктория,480,1,Котлас,1986-07-30,55
2394,Ивочкин,Дмитрий,390,1,Мариинск,1985-03-02,6
2395,Михалева,Елена,90,3,Павлово,1986-11-16,72
2396,Красильникова,Елена,330,3,Лукоянов,1984-05-16,73
2397,Горбачев,Михаил,240,2,Чехов-7,1984-12-06,16
2398,Никольский,Николай,400,1,Сельцо,1987-05-04,44
2399,Ясинский,Андрей,200,4,Нефтеюганск,1981-01-18,27
2400,Талтынова,Ольга,120,2,Южа,1988-02-25,48
2401,Крахмалев,Дмитрий,280,4,Муром,1980-06-26,62
2402,Скорупо,Андрей,540,3,Чита-47,1988-04-02,74
2403,Курачева,Екатерина,490,1,Калининск,1980-12-10,85
2404,Филиппов,Евгений,240,3,Александров,1982-01-16,72
2405,Николаев,Кирилл,150,4,Азов,1981-02-01,24
2406,Калинин,Сергей,200,3,Невель,1982-02-18,10
2407,Хильков,Александр,480,2,Кириллов,1980-01-09,43
2408,Землянухин,Андрей,360,3,Нюрба,1982-07-28,42
2409,Иевлев,Александр,340,2,Красноармейск,1982-12-07,40
2410,Митронкина,Татьяна,280,4,Котлас,1985-02-11,18
2411,Бодякин,Сергей,530,4,Городец,1982-04-19,28
2412,Логунов,Павел,250,3,Богданович,1983-11-19,14
2413,Анпилогов,Илья,490,2,Шагонар,1984-09-07,27
2414,Иванченко,Андрей,140,4,Слободской,1987-09-29,18
2415,Грибанов,Евгений,340,1,Щелково,1984-02-25,51
2416,Королевский,Олег,290,1,Астрахань,1983-09-21,76
2417,Кондратенко,Алексей,80,1,Завитинск,1981-10-21,62
2418,Иконникова,Майя,290,3,Зеленогорск,1988-06-24,31
2419,Тягунова,Екатерина,460,1,Мезень,1981-04-14,18
2420,Никитин,Станислав,100,1,Чадан,1985-01-21,49
2421,Шугаев,Олег,240,4,Устюжна,1989-01-11,84
2422,Хромых,Любовь,60,2,Буинск,1988-02-01,45
2423,Муковнина,Елена,90,2,Петушки,1980-01-02,37
2424,Мягких,Татьяна,190,1,Екатеринбург,1989-06-09,75
2425,Пятигорец,Анастасия,320,1,Шадринск,1981-07-30,88
2426,Ройзин,Даниил,440,3,Аргун,1987-03-23,98
2427,Юрченко,Михаил,220,2,Няндома,1984-08-05,90
2428,Быкова,Диана,250,3,Кулой,1980-09-07,24
2429,Шишлянников,Роман,460,1,Тулун,1987-10-25,50
2430,Иванченко,Роман,480,3,Медынь,1982-02-10,88
2431,Чумаков,Игорь,110,2,Шацк,1984-12-21,58
2432,Дехаева,Анна,180,4,Борзя,1989-12-07,26
2433,Никулина,Янина,500,3,Кинешма,1989-03-05,20
2434,Подгорная,Евгения,210,3,Нерюнгри,1985-07-26,51
2435,Немцова,Екатерина,450,4,Жуков,1981-04-20,85
2436,Новичихин,Яков,230,1,Горнозаводск,1985-10-22,96
2437,Пушкарева,Юлия,460,4,Ковылкино,1985-01-01,71
2438,Тарасова,Юлия,250,4,Белорецк,1983-04-30,84
2439,Рукавицына,Галина,270,2,Лиходиево,1984-11-15,59
2440,Бобкова,Надежда,150,2,Горнозаводск,1985-07-24,36
2441,Рыкунов,Никита,460,1,Новосокольники,1982-12-13,95
2442,Шайдуллина,Олеся,320,2,Богородицк,1987-11-27,97
2443,Рыкунова,Анастасия,500,1,Кадников,1986-12-06,30
2444,Воржева,Ирина,440,3,Алапаевск,1986-01-07,89
2445,Скаба,Людмила,70,4,Болхов,1987-11-17,55
2446,Свиридов,Максим,510,1,Сусуман,1984-12-08,13
2447,Родинко,Надежда,210,4,Славянск-на-Кубани,1989-08-08,81
2448,Герасименко,Татьяна,270,2,Рудня,1985-04-02,30
2449,Клочко,Александра,440,1,,1984-09-18,70
2450,Петренко,Ольга,290,1,Володарск,1989-04-01,51
2451,Поздняков,Андрей,300,4,Новый Оскол,1985-10-08,43
2452,Булгакова,Елена,60,4,Красноярск,1988-08-31,76
2453,Илатовская,Дарья,110,1,Приморско-Ахтарск,1983-03-13,82
2454,Голиков,Олег,450,3,Фролово,1980-08-08,83
2455,Пенской,Петр,530,4,Пучеж,1986-12-19,95
2456,Суханов,Юрий,500,4,Заволжье,1985-07-23,72
2457,Тимошенко,Алексей,310,1,Сухой Лог,1985-01-12,24
2458,Данилов,Евгений,130,2,Сатка,1981-04-27,26
2459,Цурканов,Сергей,130,3,Псков,1981-03-08,32
2460,Тиханов,Антон,520,2,Оренбург,1984-09-25,90
2461,Воротникова,Маргарита,460,4,Электроугли,1986-06-12,82
2462,Мельченко,Евгения,330,1,Мегион,1980-10-25,2
2463,Кулаков,Геннадий,440,4,Люберцы,1984-08-03,32
2464,Вальков,Игорь,180,4,Якутск,1980-04-27,22
2465,Нестеренко,Александр,260,4,Нарьян-Мар,1981-07-04,44
2466,Сергеева,Оксана,420,1,Кингисепп,1984-03-16,19
2467,Маншина,Светлана,340,3,Энгельс,1984-02-18,8
2468,Коптева,Наталия,380,4,Кыштым,1981-04-20,78
2469,Молоканова,Юлия,360,4,Тутаев,1984-04-10,60
2470,Зелюнко,Элеонора,250,3,Великое,1984-12-06,14
2471,Алексенко,Анна,270,1,Буйнакск,1989-12-28,11
2472,Михалева,Елена,130,1,Чусовой,1980-12-12,19
2473,Панкова,Светлана,360,3,Бирюсинск,1980-04-01,55
2474,Алексенко,Анна,90,2,Котовск,1983-09-26,74
2475,Синявская,Елена,410,3,Новосибирск,1989-10-22,93
2476,Воронцова,Екатерина,350,1,Балей,1984-08-27,70
2477,Хватова,Анна,310,4,Тобольск,1989-12-26,85
2478,Алексиков,Василий,280,4,Михайлов,1988-10-16,40
2479,Башканова,Наталия,380,3,Сретенск,1988-10-09,93
2480,Тутукина,Мария,240,3,Гаврилов Посад,1987-05-09,3
2481,Савинцева,Таисия,140,4,Шумерля,1980-06-30,11
2482,Валикова,Юлия,80,4,Волчанск,1984-05-25,32
2483,Панкратова,Екатерина,480,4,Курск,1982-05-13,56
2484,Ледовская,Марина,310,4,Губкинский,1984-01-13,90
2485,Хрячкова,Татьяна,110,3,Гурьевск,1982-03-26,34
2486,Филипчук,Оксана,320,3,Обнинск,1987-12-28,80
2487,Новичихин,Яков,480,3,Белая Калитва,1980-11-30,34
2488,Радькович,Роман,140,4,Хотьково,1989-06-29,59
2489,Плетнева,Жанна,340,1,Ставрополь,1982-04-20,33
2490,Шатилов,Виталий,150,4,Новосокольники,1987-12-04,42
2491,Лычагин,Сергей,240,4,Гусев,1987-10-07,23
2492,Хатунцева,Елена,330,1,Медынь,1985-12-16,2
2493,Горюшкина,Евгения,170,2,Трехгорный-1,1986-09-26,80
2494,Бакулина,Ксения,200,4,Ряжск,1986-10-05,10
2495,Аносова,Нина,400,4,Верхний Уфалей,1985-03-14,22
2496,Лаухин,Владислав,400,3,Александров,1989-07-12,8
2497,Ивлиев,Александр,410,2,Чистополь,1987-05-17,20
2498,Рудакова,Виктория,110,4,Тайшет,1987-06-28,81
2499,Волгач,Анна,260,3,Согдиондон,1984-11-02,22
2500,Безручко,Оксана,290,4,Алейск,1989-03-26,65
2501,Широкова,Светлана,320,3,Грайворон,1981-04-05,61
2502,Петрова,Анна,170,2,Дмитров,1982-06-26,43
2503,Гладких,Елена,220,3,Ангарск,1981-10-24,61
2504,Полуляхова,Юлия,210,2,Вятские Поляны,1984-08-14,1
2505,Голикова,Анна,50,4,Струнино,1983-01-26,2
2506,Щепетина,Олеся,200,2,Дубна,1987-07-13,41
2507,Челнокова,Наталья,220,2,Анжеро-Судженск,1984-05-03,23
2508,Слинько,Юлия,430,1,Карабулак,1980-07-21,58
2509,Дмитриева,Людмила,370,2,Ижевск,1983-07-27,80
2510,Пушкарев,Александр,70,1,Юрга,1985-10-28,1
2511,Минакова,Валерия,320,3,Ядрин,1982-12-21,29
2512,Тихонов,Сергей,190,3,Борзя,1980-05-05,78
2513,Тихонов,Антон,450,4,Заволжье,1989-06-10,49
2514,Коновалова,Ольга,370,1,Зеленогорск,1989-03-12,88
2515,Сергеев,Алексей,510,4,Гвардейск,1986-03-22,80
2516,Буйлов,Кирилл,50,2,Кайеркан,1980-09-13,91
2517,Лунина,Людмила,340,3,Темрюк,1982-08-20,77
2518,Рогожкин,Иван,340,1,Кореновск,1986-07-02,31
2519,Кузнецова,Екатерина,310,2,Галич,1981-10-12,50
2520,Петрашова,Мария,110,3,Электрогорск,1984-09-24,37
2521,Линников,Федор,230,4,Щучье,1989-06-28,53
2522,Анохин,Андрей,270,1,Озерск,1981-06-08,27
2523,Бершин,Евгений,280,2,Волхов,1985-01-09,92
2524,Петрашова,Елена,130,2,Каспийск,1981-06-12,86
2525,Шурыгин,Алексей,290,4,Сортавала,1982-11-17,51
2526,Борисова,Марина,300,3,Ступино,1984-09-01,36
2527,Беликов,Александр,440,3,Самара,1989-02-15,82
2528,Кленникова,Елена,240,2,Куйбышев,1982-12-20,33
2529,Жигулин,Александр,470,3,Орехово-Зуево,1982-06-28,45
2530,Филипцов,Артем,520,2,Маркс,1987-08-30,21
2531,Топчий,Евгений,390,3,Черемхово,1983-05-05,53
2532,Родина,Альбина,70,1,Зарайск,1983-01-01,62
2533,Илларионова,Юлия,310,1,Весьегонск,1981-08-03,35
2534,Иванова,Александра,160,2,Ртищево,1987-12-03,63
2535,Острикова,Наталья,340,1,Уварово,1988-10-11,5
2536,Ерина,Олеся,180,4,Кадников,1982-08-21,23
2537,Поперечный,Александр,410,4,Колпашево,1980-06-07,76
2538,Миронова,Наталья,310,1,Магадан,1988-02-17,11
2539,Мальцева,Наталия,230,2,Острогожск,1983-06-11,21
2540,Мерчанская,Екатерина,400,1,Миллерово,1982-02-16,68
2541,Денисов,Ярослав,240,3,Людиново,1989-06-12,42
2542,Кретов,Александр,410,1,Кременки,1983-12-13,87
2543,Шебанов,Александр,200,2,Карталы,1980-07-15,2
2544,Кочетова,Елена,220,2,Озеры,1989-09-02,28
2545,Лыкова,Елена,370,2,Суровикино,1987-08-26,66
2546,Громыхалов,Алексей,200,2,Боготол,1987-11-02,12
2547,Колдаева,Елена,500,1,Куровское,1987-01-15,90
2548,Ворганова,Юлия,540,2,Шумерля,1980-11-17,40
2549,Лопухов,Дмитрий,440,1,Ахтубинск,1984-03-08,46
2550,Гализин,Сергей,400,4,Краснотурьинск,1988-10-08,70
2551,Лукина,Ирина,340,1,Мантурово,1981-07-18,74
2552,Волченко,Денис,260,2,Павловск,1984-11-23,38
2553,Николайчук,Алексей,220,1,Новгород,1983-07-14,88
2554,Палагина,Людмила,320,1,Облучье,1980-02-17,79
2555,Самоловов,Павел,370,4,Балтийск,1983-02-26,73
2556,Медведев,Павел,140,4,Свободный,1985-12-08,90
2557,Хромова,Клавдия,300,3,Тюмень,1987-05-04,40
2558,Кустова,Анастасия,260,4,Якутск,1980-08-28,98
2559,Ветрякова,Екатерина,220,1,Ужур-4,1985-09-26,43
2560,Зиборов,Евгений,270,1,Козловская,1981-03-04,34
2561,Часовских,Алексей,100,4,Усть-Илимск,1988-04-26,31
2562,Горшков,Андрей,240,4,Унеча,1985-11-10,80
2563,Портянина,Юлия,510,3,Волоколамск,1984-02-04,76
2564,Немов,Александр,350,2,Шуя,1988-08-13,31
2565,Шаталина,Ирина,380,3,Рудня,1984-03-10,31
2566,Бондаренко,Светлана,70,2,Калач-на-Дону,1989-08-06,11
2567,Макеева,Алла,320,1,Спас-Клепики,1981-05-27,54
2568,Минайлова,Валентина,210,1,Зеленодольск,1981-03-17,58
2569,Сотников,Денис,260,3,Кондопога,1982-02-16,91
2570,Овчинникова,Маргарита,160,4,Россошь,1988-04-11,18
2571,Орлов,Станислав,90,4,Омск,1989-08-01,95
2572,Гудкова,Тамара,200,3,Курган,1985-06-14,20
2573,Титова,Ирина,180,2,Кирово-Чепецк,1986-09-30,9
2574,Алексеева,Екатерина,300,4,Рудня,1982-06-29,94
2575,Переславцев,Александр,440,3,Североуральск,1986-11-04,5
2576,Иванникова,Светлана,60,2,Тайга,1985-12-24,2
2577,Шахмаев,Борис,510,4,Каргополь,1986-12-27,55
2578,Просяник,Татьяна,420,4,Краснознаменск,1983-06-03,54
2579,Соколова,Анастасия,180,3,Азнакаево,1989-01-13,13
2580,Стрельникова,Галина,530,4,Томск,1989-06-03,50
2581,Шрамченко,Екатерина,80,1,Новошахтинск,1989-12-10,57
2582,Тугай,Оксана,70,2,Когалым,1983-11-10,84
2583,Паневин,Семен,400,3,Кумертау,1984-03-18,64
2584,Грибанов,Евгений,330,1,Сафоново,1983-10-11,27
2585,Суханова,Анна,430,2,Пролетарск,1982-02-05,7
2586,Фомина,Татьяна,200,2,Гаврилов Посад,1986-03-15,20
2587,Сенчищев,Евгений,460,1,Каспийск,1981-11-19,97
2588,Видаев,Александр,320,4,Спасск-Рязанский,1981-11-03,62
2589,Новаковский,Сергей,500,2,Южа,1980-11-20,33
2590,Солоха,Вадим,200,1,Апрелевка,1982-04-02,13
2591,Мереуца,Евгений,160,3,Салават,1981-05-31,10
2592,Бондаренко,Андрей,160,4,Дагестанские Огни,1989-11-02,29
2593,Чернов,Александр,150,1,Великое,1982-02-19,4
2594,Метальников,Юрий,140,3,Светогорск,1982-02-19,80
2595,Меркулова,Виктория,510,2,Гурьевск,1986-01-31,19
2596,Ценных,Михаил,240,3,Белореченск,1984-10-14,90
2597,Цыбулина,Мария,100,4,Трубчевск,1981-04-05,87
2598,Ерыгин,Александр,460,1,Белебей,1982-04-09,64
2599,Вихорев,Дмитрий,350,4,Навашино,1982-03-12,56
2600,Гончарова,Александра,360,2,Клинцы,1986-09-11,17
2601,Заруднев,Евгений,310,4,Болхов,1988-09-27,21
2602,Воробьева,Марина,80,1,Майкоп,1984-08-16,15
2603,Богачева,Ирина,320,3,Верхний Тагил,1984-10-10,55
2604,Пиркина,Елена,80,3,Советск,1984-04-03,41
2605,Дорофеев,Андрей,230,3,Лысьва,1982-11-11,62
2606,Гузеева,Мария,180,2,Лодейное,1982-03-09,9
2607,Леонов,Роман,180,4,Вологда,1984-04-21,8
2608,Урядников,Александр,80,3,Урай,1985-01-16,33
2609,Соснина,Ирина,180,3,Великие Луки,1985-02-06,26
2610,Панарина,Ольга,200,2,Кирово-Чепецк,1987-12-08,48
2611,Голиков,Иван,340,4,Волжск,1980-12-21,23
2612,Зенищева,Алла,260,4,Усинск,1983-11-12,95
2613,Минайлова,Валентина,480,2,Свердловск-44,1986-04-04,21
2614,Аникина,Наталья,120,1,Карабаново,1987-03-18,3
2615,Маслова,Елена,260,4,Печоры,1985-10-27,2
2616,Стремилова,Светлана,440,3,Елизово,1985-04-25,4
2617,Маслов,Александр,440,3,Ирбит,1983-08-31,34
2618,Мансурова,Елизавета,400,2,Радужный,1985-10-06,83
2619,Лускин,Игорь,370,3,Светлоград,1980-06-22,97
2620,Боровлев,Вадим,400,3,Когалым,1989-03-15,59
2621,Маликова,Юлия,450,4,Малгобек,1982-07-20,54
2622,Меркулова,Виктория,140,4,Ирбит,1988-05-21,85
2623,Гура,Татьяна,360,1,Шебекино,1989-07-29,64
2624,Чистякова,Елизавета,220,3,Горячий Ключ,1989-11-01,18
2625,Мосейкина,Марина,130,2,Щербинка,1986-12-20,5
2626,Тухикян,Артур,450,2,Анжеро-Судженск,1985-06-08,9
2627,Чернобривенко,Ольга,380,1,Дальнереченск,1982-11-03,57
2628,Поликарпов,Игорь,400,4,Кольчугино,1982-11-07,22
2629,Стешенко,Сергей,80,4,Холмск,1988-04-11,34
2630,Новикова,Ирина,50,4,Заринск,1987-02-02,54
2631,Гридина,Елена,60,3,Муром,1985-09-15,81
2632,Мерчанская,Екатерина,80,4,Хорошево,1985-08-16,36
2633,Конева,Елена,220,2,Первоуральск,1981-08-21,98
2634,Грибанова,Елена,450,1,Дмитровск-Орловский,1987-09-20,77
2635,Палагина,Евгения,270,3,Великий Устюг,1980-07-12,10
2636,Балаева,Анна,500,1,Невель,1989-12-03,69
2637,Попова,Алена,230,1,Карабаново,1983-06-20,21
2638,Кошелева,Елена,430,4,Мураши,1985-03-01,10
2639,Нестеров,Александр,270,1,Алексин,1982-05-09,57
2640,Колесникова,Надежда,310,1,Мензелинск,1987-10-17,40
2641,Меньших,Яна,330,2,Важская Запань,1985-06-04,97
2642,Смирнова,Татьяна,540,4,Муром,1982-04-20,89
2643,Черкас,Елена,400,3,Хвалынск,1986-02-13,50
2644,Зыбенко,Надежда,500,1,Южно-Сахалинск,1984-05-13,11
2645,Каратыгина,Марина,400,4,Касли,1982-09-29,32
2646,Жуков,Евгений,520,1,Десногорск,1980-09-14,96
2647,Гелин,Антон,190,1,Шумерля,1984-06-13,91
2648,Нестеров,Александр,110,2,Северск,1983-08-15,98
2649,Митрошин,Сергей,210,4,Верхняя Пышма,1987-06-24,66
2650,Попова,Людмила,440,3,Руза,1988-10-26,35
2651,Ильинова,Екатерина,240,1,Ржев,1987-09-18,12
2652,Рожкова,Анна,370,4,Красноармейск,1985-10-01,45
2653,Ильинова,Екатерина,500,1,Грязи,1989-08-23,67
2654,Кондратьева,Марина,60,2,Новотроицк,1989-05-29,24
2655,Коровина,Марина,200,2,Нелидово,1980-09-08,66
2656,Козлов,Роман,400,3,Заречный,1987-03-06,82
2657,Шкуропат,Юрий,200,2,Буденновск,1981-08-25,85
2658,Родина,Альбина,180,2,Юрьев-Польский,1983-08-17,23
2659,Киселева,Елена,220,2,Карабаш,1982-05-28,22
2660,Поправко,Максим,440,4,Краснокаменск,1986-10-23,58
2661,Першин,Роман,460,1,Солга,1984-01-08,85
2662,Каширский,Антон,300,3,Климовск,1981-08-19,50
2663,Белов,Дмитрий,100,3,Богданович,1988-07-13,27
2664,Зуев,Владимир,180,3,Снежинск,1984-09-03,88
2665,Геращенкова,Жанна,520,1,Кемерово,1982-12-13,30
2666,Бондаренко,Елена,210,2,Ядрин,1982-01-12,2
2667,Соловьева,Наталья,140,1,Покров,1987-11-26,68
2668,Петрова,Светлана,210,3,Галич,1981-07-03,48
2669,Енин,Александр,330,2,Акбулак,1982-07-10,42
2670,Хрипунков,Максим,390,3,Снежногорск,1984-12-23,73
2671,Дронова,Наталия,310,4,Петрозаводск,1987-06-15,74
2672,Земскова,Екатерина,360,4,Неман,1980-05-01,21
2673,Погорельский,Вячеслав,100,2,Кашира,1987-03-03,10
2674,Шубина,Мария,270,3,Бугуруслан,1986-04-26,49
2675,Шахов,Александр,390,3,Дорогобуж,1982-04-23,75
2676,Игнатуша,Наталья,530,4,Куйбышев,1983-10-05,83
2677,Гребинюков,Михаил,120,3,Черепаново,1982-04-23,78
2678,Сарычев,Михаил,420,1,Ростов,1982-08-08,88
2679,Максимов,Антон,430,3,Бобров,1980-03-13,74
2680,Добрынин,Александр,210,2,Кудымкар,1982-12-09,77
2681,Слепокуров,Сергей,130,1,Нерехта,1983-08-02,64
2682,Кудашова,Анастасия,450,3,Дорогобуж,1989-04-15,50
2683,Ильина,Анастасия,90,3,Дорогобуж,1981-12-09,74
2684,Стешенко,Сергей,460,4,Райчихинск,1986-11-05,94
2685,Бочкарева,Татьяна,310,4,Себеж,1987-10-12,74
2686,Яцкина,Наталия,390,3,Игарка,1987-01-22,25
2687,Крюков,Денис,230,3,Скопин,1982-03-23,52
2688,Клепов,Александр,280,4,Борисоглебск,1983-01-13,90
2689,Давыдов,Виктор,200,3,Невельск,1980-10-09,17
2690,Толсторожих,Павел,190,3,Киржач,1983-06-21,51
2691,Кулагин,Игорь,210,1,Давлеканово,1987-05-11,93
2692,Ищенко,Ольга,540,3,Гай,1983-04-30,94
2693,Кузнецова,Ольга,440,2,Усть-Илимск,1980-07-08,49
2694,Тетерич,Максим,340,3,Дятьково,1989-11-10,69
2695,Коробкин,Анатолий,50,4,Видное,1989-04-14,15
2696,Быков,Михаил,370,4,Железноводск,1980-09-06,82
2697,Солопов,Сергей,200,3,Мглин,1985-08-09,77
2698,Пономарева,Елена,400,3,Чебаркуль,1985-12-02,1
2699,Кравченко,Юрий,510,4,Лагань,1987-06-30,47
2700,Лепешкина,Елена,200,2,Жердевка,1985-09-06,30
2701,Звездин,Лев,420,1,Куйбышев,1982-04-08,24
2702,Глуховской,Дмитрий,330,2,Жуковка,1986-07-27,75
2703,Шумская,Ольга,110,3,Выборг,1983-02-11,59
2704,Вишнивецкий,Юрий,510,3,Мыски,1983-11-24,60
2705,Акатов,Сергей,280,3,Бикин,1985-05-01,10
2706,Паршина,Екатерина,500,1,Прокопьевск,1988-09-17,63
2707,Зенищева,Алла,410,2,Ачинск,1981-11-16,31
2708,Грошев,Андрей,130,4,Видим,1987-07-15,62
2709,Петруня,Ирина,490,1,Элиста,1981-02-18,36
2710,Акишина,Татьяна,190,2,Саянск,1987-07-30,43
2711,Филипцов,Артем,200,2,Уссурийск,1985-03-08,9
2712,Бойса,Матвей,530,3,Заозерный,1987-09-08,37
2713,Дибцева,Инна,490,2,Северо-Курильск,1982-10-14,48
2714,Пастухова,Вероника,110,3,Гаврилов-Ям,1984-12-26,32
2715,Рыжкова,Елена,280,1,Касли,1980-12-29,25
2716,Букреев,Юрий,180,2,Жуковка,1985-07-07,88
2717,Белокрылова,Инесса,320,1,Можга,1980-10-31,18
2718,Смотрова,Наталья,510,2,Карасук,1984-06-30,83
2719,Толмачева,Алла,270,1,Волоколамск,1988-09-11,34
2720,Гудкова,Евгения,70,4,Скалистый,1983-09-22,91
2721,Михеева,Марина,120,4,Волхов,1984-09-22,80
2722,Хмелев,Вадим,150,4,Багратионовск,1980-08-22,93
2723,Шатов,Данил,160,3,Мичуринск,1984-10-27,7
2724,Пономарев,Андрей,340,2,Гусев,1981-09-19,82
2725,Терлецкий,Антон,240,4,Струнино,1983-02-06,20
2726,Лобас,Илья,490,3,Слюдянка,1982-03-04,75
2727,Калабеков,Игорь,510,2,Болохово,1988-08-13,95
2728,Кумакова,Марина,240,3,Котовск,1980-08-18,55
2729,Бородин,Алексей,130,1,Вяземский,1983-04-25,72
2730,Золототрубова,Ольга,120,2,Согдиондон,1981-09-02,10
2731,Сиземова,Елена,290,4,Макарьев,1989-06-03,58
2732,Горюшкина,Евгения,230,2,Сосновоборск,1986-10-27,73
2733,Казьмина,Наталия,220,1,Новокуйбышевск,1983-03-23,2
2734,Иванов,Сергей,480,4,Воронеж,1986-04-20,81
2735,Щербакова,Евгения,230,1,Улан-Удэ,1989-11-09,87
2736,Мазниченко,Светлана,170,1,Казань,1984-11-23,22
2737,Литвинцева,Мария,310,4,Мегион,1980-09-07,63
2738,Забродина,Наталья,210,4,Нариманов,1987-02-12,43
2739,Федечкина,Светлана,200,1,Благовещенск,1981-09-15,98
2740,Калинин,Павел,70,4,Лихославль,1983-11-04,52
2741,Кукушкина,Екатерина,380,4,Дедовск,1988-09-07,68
2742,Ярошенко,Анна,370,1,Кириши,1986-09-20,68
2743,Соловьева,Елена,180,1,Балашиха,1983-08-03,84
2744,Титов,Евгений,210,3,Куровское,1982-06-09,6
2745,Румянцев,Андрей,520,3,Ефремковская,1986-09-05,7
2746,Анисимов,Юрий,180,3,Троицк,1987-08-22,97
2747,Сергеев,Алексей,540,4,Октябрьский,1982-04-08,5
2748,Пономарев,Сергей,280,3,Ишимбай,1982-06-11,15
2749,Будаева,Ирина,240,1,Губкинский,1980-12-17,76
2750,Мошкина,Любовь,240,2,Буденновск,1986-04-10,91
2751,Юрьев,Юрий,350,2,Спасск-Рязанский,1981-09-01,1
2752,Зубкова,Олеся,120,4,Туймазы,1980-09-27,18
2753,Ермоленко,Светлана,120,2,Нефтекумск,1989-09-03,72
2754,Бурцева,Александра,60,4,Сухиничи,1989-09-17,21
2755,Ивлев,Александр,440,1,Долинск,1986-06-07,43
2756,Грошев,Андрей,510,3,Южно-Сухокумск,1983-12-12,31
2757,Самойлов,Владимир,140,1,Болгар,1980-05-18,80
2758,Карайчев,Александр,270,2,Лахденпохья,1985-05-02,74
2759,Литвинцева,Мария,520,1,Сковородино,1989-03-15,47
2760,Колпакова,Марина,260,2,Сольцы-2,1981-09-03,76
2761,Шишкин,Константин,110,3,Поворино,1980-07-22,9
2762,Соловьева,Наталья,520,3,Глазов,1985-06-14,84
2763,Красноруйкая,Анжелика,240,3,Ишим,1983-05-05,19
2764,Сунцова,Елена,300,4,Богородск,1986-12-07,46
2765,Земскова,Екатерина,230,4,Александровск,1984-03-12,49
2766,Гончаренко,Светлана,490,4,Пестово,1981-12-06,54
2767,Просветов,Константин,420,2,Меленки,1985-04-03,11
2768,Ковалева,Марина,360,1,Емва,1984-11-23,54
2769,Кряквин,Сергей,320,2,Минусинск,1989-10-11,49
2770,Карпичева,Марина,160,2,Шахтерск,1988-01-19,66
2771,Лизин,Сергей,60,2,Березовский,1983-03-16,17
2772,Алехина,Надежда,160,1,Пушкино,1983-06-21,17
2773,Канонистов,Виталий,190,4,Опочка,1987-09-20,30
2774,Чистякова,Ольга,210,1,Пыталово,1987-07-08,22
2775,Качкова,Екатерина,60,4,Отрадное,1981-08-07,17
2776,Тверетинова,Ксения,300,4,Зима,1981-11-29,46
1808,Конева,Ирина,250,2,Ворсма,1987-01-28,4
1809,Духанин,Сергей,510,3,Котельниково,1983-01-28,87
1810,Гармонщикова,Оксана,240,3,Ключи,1988-10-04,21
1811,Антонова,Ирина,420,4,Цивильск,1989-09-07,32
1812,Масалыкина,Мария,60,2,Духовщина,1989-03-16,34
1813,Кочеткова,Маргарита,190,3,Маркс,1985-12-01,44
1814,Афанасьев,Виталий,340,4,Прохладный,1980-11-29,35
1815,Хренова,Елена,280,2,Темрюк,1984-10-16,81
1816,Воропаев,Сергей,290,4,Ижевск,1980-02-11,83
1817,Кораблин,Михаил,70,2,Руза,1985-03-31,72
1818,Петрова,Анна,120,3,Никольское,1981-04-06,56
1819,Рожнова,Татьяна,120,3,Самара,1983-01-31,63
1820,Баранников,Евгений,230,4,Красный Холм,1984-03-29,27
1821,Барсукова,Светлана,410,2,Рудня,1989-04-07,53
1822,Хатунцева,Светлана,230,1,Свердловск-45,1987-12-04,89
1823,Царьков,Андрей,80,3,Пестово,1988-01-07,47
1824,Болдырев,Евгений,70,2,Суоярви,1980-11-06,17
1825,Осокин,Макар,400,1,Лебедянь,1981-05-28,78
1826,Блинов,Петр,480,2,Жирновск,1981-07-19,27
1827,Глазьева,Марина,540,3,Ефремов,1987-11-21,58
1828,Сотникова,Анна,510,1,Черепаново,1984-06-12,92
1829,Добрынина,Анна,360,3,Сочи,1987-02-15,19
1830,Большакова,Екатерина,430,1,Светлый,1981-05-02,20
1831,Рыбачев,Андрей,130,2,Хабаровск,1985-07-05,13
1832,Гриднев,Михаил,50,1,Новозыбков,1980-03-10,46
1833,Михайлова,Елена,410,2,Ленино-Ульяновское,1985-01-26,50
1834,Назарьев,Михаил,480,1,Среднеуральск,1982-06-30,69
1835,Борзенков,Максим,340,3,Усть-Лабинск,1984-08-07,19
1836,Соколова,Елена,520,4,Ленск,1982-08-19,43
1837,Рязанцев,Александр,500,4,Гурьевск,1985-05-16,12
1838,Рыжкова,Елена,430,3,Райчихинск,1989-10-20,53
1839,Демеш,Кирилл,280,3,Солнечногорск,1987-01-27,85
1840,Островерхова,Наталья,120,1,Майский,1989-02-01,43
1841,Сустретова,Наталья,100,2,Мыски,1980-09-18,97
1842,Полянский,Юрий,500,2,Лениногорск,1984-09-20,22
1843,Лепская,Ирина,340,4,Курлово,1987-12-20,97
1844,Веременникова,Елена,110,1,Щучье,1981-02-07,61
1845,Терехова,Елена,540,1,Бузулук,1988-01-12,97
1846,Ким,Юлия,450,3,Салават,1985-11-06,53
1847,Ливенская,Алевтина,530,4,Плес,1987-03-17,30
1848,Камынин,Александр,250,3,Змеиногорск,1980-02-13,55
1849,Пасторов,Александр,360,3,Горно-Чуйский,1981-05-31,48
1850,Ким,Юлия,450,4,Вышний Волочек,1985-02-22,37
1851,Макарова,Екатерина,470,4,Псков,1989-11-29,34
1852,Козин,Павел,410,3,Очер,1986-01-09,44
1853,Пестунов,Михаил,120,1,Сретенск,1989-01-11,40
1854,Камышов,Вадим,160,1,Камышлов,1984-08-29,10
1855,Леньков,Александр,230,4,Арамиль,1989-07-16,16
1856,Лазарев,Михаил,150,4,Жиздра,1989-08-03,86
1857,Громов,Станислав,400,1,Краснознаменск,1989-09-26,37
1858,Ботыгина,Ольга,470,2,Комсомольск-на-Амуре,1981-03-09,95
1859,Воронюк,Ираида,520,3,Тара,1980-06-26,77
1860,Выростков,Дмитрий,420,4,Салаир,1982-05-28,72
1861,Заволокина,Ирина,220,4,Дмитровск-Орловский,1987-02-17,46
1862,Богданов,Дмитрий,550,1,Белогорск,1988-08-23,8
1863,Морозова,Оксана,260,4,Волжск,1989-05-23,88
1864,Калиткина,Виктория,500,3,Псков,1980-05-31,10
1865,Тимофеева,Елена,320,2,Полесск,1981-09-13,75
1866,Кумарин,Николай,370,4,Арсеньев,1980-08-04,96
1867,Самсонов,Иван,390,1,Ейск,1986-12-27,36
1868,Бакунец,Дмитрий,90,3,Екатеринбург,1989-09-06,12
1869,Чередник,Артем,220,1,Кинель,1983-12-03,83
1870,Долгачева,Екатерина,180,4,Еманжелинск,1987-07-29,86
1871,Никитинская,Екатерина,550,2,Макушино,1984-06-14,35
1872,Костюченко,Евгений,230,3,Мураши,1985-06-13,8
1873,Берлизев,Станислав,380,2,Заозерск,1983-10-31,61
1874,Белякова,Юлия,340,3,Великие Луки,1986-11-18,19
1875,Кузнецова,Алла,240,1,Валуйки,1981-04-06,21
1876,Атанова,Наталья,510,1,Дальнегорск,1987-12-29,45
1877,Гридяев,Михаил,50,1,Черногорск,1984-12-30,47
1878,Жуков,Роман,150,3,Азов,1984-04-23,73
1879,Терещенко,Виктория,550,4,Скалистый,1983-08-01,53
1880,Кипрушева,Наталия,250,1,Новгород,1981-08-08,48
1881,Калинин,Александр,370,2,Заозерный,1983-05-31,43
1882,Кунаев,Анатолий,470,3,Новопавловск,1980-06-12,77
1883,Щербакова,Наталья,500,3,Раменское,1984-12-31,94
1884,Горбунова,Татьяна,520,2,Саратов,1984-12-26,43
1885,Волошин,Евгений,100,2,Невельск,1984-03-23,79
1886,Зарубин,Александр,400,2,Иваново,1986-03-23,95
1887,Челнаков,Александр,100,4,Чусовой,1983-10-07,44
1888,Солдатов,Сергей,290,1,Печоры,1984-06-16,89
1889,Зейнетдинов,Марат,210,4,Медынь,1981-10-25,57
1890,Смородинов,Андрей,60,4,Реутов,1985-03-12,56
1891,Горохова,Евгения,310,1,Ирбит,1983-04-19,41
1892,Шебанов,Александр,460,3,Мосальск,1983-04-27,53
1893,Зейнетдинов,Марат,180,4,Гусиноозерск,1981-02-27,55
1894,Томилова,Татьяна,210,2,Советск,1982-03-14,82
1895,Мамонов,Сергей,190,3,Мегет,1985-02-26,86
1896,Трубчанинов,Иван,240,1,Сасово,1983-08-07,17
1897,Лещев,Сергей,130,4,Калачинск,1980-12-16,1
1898,Снегирева,Людмила,150,4,Сысерть,1980-12-11,16
1899,Чуркин,Юрий,360,4,Александровск-Сахалинский,1986-03-24,19
1900,Овечкин,Иван,380,2,Трубчевск,1988-10-07,29
1901,Простаков,Сергей,220,2,Среднеколымск,1981-07-14,11
1902,Башкатов,Александр,100,2,Камызяк,1985-04-01,44
1903,Уралев,Николай,130,3,Апатиты,1984-04-07,44
1904,Левина,Наталия,530,3,Советская Гавань,1988-06-28,10
1905,Беспалов,Андрей,530,1,Бердск,1982-11-22,74
1906,Байрамов,Камиль,370,4,Юра,1981-04-24,92
1907,Фетисов,Роман,190,4,Ноябрьск,1988-08-13,40
1908,Болгов,Алексей,320,4,Кострома,1988-12-19,88
1909,Кудаев,Александр,90,3,Навашино,1980-12-19,38
1910,Канин,Артем,410,1,Богданович,1980-10-26,27
1911,Кобцев,Виктор,140,2,Сельцо,1985-04-06,51
1912,Игнатченко,Ольга,500,2,Нолинск,1985-01-26,40
1913,Румянцев,Андрей,60,3,Тавда,1982-07-14,80
1914,Вакина,Ольга,120,1,Себеж,1987-04-27,72
1915,Перцева,Екатерина,280,1,Мегет,1987-11-30,46
1916,Сухорукова,Елена,90,1,Полысаево,1982-09-29,11
1917,Волощенко,Юрий,60,3,Кронштадт,1981-09-11,37
1918,Никифорова,Марина,180,2,Островной,1980-08-17,60
1919,Яровая,Татьяна,320,3,Свердловск-44,1989-06-02,29
1920,Неверко,Виктория,400,4,Долгопрудный,1982-11-13,5
1921,Казьмина,Елена,250,2,Одинцово,1983-06-27,70
1922,Скляров,Михаил,420,1,Ядрин,1986-08-05,47
1923,Золотарев,Павел,160,1,Фурманов,1980-03-02,93
1924,Рогожина,Кира,90,4,Королев,1980-02-07,41
1925,Овсянникова,Наталья,470,3,Красная Горбатка,1982-06-29,16
1926,Асташкина,Ирина,370,3,Пермь,1982-03-16,74
1927,Поваляева,Марина,80,2,Батайск,1982-09-01,92
1928,Турбин,Евгений,290,2,Пестово,1982-10-30,85
1929,Пикалова,Ирина,370,1,Пушкино,1987-01-05,50
1930,Хромых,Ирина,170,3,Пушкино,1988-03-03,54
1931,Степкин,Александр,380,2,Ковдор,1984-02-26,42
1932,Лобова,Елена,210,3,Георгиевск,1982-11-01,59
1933,Полищук,Владимир,470,4,Кашира,1981-09-14,50
1934,Карташов,Роман,300,3,Тында,1984-01-13,9
1935,Беляева,Светлана,410,4,Лосино-Петровский,1981-04-08,75
1936,Челнаков,Александр,90,2,Соль-Илецк,1985-09-21,43
1937,Ушакова,Елена,420,3,Отрадный,1984-02-20,51
1938,Кузнецов,Василий,60,2,Пестово,1982-12-22,94
1939,Дмитриева,Виктория,370,3,Кириши,1983-08-26,52
1940,Гречка,Наталия,160,2,Ишимбай,1985-10-05,53
1941,Авраменко,Наталья,540,2,Наро-Фоминск,1983-05-18,9
1942,Пожидаева,Ольга,390,1,Билибино,1986-04-17,90
1943,Шабанова,Людмила,70,1,Вологда,1985-08-21,47
1944,Колпакова,Елена,80,3,Колпино,1981-03-10,39
1945,Лисина,Светлана,300,3,Асбест,1980-11-01,45
1946,Проскурякова,Екатерина,380,1,Крымск,1989-11-04,33
1947,Головкина,Юлия,230,2,Билибино,1987-10-05,89
1948,Калаева,Жанна,450,1,Березники,1988-07-27,38
1949,Бледных,Юлия,510,1,Кола,1986-07-26,15
1950,Волошин,Сергей,190,2,Куйбышев,1987-04-03,11
1951,Полякова,Мария,260,4,Спас-Клепики,1982-04-12,45
1952,Рыжкова,Татьяна,480,3,Духовщина,1987-05-24,92
1953,Герасимов,Филипп,70,1,Каменск-Уральский,1986-05-19,21
1954,Голощапова,Екатерина,520,4,Назарово,1987-04-20,81
1955,Веретнова,Евгения,440,1,Карталы,1989-06-12,31
1956,Свиридова,Марина,290,4,Зеленоградск,1988-04-23,1
1957,Семыкин,Павел,390,4,Яранск,1987-09-19,82
1958,Коротких,Никита,160,4,Октябрьский,1985-04-18,58
1959,Тарарыков,Роман,80,3,Бикин,1983-10-28,20
1960,Савенкова,Лилия,540,4,Шокша,1981-05-07,67
1961,Завалина,Светлана,490,3,Кулебаки,1984-10-31,20
1962,Горынина,Татьяна,330,2,Щучье,1980-10-22,61
1963,Гаврилова,Наталья,420,1,Железногорск,1982-02-22,83
1964,Лаврентьев,Юрий,130,1,Альметьевск,1982-06-24,74
1965,Комова,Анастасия,260,2,Буйнакск,1986-03-12,5
1966,Попов,Сергей,300,1,Кодинск,1986-07-12,61
1967,Матусова,Инна,490,1,Котлас,1987-03-27,68
1968,Попова,Екатерина,130,3,Володарск,1989-10-15,87
1969,Бакулина,Ксения,60,1,Шенкурск,1989-08-05,20
1970,Кузнецова,Вера,160,4,Чадан,1985-09-29,47
1971,Аралова,Мария,60,4,Ожерелье,1984-06-23,5
1972,Гаврилова,Наталья,110,1,Агрыз,1982-10-07,54
1973,Бабурин,Игорь,340,4,Малоархангельск,1982-12-11,86
1974,Андреещева,Елена,460,3,Свердловск-44,1988-01-27,88
1975,Трапезникова,Ирина,120,1,Грязи,1980-02-14,91
1976,Харламова,Татьяна,460,1,Лениногорск,1980-10-09,88
1977,Попов,Максим,340,2,Рудня,1981-03-01,85
1978,Петровская,Наталья,320,2,Белебей,1986-01-01,92
1979,Лесных,Вяечслав,140,3,Богданович,1983-03-07,27
1980,Солдатенко,Дмитрий,160,1,Буинск,1989-05-29,28
1981,Чудинов,Константин,220,2,Верея,1982-04-05,56
1982,Степанов,Вячеслав,60,1,Видим,1986-12-06,49
1983,Пеньков,Никита,520,2,Лакинск,1985-02-15,45
1984,Ведерникова,Анна,210,1,Снежногорск,1985-10-09,98
1985,Мельникова,Елена,400,1,Петровск-Забайкальский,1987-12-01,68
1986,Образцов,Александр,170,4,Петухово,1988-02-23,40
1987,Кулакова,Людмила,100,4,Сафоново,1984-01-18,98
1988,Егоров,Александр,540,1,Боровск,1986-03-06,53
1989,Борзенков,Максим,270,4,Подпорожье,1986-09-08,5
1990,Николаев,Кирилл,420,3,Болхов,1984-07-06,53
1991,Ушакова,Елена,310,3,Рыльск,1982-07-20,6
1992,Панов,Александр,280,4,Северобайкальск,1982-07-21,45
1993,Чуносов,Алексей,340,2,Пушкино,1980-02-23,62
1994,Казьмин,Андрей,110,2,Похвистнево,1981-04-08,4
1995,Гордиенко,Татьяна,300,1,Буденновск,1981-02-03,22
1996,Каврасская,Галина,480,4,Сибай,1985-12-18,56
1997,Тарасов,Евгений,130,3,Важская Запань,1985-01-25,9
1998,Макашова,Татьяна,80,2,Няндома,1986-10-02,76
1999,Алиева,Юлия,210,2,Кадников,1980-12-27,36
2000,Забавникова,Мария,510,2,Сычевка,1988-07-06,3
2001,Авдюшин,Артем,120,2,Отрадное,1987-01-28,18
2002,Орлова,Екатерина,280,3,Юрга,1982-05-31,41
2003,Киреев,Алексей,150,4,Камышин,1983-10-06,91
2004,Калинина,Анна,290,3,Янаул,1987-01-10,69
2005,Литвинов,Сергей,470,3,Гурьевск,1983-09-01,89
2006,Кадыш,Светлана,190,2,Макарьев,1989-11-22,88
2007,Дробышев,Вячеслав,500,2,Самара,1986-02-22,63
2008,Хаванский,Александр,490,1,Ряжск,1984-10-16,64
2009,Бушкова,Юлия,400,1,Углич,1987-02-22,15
2010,Зарбалиева,Мария,90,1,Хужир,1987-09-01,6
2011,Бережной,Алексей,120,3,Назрань,1982-05-02,62
2012,Литвинова,Екатерина,50,3,Ишимбай,1989-11-02,88
2013,Лычагин,Максим,290,1,Нефтегорск,1980-06-18,44
2014,Песков,Андрей,360,4,Сухой Лог,1981-11-14,74
2015,Федотова,Олеся,420,1,Новая Ляля,1987-10-18,56
2016,Дорошенко,Елена,370,3,Михайловск,1980-11-23,49
2017,Кириллова,Ирина,120,2,Октябрьский,1981-04-20,85
2018,Задоина,Лидия,500,4,Бежецк,1988-11-11,75
2019,Тхорь,Елена,190,1,Трехгорный-1,1981-05-20,96
2020,Черноволов,Владимир,320,1,Кадников,1984-07-29,78
2021,Осипова,Светлана,480,3,Ялуторовск,1982-07-18,17
2022,Тюляева,Инна,190,4,Калач-на-Дону,1989-04-15,27
2023,Дугина,Елена,360,2,Абаза,1984-10-23,17
2024,Акопов,Денис,170,4,Зубцов,1989-12-26,36
2025,Черноиванов,Михаил,210,4,Топки,1989-06-18,1
2026,Соболев,Павел,60,3,Нальчик,1985-11-23,69
2027,Бакаленко,Ирина,210,2,Саянск,1981-06-09,35
2028,Проскуряков,Роман,330,3,Новоуральск,1989-03-17,91
2029,Сидорова,Анна,440,4,Павловск,1986-08-27,39
2030,Колиух,Дмитрий,60,2,Кудымкар,1980-02-15,26
2031,Слабейкин,Кузьма,120,4,Новоржев,1988-05-09,69
2032,Гелин,Антон,190,3,Аксай,1984-11-08,32
2033,Болгов,Алексей,460,4,Ядрин,1980-03-02,4
2034,Пырочкин,Александр,320,2,Армавир,1984-08-28,39
2035,Расновский,Александр,120,4,Маркс,1988-09-10,65
2036,Матвиенко,Анна,310,4,Белогорск,1988-04-03,31
2037,Татаринцев,Александр,440,1,Тихорецк,1982-10-28,21
2038,Пушмина,Светлана,320,4,Кировград,1981-11-28,4
2039,Сидорова,Анна,440,1,Североморск,1983-03-16,65
2040,Тюнина,Ирина,400,4,Злынка,1984-05-22,73
2041,Турчанинов,Сергей,70,2,Пыть-Ях,1983-03-13,11
2042,Дедова,Татьяна,400,3,Гурьевск,1980-08-21,44
2043,Каратаев,Петр,160,4,Полесск,1982-12-03,4
2044,Шахов,Александр,220,3,Октябрьский,1982-02-10,38
2045,Панова,Наталья,70,3,Киров,1981-02-23,98
2046,Никульшин,Михаил,130,1,Мезень,1985-09-07,79
2047,Патенко,Юлия,490,2,Мурманск,1987-02-24,82
2048,Власова,Екатерина,380,3,Оса,1980-10-19,55
2049,Канин,Артем,280,3,Железнодорожный,1985-06-30,59
2050,Кобцев,Виктор,440,2,Киреевск,1988-02-06,12
2051,Дунаевский,Олег,390,2,Нефтеюганск,1983-05-31,74
2052,Левитан,Надежда,120,3,Струнино,1987-01-14,16
2053,Вышегородских,Галина,420,1,Камень-на-Оби,1981-09-15,43
2054,Заруднев,Евгений,180,4,Далматово,1985-06-25,87
2055,Громов,Станислав,300,3,Макарьев,1988-08-06,46
2056,Подгорная,Евгения,270,4,Углич,1987-05-18,88
2057,Медведчук,Иван,260,2,Чехов-3,1980-02-07,17
2058,Никитин,Максим,300,1,Ясногорск,1984-12-08,69
2059,Выростков,Дмитрий,170,2,Свердловск-45,1983-02-21,7
2060,Пожидаева,Мария,530,3,Киров,1985-10-16,75
2061,Гордиенко,Надежда,310,1,Назарово,1987-07-27,12
2062,Зацепина,Ирина,120,2,Нюрба,1983-06-17,75
2063,Кешелашвили,Дмитрий,510,3,Мглин,1982-03-25,38
2064,Кокоева,Татьяна,300,1,Калач,1986-12-09,3
2065,Сушкова,Ирина,80,4,Ядрин,1988-03-22,44
2066,Кузнецова,Екатерина,500,4,Тула,1983-01-30,74
2067,Белявская,Оксана,60,4,Пятигорск,1981-01-02,25
2068,Овечкин,Иван,290,1,Мичуринск,1988-10-23,31
2069,Киселев,Андрей,300,4,Ипатово,1980-12-22,74
2070,Руденко,Светлана,300,4,Сольцы,1980-08-29,91
2071,Петрова,Вера,100,2,Правдинск,1982-10-18,29
2072,Лачугина,Елена,310,4,Междуреченск,1980-11-07,57
2073,Деева,Елена,360,2,Кострома,1984-06-29,14
2074,Резникова,Наталья,510,3,Благовещенск,1984-08-07,4
2075,Ткачев,Александр,90,2,Раменское,1982-03-06,55
2076,Абузов,Вадим,490,4,Кодинск,1986-02-12,98
2077,Крячко,Антон,230,1,Александровск-Сахалинский,1982-07-30,82
2078,Сьянова,Анна,320,3,Кировск,1983-05-31,54
2079,Осыкина,Юлия,530,2,Подольск,1987-01-28,7
2080,Станиславский,Сергей,300,4,Шатура,1988-09-09,8
2081,Зуева,Марина,100,2,Мураши,1985-04-08,90
2082,Матвиенко,Дмитрий,270,3,Новочеркасск,1983-05-27,38
2083,Пархачева,Ирина,450,1,Лысково,1986-08-14,33
2084,Бушуев,Александр,450,4,Кунгур,1989-10-03,56
2085,Дятчин,Артем,550,1,Североуральск,1983-11-14,97
2086,Филатова,Галина,330,2,Красный Кут,1985-05-05,93
2087,Родионов,Владимир,190,4,Темрюк,1983-12-10,12
2088,Исаева,Кира,510,2,Меленки,1988-07-30,86
2089,Сараева,Светлана,110,3,Красный Сулин,1980-02-15,61
2090,Горбова,Елена,520,1,Новосибирск,1982-07-16,32
2091,Калинин,Вячеслав,70,3,Мегион,1985-09-13,20
2092,Святкин,Александр,170,4,Петропавловск-Камчатский,1986-12-06,13
2093,Кузовков,Владимир,190,4,Медынь,1982-09-16,82
2094,Яременко,Сергей,60,2,Себеж,1984-12-29,85
2095,Склярова,Ольга,390,2,Олекминск,1982-07-04,83
2096,Подгорная,Евгения,90,3,Ефремов,1988-01-17,23
2097,Пономарев,Александр,150,3,Сердобск,1986-05-30,23
2098,Сурай,Татьяна,390,1,Воркута,1987-03-06,50
2099,Кугатов,Александр,160,3,Заволжск,1986-12-07,24
2100,Бондарев,Сергей,360,1,Солигалич,1983-09-20,19
2101,Вичина,Татьяна,140,3,Серафимович,1981-12-17,35
2102,Деханов,Кирилл,280,3,Теребино,1989-02-06,57
2103,Овчинников,Михаил,170,3,Старый Оскол,1988-06-15,12
2104,Костюков,Сергей,220,4,Лермонтов,1985-08-11,87
2105,Комаров,Никита,220,1,Ленинск,1987-01-06,30
2106,Татаркова,Елена,290,1,Тверь,1983-03-01,96
2107,Антропова,Марина,100,1,Лукоянов,1986-11-10,28
2108,Шахов,Александр,480,3,Балабаново,1989-06-03,6
2109,Прокопова,Наталия,200,2,Яровое,1981-04-13,91
2110,Гребенюк,Георгий,360,3,Пасьва,1981-06-26,81
2111,Цветкова,Елена,520,1,Переславль-Залесский,1988-06-30,83
2112,Богданов,Алексей,310,4,Ковылкино,1982-12-08,83
2113,Тюрина,Ольга,460,2,Смоленск,1981-03-01,94
2114,Руденко,Владимир,70,4,Серпухов,1981-03-19,21
2115,Горохова,Евгения,240,3,Суздаль,1982-01-12,26
2116,Образцов,Евгений,320,3,Лянтор,1981-07-31,57
2117,Лазарев,Михаил,340,3,Балтийск,1982-01-08,84
2118,Трунов,Александр,240,3,Соль-Илецк,1987-07-12,47
2119,Лыжова,Елена,540,2,Сысерть,1982-11-20,59
2120,Сердюкова,Ольга,200,1,Ардон,1987-08-13,43
2121,Ревина,Елизавета,260,1,Сольцы,1988-05-22,45
2122,Москалева,Евгения,480,1,Навашино,1986-10-02,7
2123,Щербин,Олег,140,4,Медногорск,1988-02-21,58
2124,Горелов,Евгений,110,2,Верхнеуральск,1981-07-10,14
2125,Аржаных,Валерия,270,3,Калачинск,1985-03-31,44
2126,Кукареко,Ирина,160,1,Тында,1984-05-15,15
2127,Дмитриева,Виктория,500,4,Люберцы,1986-02-13,30
2128,Кучер,Жанна,430,4,Красный Холм,1986-08-12,83
2129,Гусева,Наталья,510,2,Новый Куваш,1985-08-27,37
2130,Осипова,Ольга,340,4,Чердынь,1985-05-11,39
2131,Харыкин,Алексей,210,4,Бавлы,1987-04-11,64
2132,Горелов,Евгений,160,1,Хабаровск,1980-08-23,1
2133,Калинин,Вячеслав,100,1,Никольское,1982-11-27,73
2134,Дунаевский,Олег,100,1,Важская Запань,1986-08-11,50
2135,Стрельникова,Светлана,270,1,Лодейное Поле,1985-10-06,95
2136,Брагина,Маргарита,510,1,Светлогорск,1980-04-13,73
2137,Петрова,Ольга,480,4,Урай,1987-07-06,29
2138,Саплина,Инна,140,2,Горбатов,1983-11-01,59
2139,Винокуров,Владислав,210,1,Верхняя Салда,1983-04-07,32
2140,Винокуров,Станислав,540,4,Белогорск,1987-03-29,94
2141,Ботова,Ирина,220,4,Онега,1982-01-31,67
2142,Шаталина,Марина,80,4,Азов,1987-09-26,41
2143,Агарушева,Виктория,200,3,Плавск,1989-05-12,50
2144,Максименко,Юлия,240,2,Сольвычегодск,1987-01-14,40
2145,Быкова,Елена,400,3,Светлый,1989-06-29,1
2146,Шелухина,Ольга,250,1,Коммунар,1986-11-25,91
2147,Турбин,Евгений,220,4,Смольянец,1985-03-12,57
2148,Лунева,Виктория,240,4,Советская Гавань,1984-01-02,27
2149,Никишин,Максим,340,4,Липки,1982-06-04,93
2150,Баранова,Елена,240,3,Камень-на-Оби,1987-02-10,93
2151,Богомолова,Екатерина,370,1,Новоалександровск,1989-07-07,61
2152,Рубан,Михаил,540,3,Сольцы,1988-08-31,8
2153,Дяковская,Оксана,160,3,Анива,1984-07-23,45
2154,Кутина,Анна,500,1,Сысерть,1989-07-17,61
2155,Никитаев,Виталий,470,2,Липецк,1989-01-09,10
2156,Коняхина,Елена,460,4,Губкинский,1986-02-04,95
2157,Кальченко,Анна,,2,Снежинск,1986-08-24,31
2158,Пронина,Юлия,110,1,Кулебаки,1982-08-18,14
2159,Егоров,Александр,310,4,Черемхово,,71
2160,Кривоносова,Ольга,330,2,Вязьма,1986-03-26,62
2161,Клинникова,Татьяна,170,2,Мирный,1982-09-01,97
2162,Бабанская,Ольга,60,1,Долматово,1984-12-08,84
2163,Кунаев,Анатолий,100,1,Новочебоксарск,1987-05-06,4
2164,Садчикова,Татьяна,350,2,Слободской,1989-11-30,41
2165,Максимов,Максим,340,1,Гусиноозерск,1984-03-18,52
2166,Березина,Ольга,290,3,Шиловская,1988-12-12,64
2167,Фролова,Елена,520,2,Ельня,1982-04-26,92
2168,Артемьева,Татьяна,440,4,Озерск,1986-08-11,52
2169,Дрокина,Ольга,420,4,Котельниково,1983-07-08,43
2170,Байдичева,Ольга,70,3,Бабушкин,1988-01-10,46
2171,Науменко,Андрей,310,3,Вяземский,1987-03-19,79
2172,Рудман,Александр,,1,Опочка,1982-06-11,19
2173,Саввина,Елена,320,2,Орск,1988-01-29,85
2174,Кривоногов,Константин,310,3,,1981-06-04,8
2175,Фролова,Ольга,510,1,Железногорск,1984-08-30,16
2176,Данилова,Оксана,550,2,Каменск-Уральский,1989-09-02,20
2177,Медведева,Людмила,140,2,Таштагол,1982-05-18,52
2178,Васильев,Евгений,520,3,Сельцо,1984-09-25,56
2179,Петухова,Юлия,460,4,Янаул,1986-03-11,83
2180,Никоноров,Антон,240,3,Светлый,1981-03-11,35
2181,Михайлюк,Юлия,80,3,Волчанск,1984-08-14,9
2182,Сидельникова,Татьяна,330,4,Зеленодольск,1985-07-25,26
2183,Бухонов,Александр,150,3,Венев,1989-12-15,17
2184,Румянцев,Виктор,120,2,Лабытнанги,1986-01-25,59
2185,Куценко,Антон,130,1,Ликино-Дулево,1989-01-14,2
2186,Алехина,Ирина,480,2,Исилькуль,1986-10-12,88
2187,Кудрявцева,Светлана,490,1,Лесозаводск,1986-06-11,60
2188,Ткачев,Александр,100,3,Сим,1984-11-10,89
2189,Вяткина,Юлия,370,2,Анапа,1986-08-25,13
2190,Замалетдинова,Елена,70,4,Тула,1982-03-21,30
2191,Николаевская,Юлия,500,4,Железногорск,1986-04-13,84
2192,Варфоломеева,Яна,450,1,Шенкурск,1985-08-26,15
2193,Ткаченко,Екатерина,270,1,Мариинский Посад,1989-12-09,32
2194,Маликова,Валентина,550,2,Узловая,1982-02-18,2
2195,Шубин,Вячеслав,320,3,Кимры,1986-12-26,48
2196,Нагаев,Андрей,60,2,Верхний Уфалей,1984-07-14,63
2197,Ключанский,Дмитрий,70,3,Краснокамск,1989-07-25,22
2198,Шумлянский,Михаил,90,1,Гусь-Хрустальный,1988-04-18,39
2199,Буслов,Антон,520,4,Первомайск,1987-09-29,40
2200,Бубновский,Виктор,170,2,Вельск,1986-07-08,95
2201,Кашкарова,Марина,190,4,Поворино,1983-05-06,70
2202,Медведева,Светлана,120,4,Слободской,1981-01-24,32
2203,Малюгина,Светлана,150,3,Аксай,1984-01-23,84
2204,Новиков,Михаил,100,4,Краснознаменск,1985-07-18,31
2205,Боев,Андрей,310,3,Пионерский,1980-08-27,62
2206,Работинская,Кира,290,4,Махачкала,1983-03-12,49
2207,Бобров,Илья,140,3,Пермь,1986-05-29,66
2208,Мосягина,Татьяна,310,3,Туринск,1984-08-31,45
2209,Беляева,Ольга,530,2,Любим,1987-09-05,6
2210,Сатосова,Ольга,450,4,Красновишерск,1987-11-19,86
2211,Любарский,Алексей,140,1,Ливны,1989-08-18,14
2212,Зоркина,Анна,350,4,Костомукша,1989-12-14,8
2213,Логунов,Павел,190,1,Межгорье,1981-06-10,95
2214,Шишов,Владимир,210,1,Грязи,1980-10-07,80
2215,Мучникова,Татьяна,330,4,Биробиджан,1982-05-10,49
2216,Колпачева,Анастасия,390,3,Кашира,1984-04-23,13
2217,Журавлева,Татьяна,430,4,Заречный,1983-01-18,20
2218,Чиркова,Оксана,400,3,Шлиссельбург,1988-03-27,97
2219,Шаповалова,Надежда,490,2,Змеиногорск,1988-01-03,1
2220,Тутукина,Мария,140,2,Суровикино,1989-08-30,27
2221,Бахтерев,Максим,270,2,Дубовка,1983-04-10,3
2222,Бухтоярова,Ольга,130,1,Балабаново,1986-12-29,7
2223,Змеев,Владимир,500,4,Лесной,1981-11-11,20
2224,Байдичева,Ольга,60,1,Чистополь,1988-10-10,80
2225,Богомолова,Екатерина,170,2,Макарьев,1985-10-04,76
2226,Морозова,Ольга,140,3,Чебоксары,1982-01-25,72
2227,Агупова,Мария,460,2,Сатка,1980-07-31,56
2228,Анисимова,Ирина,480,2,Пенза,1980-02-19,48
2229,Передереев,Евгений,550,2,Белокуриха,1985-12-09,22
2230,Корыстин,Иван,420,4,Могоча,1983-03-28,60
2231,Лобанова,Алина,320,1,Александровск-Сахалинский,1983-09-18,1
2232,Лоторев,Константин,220,1,Кумертау,1982-01-25,11
2233,Артемьева,Татьяна,400,1,Батайск,1986-01-31,73
2234,Хрипков,Михаил,440,1,Хадыженск,1982-03-04,13
2235,Колотилин,Артем,300,2,Рязань,1988-09-10,61
2236,Лукьянчиков,Александр,120,4,Новоржев,1984-09-27,94
2237,Хорощенко,Максим,280,2,Агидель,1989-06-16,55
2238,Карайчев,Александр,210,4,Зеленоградск,1985-02-08,34
2239,Никоноров,Александр,490,3,Шокша,1983-08-24,68
2240,Красавин,Евгений,250,3,Советская Гавань,1981-01-01,24
2241,Емельянов,Евгений,120,2,Гороховец,1989-01-28,33
2242,Кретов,Александр,380,4,Рошаль,1988-06-04,28
2243,Довка,Юрий,510,2,Рудня,1984-09-01,6
2244,Ильинова,Екатерина,120,1,Бронницы,1989-10-08,30
2245,Гамов,Вячеслав,310,3,Чкаловск,1988-12-25,18
2246,Мячин,Андрей,290,2,Обь,1986-12-31,42
2247,Гончаров,Денис,350,3,Новочеркасск,1986-11-18,13
2248,Чащухина,Анна,210,1,Фрязино,1988-01-14,14
2249,Шишкин,Константин,240,3,Усть-Илимск,1988-07-22,66
2250,Шишкин,Николай,300,2,Артемовский,1987-08-05,21
2251,Черникова,Елена,110,4,Куровское,1980-11-18,22
2252,Иванова,Екатерина,480,4,Невинномысск,1980-01-10,51
2253,Панарина,Любовь,120,1,Свердловск-45,1982-10-26,48
2254,Вересов,Андрей,340,1,Жирновск,1982-03-23,79
2255,Искра,Татьяна,440,3,Луховицы,1988-11-01,3
2256,Щеголева,Анастасия,60,4,Верхний Уфалей,1984-09-02,84
2257,Кащурников,Иван,340,4,Лангепас,1984-03-02,86
2258,Тимин,Роман,490,1,Нововоронеж,1988-10-09,53
2259,Филиппов,Антон,240,3,Медногорск,1987-01-13,38
2260,Ижогин,Дмитрий,250,2,Асбест,1985-01-04,33
2261,Орлова,Александра,50,4,Цивильск,1983-07-29,79
2262,Соколова,Ольга,410,4,Ржев,1988-10-01,59
2263,Петров,Павел,480,1,Сердобск,1983-12-02,63
2264,Шевченко,Николай,500,2,Приозерск,1985-06-26,33
2265,Никитинская,Екатерина,540,3,Мглин,1981-08-15,77
2266,Долгачева,Екатерина,210,2,Полевской,1984-06-26,5
2267,Трубчанинов,Иван,220,3,Курган,1985-07-14,28
2268,Борисова,Марина,220,3,Мглин,1985-11-11,82
2269,Зарубин,Александр,130,3,Кадников,1982-06-15,56
2270,Соколов,Сергей,210,2,Тюмень,1980-08-19,22
2271,Панов,Андрей,200,3,Шокша,1982-06-16,61
2272,Котлярова,Анна,220,1,Киров,1982-10-26,45
2273,Мильнев,Андрей,110,1,Нижнекамск,1986-01-08,21
2274,Кутилин,Андрей,520,3,Дятьково,1987-05-07,94
2275,Попченкова,Юлия,460,1,Малгобек,1984-12-20,70
2276,Берлизев,Станислав,90,3,Рошаль,1982-10-08,43
2277,Корчагин,Александр,110,1,Медногорск,1986-08-25,20
2278,Ботыгина,Ольга,150,1,Уяр,1984-12-17,38
2279,Лукьянова,Ольга,120,4,Радужный,1985-10-04,82
2280,Смольянинова,Анастасия,300,1,Ливны,1982-01-21,40
2281,Тарасов,Дмитрий,140,4,Вольск,1988-05-05,76
2282,Криницин,Дмитрий,290,4,Парфеньево,1982-06-09,7
2283,Сапожников,Артем,340,1,Билибино,1981-09-27,16
2284,Зуев,Владимир,270,3,Петушки,1983-02-05,14
2285,Рузин,Роман,90,4,Буй,1989-11-13,41
2286,Ледвиг,Дмитрий,170,4,Северодвинск,1984-07-27,84
2287,Романенко,Александр,210,3,Хотьково,1989-04-24,37
2288,Елфимов,Сергей,510,2,Ветлуга,1987-07-19,32
2289,Стукалов,Сергей,440,2,Новомосковск,1985-01-04,29
2290,Хорошева,Елена,60,3,Людиново,1985-03-12,68
2291,Извекова,Мария,430,4,Алексеевка,1989-10-16,54
2292,Кизюн,Анна,70,1,Боготол,1980-02-18,15
2293,Шаров,Евгений,400,3,Рузаевка,1985-12-30,14
2294,Грачева,Анна,360,2,Карабаново,1986-03-30,11
2295,Немкина,Марина,530,1,Томари,1984-02-02,46
2296,Мануковский,Евгений,310,4,Южа,1989-02-24,33
2297,Вострикова,Ирина,530,4,Губкинский,1980-08-11,71
2298,Базилевич,Анна,220,2,Малоархангельск,1985-01-15,43
2299,Маклева,Елена,180,3,Кинешма,1988-07-10,2
2300,Жеребило,Анна,50,2,Димитровград,1982-05-30,73
2301,Ишкова,Ольга,540,4,Чкаловск,1985-11-06,2
2302,Подколзина,Светлана,380,4,Боровск,1984-08-19,67
2303,Попов,Дмитрий,130,4,Сафоново,1985-12-10,61
2304,Болдырев,Владимир,210,2,Лосино-Петровский,1989-05-29,81
2305,Цыганок,Александр,360,4,Орлов,1983-09-25,65
2306,Перунов,Денис,370,4,Лосино-Петровский,1984-07-17,72
2307,Ефремова,Светлана,460,1,Златоуст,1988-09-27,70
2308,Барсукова,Светлана,320,4,Выборг,1983-09-22,47
2309,Сапронов,Алекей,310,2,Тейково,1987-02-05,41
2310,Чуняев,Александр,90,4,Белоярский,1981-10-01,40
2311,Гармонщикова,Оксана,510,4,Новочеркасск,1983-03-22,67
2312,Битюцких,Игорь,270,4,Белогорск,1981-04-29,6
2313,Полищук,Владимир,140,1,Мелединская,1985-12-15,46
2314,Рублев,Алесей,540,3,Шелехов,1984-04-04,27
2315,Колесникова,Инна,530,4,Чебоксары,1986-10-17,76
2316,Хребтов,Олег,400,2,Смольянец,1983-09-18,70
2317,Сысоев,Алексей,130,2,Кременки,1987-04-19,9
2318,Турбин,Евгений,70,3,Ростов,1982-02-11,50
2319,Кийко,Ирина,400,3,Чита-46,1982-06-01,5
2320,Клюквина,Вера,80,2,Талдом,1986-10-13,13
2321,Русина,Оксана,300,3,Ревда,1983-11-27,84
2322,Коломыцев,Константин,160,3,Любим,1983-03-05,14
2323,Яковлева,Марина,450,4,Саянск,1986-10-29,21
2324,Миронова,Елена,120,2,Омутнинск,1989-02-02,46
2325,Ююкин,Андрей,480,3,Бутурлиновка,1980-01-10,31
2326,Мухаметжанова,Ирина,300,2,Малмыж,1983-07-07,36
2327,Федорова,Елена,440,2,Весьегонск,1981-12-23,91
2328,Забродина,Наталья,340,3,Энгельс,1985-08-12,16
2329,Гусева,Наталья,200,2,Березники,1984-06-26,11
2330,Журавлев,Сергей,300,4,Витимский,1984-10-14,84
2331,Вострикова,Марина,340,3,Мариинск,1981-02-25,3
2332,Аминев,Денис,530,4,Ясный,1985-07-11,54
2333,Антошина,Евгения,480,1,Кингисепп,1984-02-27,61
2334,Козырева,Вера,240,4,Трубчевск,1983-05-25,23
2335,Серенко,Юлия,360,4,Тобольск,1984-04-01,62
2336,Гусев,Дмитрий,340,3,Тихорецк,1985-03-26,88
2337,Сорокина,Ольга,400,3,Тара,1983-03-23,83
2338,Старченков,Денис,260,1,Руза,1988-10-19,17
2339,Пыльников,Андрей,80,4,Бутурлиновка,1988-09-21,22
2340,Числов,Денис,370,4,Дальнегорск,1980-01-31,1
2341,Шевцова,Татьяна,180,3,Ижевск,1986-04-15,8
2342,Власова,Елена,90,1,Дербент,1980-11-12,69
2343,Духанин,Максим,400,2,Торжок,1985-07-17,94
2344,Костылев,Игорь,120,4,Рязань,1980-12-17,54
2345,Ковалева,Светлана,130,2,Снежногорск,1985-09-19,36
2346,Илатовская,Дарья,310,3,Шуя,1988-06-14,74
2347,Ляпичев,Кирилл,370,1,Заречный,1981-10-20,1
2348,Шляхова,Янина,530,3,Цивильск,1984-05-07,88
2349,Бибикова,Ирина,480,3,Тавда,1986-03-30,19
2350,Авксентьева,Мария,400,2,Екатеринбург,1984-04-30,97
2351,Козинова,Светлана,320,1,Давлеканово,1984-04-15,60
2352,Логачева,Екатерина,90,2,Рыбное,1986-11-27,95
2353,Воропаева,Елена,400,2,Саянск,1982-04-02,50
2354,Сатосова,Ольга,380,2,Багратионовск,1983-06-17,53
2355,Поздняков,Андрей,300,1,Краснознаменск,1980-08-24,1
2356,Сергеев,Сергей,80,2,Зубцов,1988-03-05,40
2357,Просяник,Татьяна,170,2,Камышлов,1985-09-28,28
2358,Шишкин,Константин,430,3,Мегет,1984-10-07,2
2359,Рыбина,Екатерина,210,3,Новомичуринск,1987-05-15,70
2360,Сова,Анастасия,130,4,Выкса,1987-07-21,15
3610,Рузин,Роман,370,2,Торопец,1981-08-17,69
3611,Панов,Дмитрий,500,2,Боровичи,1989-11-11,49
3612,Квасов,Юрий,350,3,Зеленокумск,1983-08-23,92
3613,Виноградов,Павел,240,3,Бабушкин,1986-10-20,27
3614,Карлов,Вячеслав,290,2,Дзержинск,1983-11-25,65
3615,Завалишин,Максим,500,3,Благовещенск,1987-06-10,77
3616,Калиберда,Дмитрий,170,3,Бабушкин,1986-06-09,53
3617,Антипов,Виталий,530,1,Цивильск,1984-11-20,15
3618,Васильков,Дмитрий,130,3,Шарыпово,1982-03-18,65
3619,Романов,Николай,220,3,Луза,1985-07-17,65
3620,Филиппов,Антон,120,4,Октябрьский,1984-12-20,15
3621,Кулик,Андрей,530,3,Ирбит,1984-02-29,15
3622,Авилов,Дмитрий,200,3,Новотроицк,1984-03-26,13
3623,Берколайко,Артем,480,3,Туран,1986-10-04,56
3624,Богданов,Дмитрий,470,3,Новосибирск,1980-09-30,95
3625,Волгач,Анна,50,4,Багратионовск,1982-08-02,15
3626,Ворожеева,Наталия,280,2,Семикаракорск,1989-04-16,37
3627,Гончаров,Денис,60,3,Емва,1982-11-25,87
3628,Гринфельд,Константин,490,1,Ветлуга,1986-04-17,77
3629,Зуева,Марина,140,1,Верхний Уфалей,1987-08-14,95
3630,Извекова,Мария,400,1,Кисловодск,1986-04-26,6
3631,Каверин,Михаил,150,4,Семилуки,1984-03-04,86
3632,Кантолинский,Михаил,460,2,Протвино,1987-11-14,87
3633,Каторгина,Ольга,510,2,Советский,1984-03-01,73
3634,Кизюн,Анна,100,4,Еманжелинск,1985-05-04,34
3635,Лисицын,Дмитрий,460,1,Грязовец,1985-12-22,42
3636,Лобачевская,Анна,330,3,Мелеуз,1986-04-23,33
3637,Лопатько,Маргарита,370,1,Смольянец,1983-02-19,71
3638,Марюшенкова,Анна,210,4,Полысаево,1982-04-29,62
3639,Матвиенко,Дмитрий,300,1,Троицк,1982-07-12,10
3640,Митин,Илья,130,1,Судрома,1982-01-29,56
3641,Нестерова,Ольга,480,4,Ленинск,1981-03-19,26
3642,Полуляхова,Юлия,470,4,Нытва,1989-09-29,55
3643,Терехова,Мария,90,4,Новотроицк,1989-01-28,95
3644,Турбин,Игорь,70,4,Благовещенск,1983-03-11,24
3645,Хейфец,Дмитрий,400,2,Казань,1984-09-10,37
3646,Хорошева,Елена,360,1,Белозерск,1987-09-25,60
3647,Шаров,Евгений,280,3,Рыбное,1986-11-28,28
3648,Авдеев,Максим,520,2,Агрыз,1987-01-05,69
3649,Бородулин,Евгений,260,4,Суворов,1982-12-01,23
3650,Зайцев,Андрей,510,3,Каменск-Шахтинский,1983-01-18,61
3651,Киселев,Виталий,160,4,Алдан,1987-10-17,86
3652,Киселев,Сергей,290,3,Теребино,1989-07-30,59
3653,Кольцов,Владимир,120,1,Гусь-Хрустальный,1989-03-26,45
3654,Костин,Сергей,490,4,Нюрба,1985-11-18,3
3655,Косяков,Виталий,50,2,Верхняя Салда,1987-03-25,75
3656,Ланин,Антон,430,3,Можайск,1988-07-09,44
3657,Левыкин,Сергей,470,4,Олонец,1980-01-13,98
3658,Науменко,Сергей,540,1,Белебей,1986-09-17,56
3659,Труш,Сергей,150,3,Амурск,1988-01-31,62
3660,Ярошенко,Дмитрий,330,1,Мытищи,1988-03-09,15
3661,Болгов,Алексей,260,3,Дегтярск,1984-08-31,14
3662,Брыкин,Андрей,300,3,Ленинск,1988-01-26,76
3663,Дворядкин,Николай,340,4,Верея,1988-11-21,83
3664,Исакова,Ольга,140,2,Аркадак,1988-01-20,87
3665,Рекунова,Мария,270,1,Солга,1981-12-17,77
3666,Ситникова,Ирина,300,2,Короча,1988-08-15,60
3667,Белоусова,Татьяна,450,4,Плавск,1983-07-23,33
3668,Филатов,Максим,400,2,Ханты-Мансийск,1988-01-09,66
3669,Калинин,Павел,460,1,Дубна,1981-01-06,93
3670,Проскуряков,Андрей,90,1,Сердобск,1989-05-04,89
3671,Снегирева,Оксана,540,1,Полесск,1981-08-10,55
3672,Шустова,Анна,240,4,Шокша,1986-09-15,75
3673,Аксененкова,Ольга,270,4,Венев,1986-12-25,44
3674,Ивочкин,Дмитрий,470,3,Заводоуковск,1984-02-22,59
3675,Долгова,Валерия,370,4,Куртамыш,1980-10-25,18
3676,Савельева,Дина,300,3,Лосино-Петровский,1981-04-04,55
3677,Яцков,Андрей,280,3,Наро-Фоминск,1984-09-12,90
3678,Полунчукова,Елена,500,1,Новоалександровск,1989-11-06,81
3679,Чертков,Александр,60,4,Зубцов,1986-04-24,44
3680,Илларионова,Юлия,410,4,Нарткала,1989-11-20,55
3681,Строганов,Максим,110,2,Выкса,1985-08-05,71
3682,Кондратьева,Ирина,440,2,Сосногорск,1982-10-19,39
3683,Острикова,Наталья,100,1,Спас-Деменск,1982-12-22,8
3684,Малинова,Екатерина,550,1,Камышин,1980-09-04,82
3685,Белякова,Юлия,60,1,Конаково,1985-12-15,46
3686,Брагин,Михаил,70,2,Березовский,1981-11-26,26
3687,Быкова,Елена,140,3,Наволоки,1980-04-05,46
3688,Грибанова,Елена,250,1,Сковородино,1982-08-20,79
3689,Заволокина,Ирина,130,4,Дальнегорск,1986-12-13,8
3690,Захаров,Алексей,380,3,Родники,1980-08-15,92
3691,Зверев,Сергей,520,1,Киселевск,1981-04-07,31
3692,Каляпина,Ирина,210,4,Воскресенск,1987-10-29,38
3693,Ковалева,Ольга,200,3,Южно-Сухокумск,1989-05-04,71
3694,Лавров,Сергей,100,4,Курск,1982-07-22,3
3695,Ларина,Ирина,490,2,Мураши,1980-03-02,92
3696,Распопова,Елена,190,4,Среднеуральск,1985-06-25,78
3697,Распопова,Светлана,290,3,Миньяр,1988-06-24,5
3698,Саввина,Екатерина,120,1,Гусев,1988-02-03,24
3699,Тимофеева,Елена,530,2,Жиздра,1984-10-15,21
3700,Фролкова,Марина,80,1,Согдиондон,1981-09-22,56
3701,Чернышова,Елена,420,1,Сергач,1987-05-25,41
3702,Иванова,Ирина,240,1,Емва,1981-12-01,65
3703,Лаптиева,Евгения,390,3,Пучеж,1983-07-19,47
3704,Ларина,Ирина,390,3,Дмитриев-Льговский,1981-01-25,58
3705,Митина,Евгения,170,1,Павловск,1988-08-05,23
3706,Стребкова,Татьяна,230,2,Кудымкар,1983-09-20,12
3707,Грошев,Денис,110,1,Воркута,1988-05-23,2
3708,Животягина,Марина,520,2,Ачинск,1988-03-14,11
3709,Жукова,Жанна,280,3,Ноябрьск,1987-06-02,42
3710,Крутских,Юлия,370,4,Козловская,1986-12-31,81
3711,Назарова,Светлана,170,4,Октябрьский,1988-02-18,12
3712,Образцова,Елена,140,3,Козловская,1981-03-30,26
3713,Рожков,Николай,150,2,Сясьстрой,1982-07-10,78
3714,Сысоева,Ирина,500,3,Красногорск,1983-03-24,75
3715,Толоконникова,Екатерина,480,3,Задонск,1988-08-28,61
3716,Шульгин,Константин,290,1,Югорск,1989-11-28,29
3717,Баранов,Дмитрий,270,4,Сальск,1981-05-15,74
3718,Бажан,Александр,330,3,Пенза,1981-04-06,48
3719,Козырева,Вера,90,3,Луговский,1989-06-13,41
3720,Свешникова,Светлана,370,2,Арсеньев,1984-11-27,60
3721,Тропынин,Дмитрий,240,3,Микунь,1981-04-09,53
3722,Гаврилова,Марина,60,3,Чухлома,1984-05-19,13
3723,Кретов,Александр,480,1,Хужир,1988-01-08,54
3724,Зуева,Алина,360,4,Дивногорск,1986-11-27,49
3725,Муконина,Ольга,140,2,Дальнереченск,1988-11-20,18
3726,Уколова,Ирина,340,2,Торжок,1989-09-18,3
3727,Лозовой,Алексей,160,4,Подольск,1986-06-24,62
3728,Шигидин,Андрей,120,4,Тверь,1986-05-27,94
3729,Подгорная,Евгения,120,1,Удомля,1983-09-22,53
3730,Марянян,Сероб,420,3,Октябрьский,1987-06-17,13
3731,Мышковская,Виктория,50,3,Славск,1987-01-08,88
3732,Ковалева,Юлия,370,4,Ладушкин,1987-11-21,1
3733,Лустина,Ирина,330,1,Соликамск,1983-06-24,40
3734,Голубенко,Вера,260,3,Чита-47,1989-09-18,5
3735,Анищенко,Татьяна,350,2,Суоярви,1985-06-22,96
3736,Фалева,Юлия,90,4,Акбулак,1984-07-25,49
3737,Малахова,Ольга,230,2,Олонец,1981-11-11,35
3738,Лунева,Виктория,190,1,Питкяранта,1981-04-20,60
3739,Максютина,Наталья,420,1,Псков,1984-09-03,34
3740,Кальченко,Анна,500,4,Новотроицк,1982-01-24,21
3741,Клепиков,Илья,90,4,Кызыл,1981-09-26,81
3742,Передереев,Евгений,100,3,Бежецк,1987-04-30,4
3743,Анишенко,Екатерина,170,3,Заволжск,1981-11-23,92
3744,Черноволов,Владимир,200,2,Губкинский,1982-05-24,80
3745,Бейдина,Алла,130,3,Новосокольники,1989-01-30,77
3746,Бледных,Юлия,120,4,Отрадное,1985-01-01,22
3747,Шевцов,Сергей,340,4,Сосенский,1986-12-20,30
3748,Жиляева,Юлия,420,3,Новохоперск,1981-08-10,1
3749,Тюленева,Юлия,230,2,Сосновый Бор,1985-10-17,75
3750,Спиридонова,Наталья,340,2,Лангепас,1989-05-03,82
3751,Запорожцев,Андрей,230,4,Тюмень,1980-06-21,60
3752,Кутовая,Анна,140,2,Железноводск,1987-05-03,72
3753,Яньшина,Ирина,440,3,Дно,1981-09-10,19
3754,Дедова,Елена,440,2,Анжеро-Судженск,1985-04-10,1
3755,Воронцев,Андрей,200,2,Няндома,1983-06-26,97
3756,Волков,Илья,300,3,Лыткарино,1984-10-12,57
3757,Зеленин,Константин,520,4,Долматово,1988-10-28,36
3758,Симков,Петр,480,2,Нижний Ломов,1980-12-01,95
3759,Чаплыгина,Алена,140,4,Сасово,1983-05-19,19
3760,Караваева,Елена,90,4,Кременки,1982-03-22,50
3761,Перков,Юрий,440,4,Тулун,1983-06-18,40
3762,Захаров,Роман,430,4,Называевск,1989-05-09,85
3763,Галкина,Ольга,500,3,Муравленко,1982-02-18,69
3764,Мищенко,Юлия,330,4,Мама,1989-08-31,53
3765,Василенко,Марина,310,4,Медногорск,1983-09-19,5
3766,Буланый,Андрей,460,4,Дрезна,1988-10-30,66
3767,Кузьменко,Дмитрий,340,3,Михайлов,1986-07-22,45
3768,Богданова,Ольга,260,4,Горно-Чуйский,1986-10-10,30
3769,Ивлев,Илья,410,4,Аркадак,1983-05-18,17
3770,Шатровский,Евгений,350,2,Орехово-Зуево,1983-08-11,78
3771,Воротнюк,Михаил,250,2,Углегорск,1982-01-17,9
3772,Реветнев,Андрей,230,4,Верхняя Тура,1988-07-07,24
3773,Мильнев,Андрей,190,1,Бавлы,1984-10-22,40
3774,Руденко,Светлана,270,4,Абаза,1980-05-26,86
3775,Шепилов,Антон,340,2,Шиловская,1984-02-18,27
3776,Федорова,Елена,160,1,Пласт,1989-10-28,3
3777,Коломыцев,Константин,470,4,Анжеро-Судженск,1986-06-13,14
3778,Лазарев,Михаил,540,3,Согдиондон,1987-09-16,95
3779,Петропавловская,Юлия,340,2,Павловск,1984-07-18,47
3780,Жуков,Евгений,350,3,Звенигово,1982-09-24,54
3781,Жуков,Евгений,460,2,Нижняя Салда,1982-11-04,81
3782,Бражников,Александр,370,1,Новосокольники,1987-12-05,88
3783,Щепилова,Оксана,380,4,Тавда,1980-12-25,30
3784,Масленников,Александр,280,3,Курганинск,1982-01-27,40
3785,Белова,Марина,270,1,Аксай,1987-09-14,46
3786,Данилова,Оксана,420,1,Аша,1984-06-22,62
3787,Иконникова,Майя,190,3,Очер,1982-04-20,28
3788,Котлярова,Анна,280,4,Ачинск,1988-06-16,81
3789,Панарина,Надежда,100,1,Светлогорск,1982-12-17,54
3790,Тарарыков,Дмитрий,440,1,Клин,1988-11-27,94
3791,Хребтов,Олег,460,4,Камышин,1983-06-01,63
3792,Кольцов,Дмитрий,370,4,Белебей,1989-06-28,43
3793,Панов,Андрей,140,3,Новосиль,1989-04-01,92
3794,Короткова,Ольга,170,1,Приморск,1985-04-23,74
3795,Кашурников,Иван,440,4,Дятьково,1986-07-13,48
3796,Попов,Максим,490,2,Искитим,1982-11-09,29
3797,Кузнецова,Ольга,510,4,Лысьва,1985-11-10,37
3798,Зарубин,Александр,340,2,Осинники,1981-10-03,57
3799,Сапожников,Артем,290,2,Плес,1987-12-26,54
3800,Шабунин,Сергей,170,1,Унеча,1987-06-03,12
3801,Макаров,Евгений,80,2,Мещовск,1980-07-08,69
3802,Неделин,Даниил,280,2,Белая Калитва,1981-04-15,56
3803,Новиков,Алексей,440,1,Ломоносов,1982-06-02,15
3804,Макаренко,Татьяна,480,3,Новая Ляля,1980-11-26,65
3805,Шебанов,Дмитрий,340,3,Ардон,1982-01-31,86
3806,Концова,Светлана,380,3,Солигалич,1987-03-05,68
3807,Борисов,Сергей,190,1,Петрозаводск,1988-06-04,30
3808,Тихомирова,Ольга,260,3,Тогучин,1985-03-08,53
3809,Савчук,Олег,240,2,Давлеканово,1981-07-25,47
3810,Овчаренко,Олег,320,4,Михайловка,1989-10-30,88
3811,Радин,Александр,220,1,Екатеринбург,1982-07-26,98
3812,Батищев,Михаил,520,4,Советский,1982-11-28,10
3813,Крючкова,Елена,520,4,Жуков,1989-05-26,18
3814,Афонина,Наталья,400,3,Остров,1985-03-19,67
3815,Сабко,Роман,320,4,Онега,1980-09-14,5
3816,Люкова,Елена,400,1,Собинка,1981-05-31,15
3817,Отрубина,Ирина,190,2,Печора,1989-07-27,43
3818,Попуржук,Александр,490,3,Можайск,1987-01-26,24
3819,Бальдэ,Галина,320,4,Гремячинск,1988-08-25,12
3820,Суховерхов,Алексей,330,3,Рыльск,1982-08-12,47
3821,Николаенко,Юлия,410,4,Пушкин,1983-05-15,36
3822,Пузырева,Елена,80,4,Тайшет,1987-11-15,9
3823,Мелякова,Елена,350,2,Сураж,1986-03-09,74
3824,Балакова,Екатерина,390,4,Бородино,1989-12-09,54
3825,Боргуль,Юлия,250,4,Оса,1988-06-05,54
3826,Бородаенко,Надежда,480,3,Шунема,1985-10-05,76
3827,Семенов,Сергей,540,1,Белозерск,1981-02-28,61
3828,Потокина,Ольга,410,3,Парфеньево,1985-11-28,97
3829,Тарарыкова,Юлия,150,4,Спас-Клепики,1980-12-10,32
3830,Тарарыкова,Ольга,80,1,Верхоянск,1987-05-15,27
3831,Березкин,Александр,100,3,Галич,1982-12-30,17
3832,Филиппских,Игорь,490,3,Мама,1986-05-20,41
3833,Федотов,Олег,540,2,Боровое,1981-06-10,56
3834,Шоха,Юрий,150,4,Буйнакск,1988-11-10,5
3835,Агарков,Сергей,140,2,Лахденпохья,1987-03-29,45
3836,Свистунова,Елена,290,1,Карабаново,1980-03-20,3
3837,Воронова,Олеся,100,4,Опочка,1987-04-12,31
3838,Шахова,Ирина,400,2,Туринск,1980-01-13,79
3839,Ложков,Денис,450,2,Светлоград,1985-05-24,91
3840,Сухорукова,Ольга,350,3,Карасук,1985-04-05,81
3841,Котова,Татьяна,180,1,Бородино,1987-02-24,53
3842,Сидоренко,Марина,350,4,Иланский,1988-10-03,59
3843,Мальцева,Елена,320,1,Кострома,1986-09-24,25
3844,Сухорукова,Елена,350,4,Торопец,1984-06-05,40
3845,Кулагина,Татьяна,500,3,Чухлома,1985-08-23,94
3846,Криулина,Елена,90,2,Верхоянск,1985-10-19,68
3847,Пенькова,Варвара,300,1,Лакинск,1981-05-17,63
3848,Мюллер,Роман,470,1,Дятьково,1987-10-26,83
3849,Мельникова,Светлана,70,4,Новоаннинский,1988-05-06,80
3850,Соколова,Надежда,210,4,Стерлитамак,1982-01-22,31
3851,Дудко,Елена,300,4,Камызяк,1986-04-04,18
3852,Музалева,Олеся,220,3,Мариинск,1989-07-22,84
3853,Барышева,Татьяна,280,1,Балабаново,1980-06-03,82
3854,Каширина,Юлия,220,3,Верхняя Салда,1983-05-19,39
3855,Денисов,Роман,300,3,Ленинск,1988-04-25,10
3856,Зубарева,Ирина,200,3,Каменногорск,1980-06-12,49
3857,Ефаев,Александр,450,4,Озерск,1984-02-14,80
3858,Деханов,Кирилл,540,1,Ужур-4,1980-01-21,63
3859,Трунов,Александр,90,4,Губкин,1981-06-28,98
3860,Скорупо,Андрей,150,2,Агидель,1989-12-09,88
3861,Власов,Роман,460,1,Губкин,1983-04-08,69
3862,Толоконникова,Елена,70,1,Удачный,1980-12-26,72
3863,Болдырев,Евгений,140,3,Тосно,1986-11-01,51
3864,Ярошенко,Анна,290,2,Инза,1983-09-14,95
3865,Кузнецов,Алексей,500,2,Колпашево,1985-01-31,9
3866,Колыванцев,Евгений,150,1,Велиж,1984-10-17,53
3867,Музалевская,Валентина,370,4,Конаково,1987-07-02,97
3868,Жувако,Юлия,420,1,Арзамас,1985-02-07,93
3869,Рубцова,Екатерина,300,4,Нытва,1982-05-30,21
3870,Гришин,Александр,220,4,Ардон,1982-09-29,46
3871,Красильникова,Елена,90,4,Ликино-Дулево,1982-09-02,83
3872,Кондренко,Татьяна,440,1,Шлиссельбург,1982-01-03,19
3873,Небритова,Ольга,190,4,Малгобек,1981-09-23,20
3874,Снегирева,Оксана,320,4,Вытегра,1980-10-17,38
3875,Безрученко,Василий,110,1,Духовщина,1987-04-15,12
3876,Глебов,Юрий,280,3,Новая Игирма,1982-03-25,78
3877,Сорокина,Лидия,540,1,Кстово,1985-01-06,15
3878,Труфанова,Ольга,300,3,Грязовец,1980-09-08,84
3879,Образцов,Евгений,60,4,Спас-Деменск,1986-10-07,13
3880,Трубчанинова,Ольга,370,3,Тольятти,1983-11-28,67
3881,Ерощенко,Наталья,210,1,Магадан,1985-11-09,96
3882,Проценко,Иван,200,4,Борисоглебск,1982-05-03,51
3883,Береславская,Яна,200,1,Печора,1988-05-12,18
3884,Клепикова,Юлия,490,1,Красная Горбатка,1989-04-11,38
3885,Фомина,Екатерина,310,1,Борисоглебск,1982-10-05,38
3886,Жаркова,Татьяна,90,4,Долгопрудный,1982-05-29,86
3887,Гончаров,Евгений,500,1,Судрома,1983-06-20,96
3888,Мячина,Надежда,490,1,Ступино,1983-01-10,72
3889,Гинова,Наталья,110,2,Сосновка,1985-03-20,42
2777,Чистякова,Вера,330,4,Зеленоградск,1987-08-24,86
2778,Нагина,Елена,490,2,Ахтубинск,1982-11-21,92
2779,Борзунова,Юлия,410,1,Протвино,1982-09-06,53
2780,Капичников,Иван,280,2,Смоленск,1985-12-18,69
2781,Жаркова,Татьяна,110,4,Козельск,1988-08-08,71
2782,Мочалов,Алексей,330,3,Губаха,1988-05-11,35
2783,Самородский,Николай,220,3,Чаплыгин,1989-09-11,16
2784,Спицын,Дмитрий,400,1,Тюкалинск,1980-09-18,80
2785,Алтухова,Ольга,530,2,Мантурово,1987-07-27,4
2786,Чуняев,Александр,220,2,Кашира,1984-03-08,70
2787,Герасимова,Татьяна,70,4,Сланцы,1988-05-13,40
2788,Мормышев,Дмитрий,230,4,Невинномысск,1984-08-24,8
2789,Беленова,Ольга,440,4,Мураши,1984-03-27,6
2790,Пархоменко,Виталий,420,2,Свердловск-45,1982-07-21,23
2791,Шматова,Анжела,130,2,Великий Устюг,1985-10-04,72
2792,Демиденко,Инна,290,4,Сарс,1981-02-10,52
2793,Колабаев,Александр,350,1,Богданович,1982-08-06,42
2794,Синявская,Елена,340,1,Юхнов,1987-05-11,4
2795,Семынин,Дмитрий,470,2,Грязовец,1988-06-03,46
2796,Новиков,Михаил,190,1,Таганрог,1985-09-05,25
2797,Максюкова,Елена,230,4,Каргополь,1982-04-06,82
2798,Ушакова,Оксана,480,2,Константиновск,1982-08-18,53
2799,Умаралиев,Радик,180,3,Георгиевск,1983-11-23,57
2800,Зарубин,Александр,270,3,Покровск,1980-08-11,88
2801,Логошин,Андрей,80,1,Краснознаменск,1984-12-19,58
2802,Шипулин,Никита,450,2,,1986-12-18,84
2803,Волчкевич,Юрий,430,1,Комсомольск-на-Амуре,1982-04-25,68
2804,Азнаурьянц,Алексей,190,1,Тулун,1989-11-16,75
2805,Шишов,Александр,390,1,Кадников,1984-04-05,62
2806,Чищеня,Андрей,150,2,Видим,1983-11-12,4
2807,Любинецкий,Александр,480,3,Струнино,1987-06-10,45
2808,Махова,Ольга,220,2,Шарыпово,1980-12-28,55
2809,Волчкевич,Юрий,470,3,Лакинск,1988-11-02,8
2810,Кузнецов,Владислав,420,2,Лермонтов,1980-04-07,74
2811,Кажанов,Александр,320,4,Хужир,1988-09-04,16
2812,Полынцов,Вадим,450,4,Холм,1982-01-29,58
2813,Мясин,Николай,210,1,Лесозаводск,1982-07-02,60
2814,Топчий,Евгений,510,1,Новосиль,1988-02-16,92
2815,Хлопонин,Евгений,380,4,Ипатово,1988-05-29,23
2816,Лисовой,Сергей,520,4,Камызяк,1985-06-12,80
2817,Гавришева,Евгения,340,4,Орел,1986-02-19,96
2818,Беккер,Юрий,270,1,Дзержинск,1986-06-07,53
2819,Федечкина,Светлана,140,4,Фрязино,1981-05-03,85
2820,Ушакова,Елена,180,3,Конаково,1981-02-08,36
2821,Малыгина,Ольга,480,4,Туран,1989-11-03,57
2822,Поправко,Максим,330,3,Ессентуки,1983-06-01,16
2823,Сумина,Олеся,340,3,Тюмень,1985-01-07,2
2824,Дубина,Алексей,60,1,Осташков,1986-05-27,18
2825,Поправко,Максим,460,4,Челябинск,1985-06-28,95
2826,Сергеев,Владимир,390,4,Мценск,1981-05-19,60
2827,Гущин,Алексей,460,2,Данилов,1983-05-25,58
2828,Чепелева,Юлия,420,3,Западная Двина,1980-05-21,90
2829,Тесля,Дарья,290,2,Новотроицк,1982-10-17,55
2830,Минаков,Василий,520,1,Избербаш,1988-12-19,31
2831,Щеголев,Денис,240,1,Минусинск,1987-05-25,34
2832,Рагозина,Ольга,190,3,Салават,1983-11-30,39
2833,Лаухин,Владислав,50,4,Нижневартовск,1984-05-09,98
2834,Куцова,Наталья,510,3,Тырныауз,1988-03-10,18
2835,Богатырев,Алексей,330,4,Курлово,1989-07-04,94
2836,Гресев,Александр,480,3,Чернушка,1989-03-06,10
2837,Дрынова,Маргарита,450,3,Красавино,1987-08-13,97
2838,Мишина,Юлия,330,3,Карачаевск,1986-01-22,58
2839,Федотова,Олеся,60,1,Волжск,1981-05-18,41
2840,Астахов,Геннадий,270,4,Дальнереченск,1984-09-17,61
2841,Тягунов,Юрий,400,3,Холмск,1984-03-15,45
2842,Никифоров,Кирилл,450,1,Новый Оскол,1983-03-22,27
2843,Геращенкова,Жанна,540,2,Галич,1986-03-30,37
2844,Золотарев,Павел,330,3,Лангепас,1984-06-07,90
2845,Черникова,Ольга,140,2,Россошь,1989-08-21,42
2846,Густова,Олеся,410,1,Макаров,1984-05-09,43
2847,Руненков,Дмитрий,530,1,Воткинск,1980-06-09,41
2848,Петров,Павел,240,1,Ртищево,1981-11-22,95
2849,Орлова,Елена,200,3,Новомосковск,1988-11-17,92
2850,Румянцев,Роман,160,4,Омск,1987-10-06,49
2851,Жуков,Александр,350,3,Черняховск,1980-07-29,18
2852,Кузовков,Владимир,540,4,Талдом,1983-04-04,1
2853,Морозова,Оксана,150,1,Лодейное Поле,1985-08-27,85
2854,Галкина,Анастасия,130,2,Таганрог,1983-12-07,96
2855,Корнева,Юлия,140,4,Костерево,1985-10-05,89
2856,Мостовая,Яна,200,4,Юбилейный,1985-03-02,43
2857,Овечкин,Иван,500,4,Терек,1986-01-24,56
2858,Пескова,Юлия,540,2,Заволжск,1985-06-01,72
2859,Гонтарь,Владимир,520,3,Советск,1986-06-30,77
2860,Ручкина,Ирина,280,4,Кириши,1986-01-11,37
2861,Корнева,Юлия,270,2,Лахденпохья,1989-06-06,58
2862,Золоторева,Елена,90,1,Кириллов,1982-12-09,36
2863,Мещерякова,Оксана,540,1,Микунь,1984-06-04,21
2864,Арсенова,Ирина,50,4,Клинцы,1981-11-01,3
2865,Плахутина,Виктория,330,4,Кировград,1981-11-06,91
2866,Мальцева,Юлия,60,1,Камышлов,1984-12-27,55
2867,Зверев,Сергей,380,4,Сорочинск,1989-10-15,84
2868,Малычева,Татьяна,350,3,Сковородино,1980-02-23,54
2869,Бездверная,Ольга,410,1,Видное,1980-05-19,57
2870,Мануковская,Оксана,80,1,Боровск,1980-10-26,80
2871,Пашинская,Марина,390,1,Канаш,1985-09-09,95
2872,Лыганова,Наталья,130,4,Талнах,1988-04-09,24
2873,Ливенцев,Александр,480,1,Синега,1988-06-14,43
2874,Максименкова,Дарья,100,2,Курганинск,1989-02-05,49
2875,Синявская,Елена,200,3,Видное,1980-11-21,62
2876,Афанасьева,Татьяна,200,3,Десногорск,1984-05-03,89
2877,Малчевская,Юлия,300,4,Топки,1985-04-27,52
2878,Кузнецова,Вера,160,2,Согдиондон,1987-03-21,56
2879,Михалева,Елена,110,3,Чернушка,1985-06-14,64
2880,Саядян,Ашот,410,1,Нижневартовск,1982-02-24,90
2881,Давыдова,Янина,420,3,Мантурово,1985-02-06,43
2882,Иванников,Сергей,160,4,Рыльск,1988-05-17,9
2883,Самойлов,Алексей,500,1,Слободской,1985-11-06,28
2884,Шелудякова,Ольга,510,2,Сургут,1983-09-12,40
2885,Руднева,Виктория,370,4,Чухлома,1983-05-28,32
2886,Егунова,Елена,110,3,Слюдянка,1986-07-07,58
2887,Шушпанова,Елена,490,4,Железногорск,1988-10-15,21
2888,Часовских,Нина,200,1,Медвежьегорск,1985-03-06,32
2889,Руднева,Виктория,410,1,Славск,1981-12-07,71
2890,Тихонов,Антон,250,2,Нижние Серги,1981-04-11,77
2891,Репин,Алекей,330,1,Георгиевское,1985-07-03,26
2892,Захарченко,Елена,310,1,Яранск,1985-03-31,61
2893,Щеголева,Оксана,340,3,Каспийск,1984-02-10,23
2894,Кузнецова,Светлана,150,1,Темников,1987-11-30,14
2895,Бекин,Дмитрий,270,1,Нариманов,1980-09-01,76
2896,Белов,Игорь,430,4,Южноуральск,1986-07-24,56
2897,Поздняков,Андрей,200,4,Карачев,1987-02-14,69
2898,Гордеева,Елена,170,3,Ипатово,1989-07-05,58
2899,Волчкевич,Юрий,310,1,Шумиха,1982-09-13,78
2900,Полянский,Юрий,120,4,Чебоксары,1984-03-10,6
2901,Кобцев,Виктор,340,4,Покровск,1988-06-03,51
2902,Устинов,Александр,430,2,Нерехта,1981-03-31,6
2903,Румянцев,Роман,70,2,Братск,1984-09-14,34
2904,Филатов,Руслан,380,2,Камень-на-Оби,1987-01-09,37
2905,Лоскутова,Оксана,510,2,Красногорск,1987-02-05,9
2906,Кобцев,Виктор,500,1,Пятигорск,1989-03-03,65
2907,Доценко,Оксана,250,1,Богородск,1987-08-26,42
2908,Леньшин,Александр,110,4,Верхнеуральск,1980-10-03,80
2909,Передереев,Евгений,340,1,Армавир,1983-02-09,67
2910,Кузнецова,Ольга,280,2,Сосновка,1988-04-26,97
2911,Дедова,Наталья,290,4,Избербаш,1980-02-28,65
2912,Афанасьев,Сергей,50,2,Лысьва,1983-06-29,12
2913,Бобракова,Светлана,500,3,Зерноград,1989-11-11,15
2914,Башкирцев,Сергей,360,2,Заринск,1987-05-22,54
2915,Балюк,Елена,500,2,Верхотурье,1981-06-20,58
2916,Троценко,Елена,300,2,Салаир,1987-09-06,54
2917,Дунаев,Александр,110,4,Качканар,1988-02-04,26
2918,Сухорукова,Надежда,280,1,Камбарка,1989-12-23,33
2919,Стрельникова,Елена,330,1,Катав-Ивановск,1986-12-10,5
2920,Мартынов,Алексей,450,4,Пикалево,1984-05-11,19
2921,Сумина,Олеся,50,2,Шлиссельбург,1981-06-26,57
2922,Какунин,Андрей,520,1,Нижний Новгород,1984-08-30,32
2923,Марчукова,Ольга,410,3,Артемовский,1987-09-24,26
2924,Никитаев,Виталий,320,3,Вичуга,1988-04-30,69
2925,Беликов,Александр,420,3,Клин,1987-01-11,21
2926,Демиденко,Инна,90,2,Белоусово,1988-09-11,3
2927,Челноков,Андрей,320,2,Ноябрьск,1988-10-30,37
2928,Багрянцева,Надежда,520,1,Геленджик,1985-06-08,64
2929,Титов,Даниил,100,3,Орлов,1985-08-25,82
2930,Шабанова,Людмила,220,4,Камень-на-Оби,1982-10-28,59
2931,Минаков,Александр,460,2,Купино,1982-04-19,70
2932,Ларина,Елена,130,3,Курчатов,1985-05-27,13
2933,Беляева,Татьяна,340,4,Можайск,1980-11-27,77
2934,Бабышкина,Олег,100,1,Альметьевск,1986-11-11,15
2935,Швецова,Мария,130,2,Велиж,1984-10-08,1
2936,Харченко,Александр,470,1,Сокольники,1986-06-21,29
2937,Зеленский,Евгений,170,1,Давлеканово,1986-05-31,12
2938,Уварова,Анна,320,1,Ивантеевка,1988-08-05,19
2939,Пархоменко,Татьяна,520,1,Дзержинск,1981-02-11,23
2940,Рохлин,Федор,370,1,Уссурийск,1980-04-22,1
2941,Паршин,Максим,230,4,Бежецк,1984-11-06,3
2942,Рогачева,Алла,270,4,Озеры,1980-08-27,33
2943,Цыбина,Виктория,450,4,Иваново,1988-04-14,90
2944,Мясин,Григорий,310,4,Елец,1988-05-01,85
2945,Воробьева,Ксения,70,4,Оханск,1984-01-10,87
2946,Петруня,Ирина,190,2,Макарьев,1982-10-23,74
2947,Горшенев,Александр,360,1,Туймазы,1986-04-02,2
2948,Ковалевская,Екатерина,130,3,Малоярославец,1983-02-14,98
2949,Бутурлакина,Оксана,370,3,Ленск,1988-01-12,84
2950,Иванников,Сергей,320,3,Судогда,1989-07-19,98
2951,Паршин,Сергей,80,2,Мезень,1985-01-29,76
2952,Рыбалкина,Наталья,230,2,Сальск,1980-10-19,70
2953,Цухло,Евгений,210,3,Узловая,1983-11-22,90
2954,Исайкин,Сергей,450,2,Старица,1985-03-14,14
2955,Паршин,Сергей,130,3,Татарск,1980-01-07,5
2956,Титов,Андрей,360,1,Кингисепп,1983-03-26,76
2957,Дмитриев,Роман,260,4,Мичуринск,1986-09-07,59
2958,Рязанова,Евгения,260,3,Тихвин,1981-06-28,37
2959,Титов,Андрей,320,4,Красноуфимск,1988-09-04,14
2960,Заритовская,Евгения,150,2,Белово,1980-12-16,72
2961,Курбатов,Сергей,120,1,Кудымкар,1988-08-30,92
2962,Иванченко,Андрей,400,1,Туймазы,1984-11-22,57
2963,Азаров,Алексей,250,2,Тайга,1987-03-06,6
2964,Кулакова,Анна,220,1,Слободской,1980-07-10,88
2965,Бекина,Наталия,60,2,Медынь,1980-04-04,25
2966,Кабанова,Наталия,520,2,Когалым,1983-08-09,36
2967,Келчева,Анастасия,120,3,Белокуриха,1984-04-08,71
2968,Сараева,Светлана,230,3,Оханск,1982-04-12,58
2969,Жданов,Сергей,80,1,Новороссийск,1983-06-20,87
2970,Бостанова,Лилия,290,3,Хребтовая,1986-06-11,69
2971,Вишневецкая,Евгения,190,4,Верхняя Пышма,1985-05-16,58
2972,Калинин,Вячеслав,530,4,Жуков,1987-04-06,91
2973,Червакова,Вера,210,3,Боровичи,1980-09-05,12
2974,Телегин,Александр,60,1,Лиходиево,1988-08-11,17
2975,Филипчук,Оксана,210,1,Печора,1980-08-11,67
2976,Щеголев,Денис,450,4,Горнозаводск,1984-04-05,25
2977,Иванников,Сергей,440,2,Каргат,1984-03-21,58
2978,Григорьев,Владислав,370,4,Котельниково,1981-07-24,34
2979,Воронин,Сергей,170,1,Тайга,1983-07-29,5
2980,Ильина,Анастасия,200,1,Ключи,1980-07-31,87
2981,Новикова,Ольга,180,4,Южа,1984-10-15,17
2982,Седунов,Алексей,150,4,Боровск,1986-11-08,83
2983,Кобцев,Александр,130,4,Никольское,1980-02-09,1
2984,Спиридонов,Александр,170,2,Охотск,1982-09-26,89
2985,Золотых,Владислав,80,3,Мураши,1989-02-09,14
2986,Татаринцев,Александр,200,2,Покачи,1986-05-31,21
2987,Краснопольский,Михаил,210,2,Нея,1988-09-20,86
2988,Емец,Дарья,240,2,Урай,1985-07-18,5
2989,Барбашинов,Андрей,360,3,Новый Оскол,1989-11-05,88
2990,Макарова,Екатерина,420,3,Сорочинск,1983-11-22,49
2991,Работинская,Кира,130,4,Кораблино,1986-12-26,92
2992,Сезина,Елена,300,4,Дятьково,1980-10-12,8
2993,Мозговая,Татьяна,540,4,Малмыж,1983-03-15,78
2994,Коновалова,Ольга,240,2,Шахты,1984-08-06,26
2995,Обризанова,Вера,210,4,Кировск,1980-06-23,77
2996,Никулина,Янина,230,1,Уссурийск,1988-12-06,1
2997,Щведова,Ирина,190,1,Минеральные Воды,1982-03-12,68
2998,Малова,Ирина,290,1,Невельск,1983-10-18,42
2999,Балыкин,Владимир,530,2,Дедовск,1983-08-13,47
3000,Ясинский,Андрей,390,2,Юхнов,1980-04-05,17
3001,Глущенко,Юлия,260,4,Боровичи,1986-02-06,37
3002,Чижова,Екатерина,250,3,Орлов,1985-09-10,3
3003,Воронин,Сергей,290,3,Рыбное,1984-01-26,98
3004,Бостанова,Лилия,420,3,Мещовск,1983-07-26,6
3005,Черкас,Елена,340,1,Балаково,1988-12-30,86
3006,Васильев,Сергей,540,1,Вельск,1988-01-07,4
3007,Папонов,Сергей,420,2,Буинск,1984-12-01,94
3008,Налдаев,Геннадий,390,3,Барыш,1983-12-30,23
3009,Борзенков,Максим,90,4,Саргино,1982-11-10,34
3010,Незнамов,Дмитрий,460,1,Бабаево,1989-06-21,62
3011,Халяпин,Евгений,150,3,Химки,1981-04-29,62
3012,Хомякова,Ирина,260,4,Дедовск,1983-04-11,93
3013,Вязникова,Олеся,120,4,Лиски,1983-03-22,19
3014,Дешевых,Наталья,330,2,Питкяранта,1989-12-04,57
3015,Шульгин,Константин,350,3,Кологрив,1980-12-12,63
3016,Комов,Александр,330,2,Венев,1988-07-25,10
3017,Жокин,Николай,270,1,Анжеро-Судженск,1987-11-18,33
3018,Колбасова,Наталья,480,4,Ивдель,1985-09-24,70
3019,Спицын,Дмитрий,250,1,Чехов,1989-10-04,4
3020,Посошилин,Александр,550,3,Бавлы,1988-07-15,83
3021,Кравцов,Андрей,540,4,Анадырь,1981-07-28,96
3022,Царева,Надежда,320,3,Верея,1984-12-01,62
3023,Грицынин,Семен,330,3,Выкса,1987-07-25,41
3024,Нечипоренко,Александр,50,3,Усть-Джегута,1987-09-17,79
3025,Кумарин,Николай,280,4,Находка,1982-01-22,29
3026,Карп,Юлия,60,3,Приморск,1989-09-18,6
3027,Голубев,Иван,480,4,Гусь-Хрустальный,1989-11-04,37
3028,Жукова,Жанна,530,3,Еменьга,1982-09-12,72
3029,Музалевских,Светлана,440,1,Дзержинский,1985-09-17,77
3030,Бовыкина,Ангелина,220,4,Лесной,1986-03-05,50
3031,Перцева,Екатерина,340,2,Михайлов,1985-04-03,56
3032,Польникова,Наталья,,4,Высоковск,1986-05-23,30
3033,Болотова,Людмила,170,3,Советский,1982-12-13,22
3034,Беглова,Любовь,80,4,Вологда,1983-03-24,20
3035,Чащин,Сергей,200,4,Сходня,1980-05-16,2
3036,Папонов,Сергей,120,1,Неман,1988-10-16,1
3037,Великанова,Наталья,,4,Петухово,1986-07-07,61
3038,Оленева,Инна,540,2,Южно-Сахалинск,1986-01-31,40
3039,Злобин,Максим,150,1,Мелединская,1986-01-15,52
3040,Компанейцев,Максим,160,3,Сергиев Посад,1985-06-07,58
3041,Тарасов,Александр,150,1,Кимовск,1988-02-21,38
3042,Кулаков,Евгений,330,2,Кумертау,1981-04-15,63
3043,Пожидаева,Екатерина,100,1,Сергач,1981-12-06,25
3044,Максименкова,Дарья,540,4,Жердевка,1987-02-01,45
3045,Иванова,Татьяна,330,3,Владикавказ,1981-06-19,75
3046,Керим-Заде,Лариса,150,2,Исилькуль,1983-03-21,34
3047,Яковенко,Оксана,80,2,Нефтегорск,1988-07-24,83
3048,Разуваева,Елена,100,3,Боровое,1986-11-05,96
3049,Зиновьева,Елена,300,4,Спас-Деменск,1981-09-20,18
3050,Желнов,Сергей,100,2,Советский,1984-06-28,3
3051,Мунтян,Вадим,160,4,Борзя,1988-07-23,83
3052,Клименко,Алла,110,3,Кыштым,1983-02-17,52
3053,Недосекина,Наталья,390,4,Киров,1985-03-08,10
3054,Калугин,Вадим,120,2,Лодейное,1984-12-26,97
3055,Борисова,Марина,240,1,Пыть-Ях,1981-04-06,98
3056,Горелов,Евгений,150,4,Камбарка,1989-09-22,82
3057,Костин,Леонид,440,3,Гусиноозерск,1983-10-29,50
3058,Славецкая,Ксения,540,3,Ногинск,1986-12-10,11
3059,Калабеков,Игорь,300,3,Белоусово,1987-06-27,80
3060,Кузнецова,Екатерина,480,4,Черногорск,1986-07-04,90
3061,Ломакина,Елена,90,2,Благовещенск,1983-02-06,6
3062,Донченко,Игорь,320,4,Камышлов,1985-11-22,26
3063,Кондауров,Виктор,530,4,Сураж,1983-08-30,51
3064,Муратов,Сергей,150,4,Новотроицк,1986-10-22,56
3065,Семенюта,Дмитрий,140,1,Октябрьский,1983-05-31,69
3066,Шубина,Мария,230,3,Суровикино,1989-10-30,46
3067,Вишневецкая,Евгения,130,4,Горно-Алтайск,1986-12-22,21
3068,Боков,Сергей,450,4,Бирск,1980-03-15,44
3069,Мельниченко,Максим,100,3,Боровое,1988-03-11,7
3070,Литвищенко,Лилия,320,2,Видное,1981-06-06,70
3071,Литвинов,Евгений,190,3,Славянск-на-Кубани,1985-11-02,93
3072,Мартыненко,Елена,440,4,Чита,1981-08-15,89
3073,Полянский,Юрий,420,2,Брянск,1984-01-20,9
3074,Черников,Константин,170,3,Шадринск,1980-08-21,9
3075,Санина,Юлия,440,1,Певек,1982-05-07,90
3076,Белогорцев,Александр,270,2,Новая Ладога,1980-07-21,31
3077,Напольских,Александр,450,1,Гулькевичи,1980-12-11,62
3078,Горячева,Татьяна,100,1,Нязепетровск,1987-07-26,74
3079,Агзамова,Юлия,150,2,Володарск,1985-12-13,3
3080,Передереев,Евгений,300,1,Карталы,1986-04-15,50
3081,Ананьева,Ольга,110,3,Фокино,1982-12-02,4
3082,Куликов,Константин,440,4,Юрга,1987-12-06,74
3083,Чистякова,Елизавета,220,3,Шатура,1980-02-04,58
3084,Тегза,Дмитрий,510,1,Абаза,1987-11-20,55
3085,Сертаков,Александр,310,2,Еменьга,1982-04-23,91
3086,Пикалова,Ирина,450,1,Нолинск,1985-12-03,73
3087,Завалина,Светлана,380,4,Железногорск,1985-12-11,84
3088,Степанова,Татьяна,450,3,Липецк,1989-12-11,93
3089,Маричев,Александр,280,4,Слободской,1982-11-16,60
3090,Шаршов,Павел,150,4,Кыштым,1981-11-13,22
3091,Джиоев,Дмитрий,500,1,Сысерть,1980-02-13,60
3092,Самбикина,Ирина,460,2,Покров,1987-09-25,94
3093,Мешков,Максим,430,1,Менделеевск,1989-11-26,94
3094,Хафизов,Александр,290,4,Нижняя Салда,1984-07-01,75
3095,Ивлев,Александр,520,1,Краснокаменск,1985-05-06,14
3096,Струков,Дмитрий,110,3,Кольчугино,1987-10-19,85
3097,Бокова,Юлия,450,2,Чистополь,1987-09-06,70
3098,Кулагина,Светлана,240,4,Заволжье,1980-03-19,25
3099,Бунеева,Людмила,180,1,Лермонтов,1986-02-10,13
3100,Усова,Юлия,520,2,Нижние Серги,1982-09-06,11
3101,Киреев,Денис,250,1,Ржев,1987-04-18,31
3102,Панова,Елена,100,4,Луховицы,1984-01-30,33
3103,Коростелева,Юлия,70,3,Закаменск,1983-03-15,50
3104,Буяновская,Ирина,530,4,Аргуновский,1980-10-04,60
3105,Надточей,Марина,380,3,Анадырь,1980-05-05,94
3106,Саженков,Андрей,510,1,Алапаевск,1980-01-28,40
3107,Харченко,Александр,180,1,Мегион,1984-01-23,14
3108,Шишов,Артем,220,4,Ревда,1984-11-09,93
3109,Зиборов,Евгений,180,3,Камызяк,1986-05-10,43
3110,Вязников,Андрей,330,4,Сокольники,1980-03-27,86
3111,Сысоева,Марина,360,2,Ейск,1988-02-17,87
3112,Избалыкова,Мария,100,1,Муравленко,1985-10-01,4
3113,Леонтьева,Марина,540,1,Полысаево,1984-07-25,87
3114,Беляев,Максим,420,1,Железногорск,1985-03-17,66
3115,Нестеров,Александр,70,1,Цивильск,1988-11-02,61
3116,Михайлин,Роман,100,2,Светлый,1989-01-15,46
3117,Громыхалов,Алексей,460,2,Петровск-Забайкальский,1982-11-01,50
3118,Шатровский,Евгений,370,3,Тверь,1980-12-17,97
3119,Поликарпов,Игорь,510,2,Кумертау,1986-07-11,91
3120,Брыжакина,Светлана,460,3,Кириши,1986-08-26,71
3121,Никифорова,Елена,210,4,Мамоново,1989-05-08,91
3122,Шумский,Илья,190,1,Никольск,1988-12-26,92
3123,Шумский,Илья,520,2,Буй,1988-12-24,78
3124,Козенко,Ирина,330,1,Абаза,1986-05-23,84
3125,Матущуков,Сергей,310,2,Дальнегорск,1984-12-25,82
3126,Зайцева,Екатерина,520,3,Лянтор,1989-12-12,54
3127,Семынина,Виктория,220,3,Клинцы,1988-11-04,50
3128,Дмитриев,Александр,160,4,Ивантеевка,1985-10-21,43
3129,Вишняков,Александр,280,2,Усть-Лабинск,1986-09-23,81
3130,Яртым,Юлия,210,4,Коряжма,1982-12-18,21
3131,Сутягина,Татьяна,280,1,Старая Русса,1989-07-17,38
3132,Шмойлова,Юлия,180,4,Алексин,1988-10-16,81
3133,Филатова,Яна,90,2,Бежецк,1985-05-09,85
3134,Сазонов,Дмитрий,50,1,Хадыженск,1985-06-21,62
3135,Сотникова,Юлия,530,4,Ливны,1984-01-18,29
3136,Миненкова,Наталья,380,3,Кандалакша,1986-03-13,95
3137,Скворцова,Юлия,150,1,Когалым,1982-07-22,63
3138,Труханова,Мария,180,3,Абакан,1981-01-18,71
3139,Огарев,Сергей,440,2,Сухиничи,1983-02-04,93
3140,Алтынникова,Нина,140,1,Пионерский,1983-11-08,39
3141,Кряквина,Людмила,250,2,Ялуторовск,1985-09-07,70
3142,Фомина,Ольга,220,3,Галич,1984-11-15,23
3143,Денисенок,Юлия,480,1,Свирск,1982-02-27,37
3144,Баркова,Елена,70,4,Солга,1984-04-05,20
3145,Бурцева,Мария,370,3,Краснокаменск,1980-07-07,34
3146,Петунин,Александр,50,1,Мензелинск,1989-05-15,77
3147,Вяльцев,Сергей,190,2,Волгоград,1988-11-02,28
3148,Евдокимова,Татьяна,490,4,Калуга,1980-06-26,86
3149,Пихтирева,Екатерина,310,4,Ветлуга,1984-12-09,27
3150,Канищев,Роман,390,2,Осинники,1984-09-24,79
3151,Моисеенко,Янина,130,1,Бутурлиновка,1984-12-10,91
3152,Матущуков,Сергей,300,4,Сорск,1983-04-12,57
3153,Щербатых,Евгений,340,2,Урай,1989-03-11,93
3154,Коновалов,Евгений,280,4,Иланский,1981-09-21,47
3155,Богданов,Сергей,400,4,Темников,1989-11-17,89
3156,Гуров,Вадим,500,2,Тосно,1985-02-27,17
3157,Касаткина,Светлана,100,2,Ликино-Дулево,1980-06-13,88
3158,Аникеев,Максим,100,2,Байкальск,1986-08-12,60
3159,Кудрявцева,Алла,520,2,Междуреченск,1984-09-24,94
3160,Попов,Сергей,440,2,Кодинск,1987-06-05,83
3161,Журомская,Ольга,220,1,Лыткарино,1982-04-22,22
3162,Кучерова,Евгения,300,3,Ноябрьск,1980-08-05,19
3163,Камышников,Сергей,210,1,Куртамыш,1988-07-24,57
3164,Кулагин,Роман,540,3,Верхняя Тура,1988-10-02,49
3165,Суркова,Наталия,100,4,Бузулук,1982-03-10,58
3166,Кулагина,Ольга,280,4,Богородицк,1988-06-11,86
3167,Плетнева,Инна,60,3,Александровск,1981-05-03,15
3168,Труханова,Мария,540,1,Свердловск-44,1986-06-18,5
3169,Шейкина,Ирина,520,4,Балаково,1982-01-06,92
3170,Лукина,Елена,320,2,Партизанск,1983-12-03,87
3171,Лозовая,Елена,430,4,Ленино-Ульяновское,1980-01-01,88
3172,Катичева,Елена,300,2,Сергач,1984-01-14,28
3173,Орлова,Елена,450,1,Гусев,1980-03-14,85
3174,Матыцина,Ирина,330,3,Новый Уренгой,1981-07-24,76
3175,Рожкова,Людмила,270,2,Ленинск-Кузнецкий,1987-02-11,71
3176,Гук,Татьяна,160,4,Белая Калитва,1980-12-31,96
3177,Бурляева,Ольга,260,1,Наро-Фоминск,1985-05-30,66
3178,Стеценко,Евгения,420,2,Лакинск,1987-05-22,29
3179,Горшколепова,Ирина,410,1,Мценск,1983-08-26,92
3180,Шевченко,Елена,540,1,Нягань,1983-09-30,45
3181,Ефремова,Елена,120,2,Гусь-Хрустальный,1985-02-01,6
3182,Лысенко,Ирина,470,4,Чехов-8,1983-04-15,21
3183,Калюжина,Ирина,450,,Светогорск,1980-02-29,32
3184,Кабанов,Иван,230,4,Куса,1988-05-30,76
3185,Евтушенко,Ксения,400,3,Янаул,1984-02-10,28
3186,Федорова,Ирина,370,3,Вологда,1982-05-16,78
3187,Барановский,Владислав,280,4,Пустошка,1983-02-14,97
3188,Трофимова,Ирина,360,2,Заречный,1989-05-11,6
3189,Волобуева,Анастасия,230,2,Новинки,1981-09-14,25
3190,Толокова,Оксана,320,4,Бугуруслан,1985-04-02,40
3191,Соколова,Татьяна,300,4,Набережные Челны,1985-08-08,9
3192,Гилин,Владимир,440,3,Лодейное,1989-06-02,96
3193,Стругов,Михаил,300,3,Фролово,1986-12-10,74
3194,Клычева,Ася,260,4,Отрадное,1989-07-08,22
3195,Ермакова,Анастасия,100,4,Усть-Кут,1983-12-31,31
3196,Кондратков,Александр,450,,Арсеньев,1980-06-08,10
3197,Жиронкина,Виктория,550,2,Сысерть,1985-11-23,76
3198,Шалимова,Татьяна,320,2,Сясьстрой,1987-04-03,33
3199,Дубинкин,Николай,360,1,Солигалич,1985-01-16,67
3200,Печенкина,Мария,230,1,Богданович,1985-03-22,76
3201,Сахарова,Елена,450,2,Неман,1985-10-26,75
3202,Щербакова,Надежда,430,4,Благовещенск,1987-12-18,41
3203,Максимова,Ольга,470,4,Дятьково,1989-11-05,4
3204,Улезько,Владимир,470,4,Краснознаменск,1984-07-26,76
3205,Белкова,Светлана,80,2,Черемхово,1984-06-06,22
3206,Рукина,Наталья,420,2,Струнино,1986-10-05,92
3207,Дацко,Анастасия,450,1,Балей,1984-02-14,39
3208,Живова,Наталья,200,1,Рубцовск,1985-04-16,66
3209,Пихтерева,Екатерина,320,3,Фокино,1984-09-05,78
3210,Винникова,Ирина,180,2,Опочка,1980-02-15,57
3211,Неупокоева,Анна,430,3,Ковдор,1986-05-10,94
3212,Титов,Сергей,370,3,Краснослободск,1988-01-12,98
3213,Вислогубов,Сергей,420,2,Суоярви,1988-01-05,9
3214,Титов,Вячеслав,500,2,Новосибирск,1984-01-26,17
3215,Козырицкая,Руслана,420,1,Кунгур,1988-03-06,36
3216,Касьяненко,Юрий,150,1,Луза,1985-10-23,37
3217,Бахметьева,Нина,310,3,Сальск,1981-08-05,66
3218,Бородин,Владимир,210,3,Новомичуринск,1982-02-28,51
3219,Кузнецова,Оксана,410,1,Ключи,1983-07-22,60
3220,Бобкова,Олеся,310,1,Березовский,1986-12-28,25
3221,Валикова,Елена,160,2,Макушино,1987-06-08,91
3222,Милякова,Анастасия,160,4,Северобайкальск,1983-01-19,80
3223,Бушковский,Евгений,390,4,Южно-Сухокумск,1986-02-03,77
3224,Бостанова,Лилия,80,4,Благодарный,1988-09-12,5
3225,Дякина,Татьяна,420,2,Сочи,1983-12-16,86
3226,Колосова,Елена,380,4,Ирбит,1980-01-26,57
3227,Пирогова,Ирина,460,3,Починок,1986-03-13,25
3228,Куземчеко,Ирина,60,2,Нижняя Салда,1989-05-08,68
3229,Авершина,Мария,500,2,Волжск,1982-11-11,8
3230,Сафронова,Ольга,200,3,Лысково,1987-07-17,19
3231,Закарюкина,Екатерина,360,3,Протвино,1982-03-13,26
3232,Дурных,Андрей,290,4,Можга,1981-04-20,87
3233,Мухамеджанова,Альбина,70,1,Кировск,1986-11-10,21
3234,Ишкова,Наталия,290,2,Хадыженск,1981-05-07,56
3235,Бахтина,Ольга,470,3,Онега,1982-04-08,94
3236,Зубкова,Евгения,440,1,Касли,1987-04-07,63
3237,Малкина,Виктоия,510,3,Стрежевой,1986-03-20,95
3238,Якуб,Евгения,450,1,Мещовск,1983-05-13,59
3239,Кобякова,Лилия,230,2,Чусовой,1986-04-29,17
3240,Стеценко,Евгения,410,2,Ковров,1986-08-21,91
3241,Тонких,Владислав,50,4,Томари,1984-07-11,23
3242,Чуйков,Андрей,550,3,Лабытнанги,1982-05-07,27
3243,Евтеев,Вадим,280,2,Саратов,1989-07-31,73
3244,Гостенин,Борис,360,3,Сасово,1980-03-13,34
3245,Шибальчина,Ирина,60,2,Сестрорецк,1986-09-28,95
3246,Пасмурная,Оксана,340,1,Чудово,1985-12-09,61
3247,Евтеев,Вадим,190,4,Людиново,1982-01-13,5
3248,Шайдурова,Татьяна,100,2,Ишимбай,1984-05-17,28
3249,Тонких,Владислав,150,4,Лесной,1984-12-01,2
3250,Карнаухова,Светлана,390,3,Камень-на-Оби,1981-03-20,96
3251,Шаталова,Екатерина,120,2,Еманжелинск,1980-07-22,86
3252,Есин,Максим,270,4,Юхнов,1988-09-07,5
3253,Камышников,Сергей,380,4,Кайеркан,1989-08-11,79
3254,Колесникова,Татьяна,300,3,Комсомольск-на-Амуре,1983-08-03,20
3255,Семенова,Индира,110,4,Углич,1982-11-14,16
3256,Плоскина,Ольга,140,4,Почеп,1982-05-04,61
3257,Колпакова,Оксана,430,3,Чекалин,1987-06-11,70
3258,Сорочинский,Игорь,70,2,Нефтегорск,1986-06-15,70
3259,Козлова,Ядвига,100,2,Красная Горбатка,1985-01-18,4
3260,Самойлова,Олеся,230,2,Новокубанск,1988-09-12,41
3261,Карташова,Екатерина,300,1,Болохово,1987-09-27,55
3262,Власова,Эльвира,340,4,Нарткала,1986-05-16,60
3263,Татаринов,Андрей,210,1,Володарск,1986-10-29,3
3264,Дякина,Татьяна,170,1,Костерево,1988-09-04,92
3265,Кириличева,Екатерина,160,3,Нерюнгри,1983-10-19,49
3266,Михайлова,Оксана,530,1,Ишим,1981-02-22,27
3267,Евтеева,Ирина,470,4,Фурманов,1981-05-24,73
3268,Столповских,Наталья,510,4,Новороссийск,1986-08-06,23
3269,Кривцова,Евгения,110,2,Рылковский,1986-08-30,19
3270,Водопьянова,Инна,50,2,Липецк,1980-08-24,8
3271,Балабанова,Ксения,290,4,Еланцы,1988-11-26,4
3272,Серикова,Ирина,370,3,Воскресенск,1984-09-06,68
3273,Сухинина,Арина,370,2,Малая Вишера,1981-12-08,18
3274,Степанов,Артем,300,1,Карпинск,1982-09-30,16
3275,Григоров,Александр,350,3,Лебедянь,1985-06-24,70
3276,Давыдов,Евгений,150,3,Миньяр,1984-09-29,40
3277,Бочкина,Елена,140,3,Пятигорск,1982-07-30,67
3278,Прудских,Лилия,280,1,Кимры,1989-02-26,43
3279,Карасенко,Александр,170,3,Алексин,1981-10-13,15
3280,Новикова,Анна,220,3,Павловский Посад,1988-03-02,24
3281,Дыбов,Евгений,170,3,Сельцо,1983-02-22,34
3282,Павлюкова,Анастасия,300,1,Вологда,1988-07-24,24
3283,Тихонов,Антон,380,4,Бийск,1988-01-13,37
3284,Хаустова,Алена,150,4,Шиловская,1987-10-01,32
3285,Лысенко,Анна,430,1,Морозовск,1983-06-26,65
3286,Волобуева,Марина,100,2,Новый Оскол,1986-11-06,37
3287,Булавинцева,Ольга,250,1,Кимовск,1984-08-14,63
3288,Баркалова,Елена,270,4,Пушкино,1987-07-21,56
3289,Наливайко,Ксения,90,2,Тихорецк,1982-04-12,2
3290,Пушкарева,Светлана,260,4,Южа,1986-10-27,27
3291,Котова,Мария,230,1,Ужур-4,1989-12-20,32
3292,Анисимова,Арина,120,4,Тихвин,1989-04-22,47
3293,Менякина,Эльвира,90,1,Владикавказ,1983-06-26,64
3294,Межуева,Ольга,140,4,Суджа,1982-03-19,67
3295,Мальцев,Игорь,300,1,Калач-на-Дону,1980-01-11,87
3296,Волкова,Ольга,500,2,Трехгорный-1,1986-07-02,34
3297,Кириленко,Юлия,160,3,Белорецк,1981-01-31,94
3298,Филимонов,Игорь,70,3,Гаврилов-Ям,1983-05-07,18
3299,Яковлева,Татьяна,70,1,Спас-Деменск,1985-11-24,1
3300,Маринич,Жанна,460,4,Яхрома,1989-09-09,46
3301,Заболотнева,Юлия,330,3,Беднодемьяновск,1980-02-27,87
3302,Макушенко,Евгения,80,4,Похвистнево,1984-04-20,16
3303,Георгиев,Виктор,280,1,Саранск,1989-01-26,30
3304,Макушенко,Александра,80,1,Белая Холуница,1989-03-23,27
3305,Дмитриев,Филипп,110,1,Полярный,1984-09-02,47
3306,Фотя,Наталья,320,2,Одинцово-10,1983-11-27,26
3307,Панина,Лариса,380,1,Петров Вал,1985-09-23,28
3308,Кононов,Сергей,120,2,Лебедянь,1983-11-08,20
3309,Щербатых,Анна,80,4,Саранск,1985-02-03,64
3310,Махортых,Ольга,540,1,Альметьевск,1985-05-25,44
3311,Журавлева,Юлия,470,3,Окуловка,1984-07-07,21
3312,Гаврилова,Марина,310,2,Касимов,1986-05-29,79
3313,Корыстина,Ольга,270,2,Ставрополь,1981-02-09,83
3314,Шашукова,Виктория,180,1,Минеральные Воды,1982-02-25,5
3315,Ермолин,Дмитрий,220,2,Мариинск,1984-06-08,22
3316,Мединцева,Виталия,390,1,Козельск,1980-02-22,53
3317,Соболев,Сергей,390,2,Сортавала,1987-07-29,19
3318,Стругов,Михаил,140,2,Льгов,1989-03-27,58
3319,Харченко,Лариса,90,1,Уварово,1982-01-29,85
3320,Гуров,Вадим,530,4,Дубовка,1981-09-25,9
3321,Серикова,Ирина,60,4,Уяр,1984-02-13,20
3322,Семенова,Индира,480,2,Киров,1983-03-17,12
3323,Сорокин,Валентин,390,4,Североморск,1989-11-30,80
3324,Абакумов,Дмитрий,110,1,Печора,1989-09-04,18
3325,Безруков,Сергей,310,1,Обнинск,1981-04-23,21
3326,Лаврищев,Сергей,430,1,Звенигород,1984-12-04,48
3327,Смирнов,Владимир,240,2,Остров,1989-11-21,50
3328,Власова,Наталья,490,1,Кизилюрт,1989-01-22,31
3329,Хавлин,Денис,200,1,Велиж,1988-12-09,10
3330,Скворцова,Анна,180,2,Светлогорск,1982-11-04,64
3331,Волкова,Наталья,510,2,Высоковск,1988-12-29,86
3332,Королев,Дмитрий,100,4,Вилючинск,1986-05-04,83
3333,Симонов,Сергей,130,4,Лениногорск,1984-05-11,91
3334,Куприна,Марина,80,1,Десногорск,1986-06-07,9
3335,Крынина,Евгения,350,2,Донской,1986-01-26,50
3336,Николаенко,Николай,380,3,Одинцово,1980-03-27,27
3337,Гуршумов,Иван,530,4,Новодвинск,1981-04-16,57
3338,Вахтина,Ирина,530,3,Любим,1982-04-25,78
3339,Матчин,Анатолий,460,4,Шатура,1981-07-20,88
3340,Печников,Роман,440,1,Лесной,1987-05-02,79
3341,Соловьев,Геннадий,80,1,Среднеуральск,1982-03-03,63
3342,Макеев,Сергей,320,4,Малоярославец,1987-09-22,43
3343,Пастухова,Алина,450,3,Кизилюрт,1984-05-13,52
3344,Рышкова,Елена,310,3,Ухта,1983-06-20,35
3345,Гаврилова,Александра,520,4,Кола,1989-06-03,80
3346,Вдовик,Ирина,50,2,Сасово,1988-10-25,84
3347,Сарычева,Ольга,290,2,Ковров,1982-09-24,5
3348,Тимирев,Виктор,410,2,Сальск,1984-06-18,73
3349,Шаповалова,Инна,360,4,Тутаев,1983-09-12,93
3350,Горохова,Ирина,170,3,Богучар,1983-07-21,54
3351,Зобов,Сергей,370,1,Йошкар-ола,1987-12-30,76
3352,Лихач,Наталья,340,2,Макаров,1982-05-30,71
3353,Дарчиашвили,Лиана,420,4,Ухта,1989-05-26,28
3354,Застрожнова,Марина,310,3,Липецк,1981-07-22,33
3355,Горбунова,Мария,470,2,Шадринск,1983-05-13,19
3356,Бобкова,Елена,370,3,Рошаль,1985-12-16,87
3357,Дедова,Наталья,170,4,Северо-Курильск,1980-09-23,45
3358,Чепляева,Алла,490,2,Еманжелинск,1985-10-20,2
3359,Колупаева,Вера,360,1,Чухлома,1981-07-30,32
3360,Ренжин,Александр,520,3,Спасск-Дальний,1985-10-24,89
3361,Ануфриева,Ольга,540,4,Гагарин,1983-05-21,54
3362,Евдокимов,Валерий,430,4,Осинники,1983-06-06,72
3363,Изотов,Олег,110,2,Рудня,1988-06-03,97
3364,Косухин,Руслан,260,1,Энгельс,1988-12-19,43
3365,Булавинцева,Ольга,520,4,Кондрово,1980-03-27,6
3366,Тоньшева,Елена,280,3,Нижневартовск,1985-07-16,52
3367,Чукин,Сергей,110,3,Норильск,1981-03-04,46
3368,Золотоверхова,Наталья,530,3,Сестрорецк,1987-10-26,64
3369,Мочалов,Александр,280,2,Карабулак,1981-02-11,59
3370,Санина,Юлия,420,3,Сольвычегодск,1988-05-16,16
3371,Безгина,Марина,550,2,Ярославль,1983-09-07,1
3372,Давыдова,Татьяна,520,2,Невинномысск,1982-09-04,37
3373,Воронцов,Максим,130,2,Кандалакша,1989-12-07,81
3374,Босых,Наталья,240,1,Зеленогорск,1980-08-19,16
3375,Мизиева,Анастасия,180,4,Белово,1982-06-27,17
3376,Рыжков,Дмитрий,270,2,Пушкин,1988-11-14,11
3377,Орлова,Екатерина,160,4,Купино,1984-07-02,71
3378,Пухлов,Михаил,300,4,Курлово,1984-04-25,79
3379,Волчкова,Екатерина,350,1,Ногинск,1980-06-03,1
3380,Васильева,Татьяна,170,4,Баксан,1981-12-28,54
3381,Полухина,Жанна,510,3,Любим,1986-12-10,39
3382,Головина,Анна,150,2,Козельск,1988-12-28,42
3383,Заячников,Михаил,320,2,Фрязино,1987-03-02,56
3384,Карлова,Наталия,510,1,Сосенский,1987-04-12,31
3385,Климачева,Марина,160,3,Губкин,1985-05-10,94
3386,Корчагина,Ирина,420,3,Тюкалинск,1981-09-20,17
3387,Красных,Алексей,210,3,Лениногорск,1988-04-25,18
3388,Мешкова,Елена,320,4,Братск,1981-12-15,4
3389,Оболенская,Юлия,180,4,Тара,1989-07-08,98
3390,Овсянникова,Марина,50,1,Луза,1987-07-08,24
3391,Охрименко,Елена,220,1,Сургут,1987-03-29,52
3392,Павлов,Александр,90,1,Наволоки,1981-05-13,98
3393,Сабирова,Ольга,150,1,Вилюйск,1986-03-14,9
3394,Стукалова,Юлия,220,1,Ростов,1987-10-23,17
3395,Провоторова,Юлия,300,4,Городище,1986-06-13,49
3396,Новохатская,Наталья,240,2,Заволжье,1982-09-09,89
3397,Чихачев,Юрий,60,2,Каменка,1982-01-03,93
3398,Поликарпова,Анна,110,2,Сретенск,1986-07-15,64
3399,Беспалова,Елена,140,1,Щербинка,1987-09-04,25
3400,Головин,Николай,160,1,Киров,1982-04-03,66
3401,Петрикей,Иван,440,1,Чадан,1984-04-03,28
3402,Грибанов,Денис,80,3,Кизляр,1986-05-24,97
3403,Лесникова,Маргарита,430,4,Куровское,1982-05-30,9
3404,Яцкова,Татьяна,510,3,Инта,1985-01-02,16
3405,Журин,Павел,500,3,Спас-Клепики,1982-11-01,75
3406,Медведев,Сергей,370,1,Альметьевск,1989-12-28,29
3407,Шелякин,Сергей,460,2,Вуктыл,1987-01-22,95
3408,Карлова,Марина,380,2,Изобильный,1987-04-25,12
3409,Забудько,Юлия,80,1,Малоярославец,1988-07-06,16
3410,Мелякова,Майя,80,4,Одинцово-10,1983-04-20,74
3411,Машошина,Наталья,250,2,Уварово,1989-07-16,76
3412,Яицких,Василий,100,4,Вилюйск,1986-08-24,15
3413,Малыхин,Александр,530,2,Ковылкино,1985-09-07,87
3414,Лапшин,Вадим,240,4,Липки,1981-03-10,82
3415,Белозерова,Ольга,150,3,Мелединская,1986-05-28,70
3416,Грачева,Жанна,230,4,Горнозаводск,1984-03-12,8
3417,Секирин,Александр,200,4,Макушино,1989-12-21,52
3418,Струков,Дмитрий,50,3,Пугачев,1987-06-16,10
3419,Песков,Владимир,220,2,Теберда,1982-05-01,51
3420,Пересадько,Алина,110,4,Арсеньев,1989-02-16,18
3421,Середина,Юлия,130,1,Клин,1983-10-05,84
3422,Резуев,Виталий,280,1,Ковылкино,1984-03-02,10
3423,Коптева,Наталья,120,4,Новоалтайск,1986-02-04,10
3424,Овечкина,Ольга,340,3,Юбилейный,1985-06-21,30
3425,Попова,Наталья,110,4,Яровое,1984-12-18,63
3426,Колосов,Денис,280,2,Учалы,1987-08-07,43
3427,Рыжкова,Татьяна,100,3,Благовещенск,1989-11-14,8
3428,Турцева,Ирина,390,2,Туапсе,1985-03-29,47
3429,Чеботарева,Марина,320,1,Корсаков,1987-03-11,13
3430,Мясин,Григорий,190,4,Верещагино,1980-09-28,2
3431,Борисов,Дмитрий,510,4,Петровск-Забайкальский,1980-12-06,21
3432,Логачева,Екатерина,270,1,Жердевка,1983-12-18,93
3433,Лысенко,Константин,510,2,Ладушкин,1981-08-11,3
3434,Афанасьева,Юлия,140,4,Павловск,1984-07-31,10
3435,Диденко,Наталья,250,2,Невинномысск,1987-07-14,62
3436,Золотарев,Дмитрий,350,2,Нижний Новгород,1987-02-13,45
3437,Золототрубова,Ольга,260,3,Озерск,1983-07-27,41
3438,Кулыгина,Галина,230,4,Бавлы,1983-02-11,47
3439,Малютина,Елена,310,2,Геленджик,1983-04-25,52
3440,Алексеев,Александр,460,4,Боготол,1988-08-19,26
3441,Бареева,Оксана,350,1,Порхов,1989-06-04,86
3442,Болтнев,Роман,430,1,Краснотурьинск,1989-05-01,28
3443,Пупавцева,Людмила,440,4,Кировск,1986-08-29,50
3444,Глазунова,Оксана,190,4,Рыбинск,1985-01-04,31
3445,Румянцев,Виктор,150,1,Сурск,1981-07-30,65
3446,Гончаров,Андрей,290,3,Ейск,1982-02-23,83
3447,Долгополов,Дмитрий,520,1,Старый Оскол,1984-07-27,92
3448,Серебрякова,Вита,90,3,Нефтегорск,1981-03-01,50
3449,Моисеева,Виктория,350,2,Асбест,1982-01-17,96
3450,Зотов,Сергей,490,3,Бузулук,1986-06-08,79
3451,Хрипушина,Ольга,440,2,Кисловодск,1982-06-20,92
3452,Клейменова,Лилия,180,4,Покров,1986-08-10,89
3453,Медведева,Людмила,120,3,Сорочинск,1987-10-17,42
3454,Клинских,Александр,290,1,Шилка,1981-03-31,43
3455,Баутина,Наталья,70,2,Алексин,1984-05-15,76
3456,Коровченко,Игорь,520,2,Ефремов,1983-01-25,34
3457,Большакова,Екатерина,200,3,Орлов,1983-01-11,26
3458,Бойса,Матвей,130,4,Щелково,1983-04-24,68
3459,Лобанов,Александр,140,4,Мариинск,1980-01-12,90
3460,Папченкова,Елена,530,2,Юбилейный,1987-01-14,96
3461,Логунова,Елена,440,1,Кувандык,1986-08-01,4
3462,Пешкова,Анастасия,350,2,Липецк,1985-11-15,70
3463,Рыжкова,Елена,250,4,Буй,1988-04-14,95
3464,Руденко,Владимир,260,3,Зеленоград,1983-07-16,40
3465,Часовских,Нина,390,2,Вязники,1984-11-06,84
3466,Алехина,Татьяна,310,2,Армавир,1985-01-21,51
3467,Попова,Ольга,520,2,Псевдостолица,1988-05-25,14
3468,Юрченко,Татьяна,220,4,Саров,1989-06-18,67
3469,Перепичаева,Виктория,270,4,Верея,1983-02-15,13
3470,Журавлева,Оксана,290,1,Новоаннинский,1988-09-07,32
3471,Старожилов,Сергей,500,2,Унеча,1983-06-28,21
3472,Михайлова,Елена,490,1,Мирный,1987-11-01,22
3473,Суртаева,Татьяна,200,1,Островной,1980-12-27,71
3474,Филиппова,Елена,140,2,Владикавказ,1984-11-21,62
3475,Ширяев,Игорь,480,4,Волгодонск,1982-11-17,90
3476,Баранова,Елена,370,1,Валдай,1986-04-28,39
3477,Березина,Ольга,140,1,Инта,1989-07-19,82
3478,Кукушкина,Маргарита,340,1,Новоалександровск,1980-04-19,97
3479,Кутьина,Ольга,100,4,Щучье,1982-07-16,22
3480,Поправко,Елена,550,2,Тихвин,1986-05-04,45
3481,Есикова,Екатерина,360,3,Лукоянов,1981-02-17,87
3482,Григорьева,Елена,110,4,Навашино,1980-03-24,16
3483,Дацко,Анастасия,170,4,Новинки,1985-05-04,19
3484,Захарова,Юлия,220,3,Холмск,1981-03-01,88
3485,Комарова,Анна,510,4,Сургут,1984-04-03,49
3486,Комова,Кристина,140,4,Улан-Удэ,1985-08-27,8
3487,Машин,Вадим,320,1,Спас-Клепики,1985-04-30,4
3488,Харламова,Анна,540,4,Заречный,1984-03-21,50
3489,Воропаева,Наталья,350,4,Старая Русса,1989-07-09,14
3490,Рогачева,Антонина,140,4,Коркино,1984-05-14,78
3491,Райко,Дмитрий,170,2,Хабаровск,1982-10-10,71
3492,Самошкина,Марина,520,2,Псков,1981-02-24,77
3493,Щеголеватых,Ирина,80,2,Спас-Клепики,1984-04-05,2
3494,Гаврилова,Наталья,100,4,Реж,1986-01-24,20
3495,Сотникова,Анна,400,4,Подпорожье,1989-02-24,38
3496,Иванова,Елена,410,2,Бологое,1981-09-18,30
3497,Шокина,Виктория,390,3,Уссурийск,1986-06-05,43
3498,Андрианов,Михаил,390,1,Красное Село,1983-11-04,47
3499,Сорокина,Анна,80,4,Гай,1983-11-17,14
3500,Козин,Павел,60,2,Алагир,1980-02-25,28
3501,Петренко,Ольга,160,2,Заозерск,1980-10-11,63
3502,Свиридова,Светлана,460,2,Мелединская,1986-10-27,37
3503,Рубцова,Алла,500,3,Туринск,1986-11-14,15
3504,Цыбуляева,Елена,540,4,Балтийск,1985-01-23,52
3505,Авксентьева,Мария,510,1,Новоуральск,1982-09-18,73
3506,Бабанская,Ольга,380,3,Владикавказ,1981-05-06,77
3507,Чечин,Дмитрий,520,4,Шумерля,1983-10-25,20
3508,Садчикова,Татьяна,150,3,Чердынь,1982-06-23,32
3509,Рыженина,Ирина,310,1,Ивантеевка,1987-10-30,43
3510,Ягупов,Александр,120,3,Аркадак,1980-06-23,22
3511,Москалева,Ольга,510,2,Дедовск,1983-03-24,83
3512,Якименко,Сергей,440,4,Кумертау,1988-01-19,11
3513,Серенко,Юлия,370,3,Троицк,1987-07-29,49
3514,Денисов,Ярослав,360,4,Ужур,1984-04-20,24
3515,Сорокина,Ольга,60,2,Усолье-Сибирское,1987-01-30,8
3516,Хорошавин,Сергей,180,4,Шумиха,1987-03-24,90
3517,Прокопенко,Ольга,470,4,Юрюзань,1984-01-20,25
3518,Шушпанова,Елена,340,4,Сокольники,1985-09-15,81
3519,Головкина,Юлия,320,3,Ясногорск,1989-04-09,16
3520,Ивлева,Татьяна,440,2,Елизово,1984-03-01,95
3521,Новиков,Антон,170,4,Суворов,1989-05-14,60
3522,Курлыкина,Елена,480,4,Байконур,1989-02-03,32
3523,Кустов,Владимир,500,3,Гвардейск,1988-07-03,70
3524,Лесных,Татьяна,210,2,Ленск,1983-04-17,86
3525,Коротких,Никита,440,1,Биробиджан,1987-07-30,26
3526,Семенов,Борис,160,2,Новоузенск,1981-11-08,45
3527,Абросимов,Александр,430,4,Борзя,1984-12-16,61
3528,Бураков,Станислав,370,1,Сельцо,1989-05-22,23
3529,Олейников,Михаил,250,3,Псевдостолица,1989-07-31,8
3530,Багаев,Евгений,210,1,Закаменск,1980-11-14,40
3531,Пономарев,Владислав,130,4,Уяр,1982-05-15,15
3532,Степанов,Вячеслав,70,3,Новотроицк,1984-12-05,82
3533,Бакунец,Дмитрий,380,4,Бавлы,1984-01-30,7
3534,Добрынин,Александр,80,1,Ясногорск,1989-01-11,15
3535,Битюцкий,Андрей,510,3,Карталы,1989-10-07,24
3536,Руненков,Дмитрий,330,3,Новороссийск,1985-08-21,55
3537,Вихорев,Дмитрий,350,2,Вышний Волочек,1989-11-30,8
3538,Анохин,Роман,100,3,Морозовск,1988-12-19,41
3539,Гладских,Наталья,330,2,Руза,1989-08-20,10
3540,Гуровская,Наталья,480,4,Кореновск,1988-01-05,60
3541,Кумарин,Николай,510,2,Сосновка,1987-11-27,38
3542,Попова,Ирина,70,3,Липки,1983-12-02,98
3543,Меркушев,Александр,370,2,Лесозаводск,1981-07-29,31
3544,Дубина,Алексей,500,3,Черепаново,1984-10-09,93
3545,Дубина,Алексей,450,3,Великие Луки,1982-07-05,69
3546,Нестеров,Александр,260,4,Валдай,1988-01-18,33
3547,Максимов,Антон,120,3,Киренск,1983-05-14,38
3548,Уразов,Алексей,250,2,Солга,1986-11-20,79
3549,Чиркин,Владимир,450,3,Канаш,1986-05-18,26
3550,Юров,Антон,340,4,Сыктывкар,1981-02-12,38
3551,Грушецкий,Антон,290,2,Верхотурье,1983-07-13,16
3552,Киреев,Евгений,370,4,Янаул,1983-04-18,75
3553,Кузнецова,Наталья,410,2,Горнозаводск,1983-04-07,17
3554,Некрасов,Станислав,160,3,Агинское,1984-09-25,53
3555,Дмитриева,Ульяна,80,3,Ишим,1982-02-26,60
3556,Дмитриева,Ульяна,460,4,Кузнецк,1981-11-05,77
3557,Полынцов,Вадим,280,1,Сокол,1987-03-04,87
3558,Антонова,Ирина,430,4,Гдов,1980-03-06,87
3559,Полынцов,Вадим,330,1,Холмск,1989-02-27,6
3560,Баразгова,Екатерина,180,1,Горбатов,1987-08-16,10
3561,Беленова,Татьяна,130,2,Змеиногорск,1988-04-30,74
3562,Мухопадов,Алексей,210,1,Югорск,1989-12-20,92
3563,Ледебев,Сергей,230,1,Нефтеюганск,1981-10-21,72
3564,Борзенков,Максим,210,2,Артем,1987-03-22,93
3565,Борисов,Евгений,140,1,Избербаш,1988-11-10,91
3566,Шебанов,Александр,450,3,Пудож,1988-03-25,8
3567,Вяткина,Юлия,480,4,Катайск,1985-07-14,15
3568,Стеценко,Андрей,240,3,Рудногорск,1980-01-10,47
3569,Иванченко,Андрей,420,2,Ачинск,1983-09-07,5
3570,Кораблин,Михаил,80,4,Свободный,1986-12-19,86
3571,Карайчев,Александр,260,4,Мегет,1985-01-13,83
3572,Трущинский,Алексей,380,1,Белоусово,1980-02-25,33
3573,Кряквин,Сергей,120,1,Пласт,1984-07-25,46
3574,Гребенец,Александр,320,4,Верхо-Пуя,1988-04-08,19
3575,Махоркина,Наталия,250,4,Дзержинский,1984-07-25,43
3576,Нестеренко,Алексей,320,1,Болохово,1985-02-17,80
3577,Звягин,Иван,80,2,Бикин,1987-11-01,1
3578,Глебов,Александр,380,4,Тегро-Озеро,1984-10-04,91
3579,Бобрешов,Илья,190,2,Новосиль,1989-05-18,90
3580,Полухина,Татьяна,400,1,Исилькуль,1989-11-21,47
3581,Образцов,Александр,200,4,Чистополь,1988-09-16,47
3582,Родионов,Станислав,550,4,Павловское,1983-01-02,45
3583,Крахмалев,Дмитрий,130,4,Краснослободск,1982-06-16,84
3584,Лынов,Павел,140,3,Зеленогорск,1987-02-24,71
3585,Рябенко,Александр,500,3,Новинки,1987-09-06,43
3586,Сергеева,Евгения,500,1,Лесосибирск,1987-06-03,42
3587,Рязанов,Сергей,440,1,Среднеуральск,1983-03-04,66
3588,Барсуков,Виталий,140,3,Троицк,1987-11-02,63
3589,Бражников,Александр,360,4,Видим,1986-12-19,87
3590,Ситникова,Елена,510,3,Орск,1984-05-20,33
3591,Солодова,Ирина,540,3,Троицк,1987-04-02,39
3592,Гребенюк,Антон,280,1,Нижнекамск,1987-08-14,15
3593,Тужикова,Марина,70,2,Вышний Волочек,1987-06-21,3
3594,Казаков,Евгений,380,4,Называевск,1988-11-22,90
3595,Митрофанов,Сергей,290,2,Апшеронск,1989-08-23,44
3596,Фомина,Инна,190,3,Оленегорск,1988-02-05,34
3597,Никитин,Станислав,460,2,Кулой,1989-03-29,13
3598,Храпов,Сергей,330,2,Боровск,1988-09-30,59
3599,Пырочкин,Александр,60,4,Яранск,1984-07-13,29
3600,Великородный,Алексей,240,1,Пермь,1983-11-03,30
3601,Савельев,Константин,130,1,Красногорск,1980-11-19,7
3602,Юрьева,Надежда,440,1,Мичуринск,1983-06-04,26
3603,Скоробогатов,Сергей,290,4,Талдом,1989-03-24,19
3604,Тестов,Дмитрий,320,1,Акбулак,1988-09-26,16
3605,Тупилин,Вадим,90,1,Лодейное,1985-11-09,38
3606,Афошин,Алексей,190,2,Сарс,1987-08-02,14
3607,Бредихин,Алексей,210,3,Кулой,1981-03-15,25
3608,Донской,Александр,410,4,Черемхово,1987-12-01,84
3609,Донской,Александр,150,1,Вольск,1986-03-31,59
4442,Гончарова,Наталия,460,3,Березники,1986-11-12,47
4443,Молокова,Оксана,120,2,Баймак,1983-05-17,91
4444,Чувилин,Максим,240,4,Павловский Посад,1981-11-14,74
4445,Макарова,Светлана,320,2,Чита-46,1982-06-25,20
4446,Мухина,Наталия,150,2,Мурманск,1980-06-16,98
4447,Зеленина,Анна,540,2,Великие Луки,1988-06-15,17
4448,Бендрик,Людмила,470,3,Свердловск-45,1989-05-11,28
4449,Кузнецова,Людмила,500,3,Пыть-Ях,1982-04-23,53
4450,Дмитриева,Ольга,370,2,Казань,1981-04-03,53
4451,Слизкая,Татьяна,520,3,Приморск,1980-05-06,38
4452,Ушакова,Елена,130,1,Карталы,1986-02-07,69
4453,Аникеева,Оксана,460,3,Усинск,1981-08-18,38
4454,Золотарева,Ольга,540,3,Удомля,1981-01-01,77
4455,Печерская,Елена,320,4,Билибино,1980-02-04,19
4456,Паршина,Диана,80,2,Тында,1986-08-12,49
4457,Труфанова,Ольга,180,4,Мурманск,1986-08-01,74
4458,Дунаева,Людмила,470,4,Челябинск,1985-07-17,52
4459,Михайлова,Елена,340,1,Озеры,1980-04-01,54
4460,Фролова,Лилия,280,1,Белый,1987-09-16,58
4461,Тюнина,Евгения,180,1,Самара,1989-03-18,64
4462,Петрова,Екатерина,550,1,Спасск-Дальний,1982-04-27,21
4463,Густова,Олеся,360,2,Полысаево,1981-08-31,71
4464,Медведев,Павел,530,4,Сургут,1989-07-01,60
4465,Фонова,Ирина,540,4,Лебедянь,1986-10-16,43
4466,Асеев,Дмитрий,150,4,Тында,1988-11-13,84
4467,Майская,Ирина,320,4,Стерлитамак,1985-06-13,85
4468,Пименов,Дмитрий,340,4,Юрюзань,1982-01-03,29
4469,Гончаров,Сергей,370,4,Яровое,1989-04-26,26
4470,Шляхова,Янина,100,2,Воскресенск,1982-03-26,26
4471,Щигел,Наталья,330,4,Павлово,1989-04-06,63
4472,Скворцова,Ольга,360,2,Холмск,1983-07-08,95
4473,Эренбург,Ирина,210,2,Агинское,1985-09-08,58
4474,Тулинова,Юлия,220,3,Мончегорск,1981-07-09,31
4475,Сивчикова,Надежда,120,1,Лесной,1989-09-05,44
4476,Щербакова,Евгения,400,2,Заринск,1989-04-05,6
4477,Папина,Екатерина,260,4,Канаш,1981-06-01,86
4478,Куркина,Елена,530,4,Севск,1988-08-03,58
4479,Смольянникова,Наталья,210,2,Урюпинск,1984-10-31,7
4480,Самохина,Екатерина,210,3,Красноуфимск,1981-07-09,97
4481,Анисимов,Алексей,150,3,Юрьевец,1983-06-27,8
4482,Шимек,Ольга,350,2,Куровское,1984-02-10,65
4483,Берлизев,Станислав,350,2,Новомосковск,1984-01-15,93
4484,Борлакова,Асият,370,2,Чулым,1984-09-07,81
4485,Медведева,Елена,70,4,Новомичуринск,1980-04-01,59
4486,Щербакова,Надежда,250,1,Холм,1988-10-25,77
4487,Шатохина,Анна,200,4,Рузаевка,1983-09-14,41
4488,Воробьев,Павел,210,2,Рыбное,1981-07-10,83
4489,Якуб,Евгения,500,1,Королев,1986-10-18,71
4490,Евдокимова,Татьяна,220,3,Кирсанов,1982-06-14,92
4491,Беленова,Татьяна,90,2,Томмот,1981-02-03,41
4492,Гончарова,Ольга,270,4,Уржум,1989-01-05,63
4493,Багаева,Виктория,300,2,Коломна,1988-11-18,65
4494,Нечаева,Елена,230,4,Стародуб,1985-01-09,32
4495,Попова,Наталия,60,3,Новая Ляля,1980-04-24,65
4496,Бегин,Роман,530,1,Высоцк,1985-02-11,36
4497,Костомарова,Елена,550,3,Нестеров,1980-09-29,92
4498,Сотников,Денис,520,2,Элиста,1987-12-16,72
4499,Дегтярев,Павел,250,2,Велиж,1987-02-21,29
4500,Мальцева,Наталия,180,3,Углич,1989-10-06,55
4501,Петрова,Елена,160,1,Нарткала,1984-11-11,50
4502,Криворученко,Ольга,230,1,Кимовск,1984-10-08,52
4503,Акатова,Тамара,240,1,Озерск,1981-12-26,49
4504,Ларина,Ирина,410,4,Дивногорск,1986-07-04,27
4505,Уварова,Татьяна,430,4,Димитровград,1984-02-25,91
4506,Старцева,Ольга,220,1,Климовск,1983-10-02,13
4507,Зубенок,Спартак,350,1,Торжок,1982-08-06,44
4508,Алисова,Елена,160,2,Большой Камень,1983-01-27,74
4509,Кочетова,Елена,230,3,Архангельск,1989-06-13,56
4510,Беляева,Юлия,320,2,Грайворон,1987-06-16,14
4511,Коноваленко,Дмитрий,50,1,Буинск,1980-11-20,72
4512,Нестеров,Александр,200,3,Кинель,1982-03-12,70
4513,Новикова,Ирина,390,1,Новочеркасск,1987-11-26,45
4514,Каляпина,Ирина,90,4,Можайск,1986-05-02,57
4515,Сарма,Анастасия,190,4,Ленск,1980-06-13,22
4516,Кривоногова,Наталья,140,1,Сочи,1986-03-01,98
4517,Дворядкин,Николай,130,4,Дедовск,1980-01-30,53
4518,Сергиенко,Ольга,190,2,Нарткала,1986-05-07,83
4519,Свиридова,Наталия,180,2,Калачинск,1984-01-25,61
4520,Сутягина,Татьяна,460,1,Видное,1981-03-30,18
4521,Воронова,Оксана,280,3,Аша,1986-05-28,16
4522,Глушенкова,Юлия,530,3,Кременки,1982-12-11,46
4523,Чурикова,Елена,480,1,Новопавловск,1982-12-01,63
4524,Ботыгина,Ольга,480,2,Усть-Кут,1980-07-01,43
4525,Ларина,Елена,540,4,Весьегонск,1985-10-31,24
4526,Говорова,Ирина,220,3,Невьянск,1986-03-11,53
4527,Шамрицкая,Светлана,60,4,Славск,1981-08-28,28
4528,Буйлова,Наталья,90,1,Богородицк,1986-03-22,64
4529,Спорыхина,Татьяна,170,2,Гремячинск,1982-03-04,44
4530,Масюкова,Янита,140,3,Сосновый Бор,1984-06-19,60
4531,Ломакина,Светлана,350,2,Сочи,1986-03-05,60
4532,Шилова,Екатерина,420,2,Уссурийск,1985-06-15,64
4533,Нацаренус,Марина,190,3,Лесозаводск,1986-02-18,9
4534,Тройнина,Ирина,360,4,Лихославль,1986-06-25,41
4535,Попова,Людмила,290,2,Белый,1983-03-01,24
4536,Корчагина,Татьяна,480,4,Анадырь,1984-09-28,7
4537,Чермашенцева,Наталия,110,2,Екатеринбург,1983-07-12,93
4538,Попова,Юлия,140,4,Туймазы,1984-01-18,50
4539,Власова,Наталья,220,2,Гуково,1983-03-31,18
4540,Удовенко,Алексей,200,2,Первоуральск,1982-09-22,7
4541,Добрин,Сергей,120,3,Ивантеевка,1982-07-05,95
4542,Свиридова,Оксана,290,2,Городец,1980-05-14,91
4543,Лаврушина,Елена,290,2,Нижние Серги,1981-11-30,93
4544,Юрьева,Надежда,210,2,Елец,1981-08-16,17
4545,Миненкова,Наталья,60,1,Шахты,1985-06-23,52
4546,Морева,Елена,530,4,Стрежевой,1981-04-05,36
4547,Свиридова,Елизавета,120,1,Сорск,1984-12-16,90
4548,Иващиненко,Елена,540,1,Балахна,1981-04-06,66
4549,Потапенко,Дарья,100,1,Свирск,1983-06-25,88
4550,Рябцева,Татьяна,320,3,Покровск,1989-02-12,43
4551,Маслова,Елена,480,2,Новгород,1987-08-10,43
4552,Москалева,Вера,240,4,Еланцы,1981-09-04,58
4553,Фролова,Елена,520,4,Липецк,1983-08-24,86
4554,Кудинова,Елена,510,4,Белинский,1981-12-13,3
4555,Каверин,Михаил,470,4,Чусовой,1989-02-11,25
4556,Дворников,Максим,350,3,Рузаевка,1982-11-28,2
4557,Ляшенко,Олеся,100,4,Юра,1982-08-11,3
4558,Бирюкова,Ольга,110,1,Малоярославец,1982-05-01,83
4559,Бурцева,Ольга,350,1,Верхнеуральск,1987-01-04,98
4560,Гацолаева,Людмила,170,2,Сальск,1983-02-18,31
4561,Бражник,Галина,220,1,Гороховец,1981-05-18,60
4562,Овчинникова,Наталия,220,1,Углегорск,1983-09-05,65
4563,Алексеева,Наталья,130,1,Порхов,1987-09-16,3
4564,Нестерова,Ольга,290,1,Кувандык,1988-08-12,57
4565,Сушкова,Ирина,550,4,Мегион,1989-08-19,40
4566,Семенов,Дмитрий,180,2,Чулым,1983-08-12,83
4567,Черемушкина,Ирина,360,1,Кольчугино,1982-09-30,88
4568,Кучмасов,Евгений,60,2,Нальчик,1981-09-13,34
4569,Коннова,Анастасия,60,1,Боровичи,1989-12-10,2
4570,Щеблыкина,Надежда,250,3,Котельниково,1986-10-14,21
4571,Дадонова,Людмила,470,1,Мамадыш,1982-04-19,95
4572,Дахина,Оксана,480,1,Новгород,1985-04-23,36
4573,Символокова,Ирина,160,4,Радужный,1984-10-09,16
4574,Пахомова,Оксана,140,4,Ногинск,1982-01-10,16
4575,Зябкина,Галина,370,2,Боровск,1980-03-31,23
4576,Лузганов,Андрей,160,4,Железноводск,1985-03-12,85
4577,Корнева,Юлия,170,2,Чехов-3,1981-11-26,27
4578,Майка,Александра,410,3,Малгобек,1981-02-11,78
4579,Гусева,Наталья,340,1,Горно-Алтайск,1987-07-02,27
4580,Коновалова,Светлана,200,4,Очер,1983-05-10,89
4581,Давыдова,Янина,460,4,Верхо-Пуя,1986-02-02,27
4582,Титова,Евгения,300,3,Острогожск,1989-01-27,46
4583,Константинова,Людмила,350,3,Таруса,1982-10-17,77
4584,Сапрунова,Надежда,340,3,Багратионовск,1988-11-13,48
4585,Шаповалова,Татьяна,90,2,Абдулино,1987-07-13,33
4586,Каратыгина,Марина,340,4,Инза,1988-04-21,76
4587,Герасименко,Татьяна,350,3,Солга,1982-08-20,31
4588,Хрипунова,Эвелина,100,1,Павловский Посад,1984-09-01,52
4589,Гончарова,Надежда,440,3,Выборг,1980-01-18,2
4590,Искужина,Ольга,470,4,Райчихинск,1981-05-11,21
4591,Коренчук,Елена,90,2,Кондопога,1984-09-20,94
4592,Морозов,Николай,400,3,Астрахань,1981-04-26,3
4593,Анисимова,Ирина,150,3,Лодейное,1984-06-13,24
4594,Паршина,Елена,300,1,Ужур-4,1989-10-09,73
4595,Венедиктова,Ирина,190,2,Рославль,1981-06-09,29
4596,Троценко,Елена,520,3,Пыть-Ях,1981-06-18,91
4597,Водопьянова,Екатерина,380,4,Адыгейск,1985-02-23,76
4598,Цицилина,Анна,60,1,Болохово,1988-10-17,21
4599,Каврасская,Галина,270,3,Вытегра,1982-09-18,74
4600,Ненахова,Марина,500,3,Рыльск,1981-01-02,44
4601,Жиброва,Юлия,530,2,Кедровый,1980-04-25,16
4602,Белов,Игорь,370,2,Люберцы,1980-04-06,24
4603,Сунцова,Елена,230,1,Бирск,1989-12-13,9
4604,Сапронов,Алексей,210,1,Кудымкар,1985-07-29,5
4605,Данилова,Оксана,320,4,Новоуральск,1988-09-20,57
4606,Новокщенова,Анна,510,2,Гвардейск,1988-07-24,4
4607,Болотова,Елена,460,1,Шагонар,1985-03-28,86
4608,Морозова,Ольга,100,2,Белая Калитва,1983-06-16,15
4609,Долгачева,Екатерина,410,1,Луховицы,1988-08-26,80
4610,Рыбалкина,Наталья,300,4,Шунема,1987-01-15,34
4611,Охритько,Ольга,130,3,Пучеж,1982-07-13,4
4612,Кумакова,Марина,210,4,Важская Запань,1988-06-22,31
4613,Акишина,Татьяна,250,2,Ефремов,1986-10-29,19
4614,Цурканов,Сергей,490,4,Прокопьевск,1984-07-26,27
4615,Суворов,Алексей,460,4,Волжск,1980-02-10,82
4616,Мордасова,Ольга,440,2,Щелково,1989-01-14,60
4617,Толмачева,Алла,310,2,Ужур-4,1987-11-12,60
4618,Киселева,Надежда,250,3,Кыштым,1984-10-04,4
4619,Терлецкий,Антон,290,4,Кисловодск,1985-12-04,85
4620,Тиканская,Светлана,200,4,Тюмень,1981-11-08,17
4621,Даньшина,Юлия,330,3,Оха,1987-04-05,61
4622,Афанасьева,Татьяна,270,2,Батайск,1982-08-08,53
4623,Воронюк,Ираида,200,4,Волоколамск,1980-02-29,9
4624,Рудяк,Олеся,490,3,Фокино,1981-05-25,33
4625,Строич,Любовь,100,1,Нерехта,1983-04-07,28
4626,Золототрубова,Юлия,240,1,Рязань,1985-11-09,44
4627,Синибабнова,Агнесса,250,1,Зуевка,1981-07-31,65
4628,Слинькова,Наталья,370,1,Алапаевск,1988-11-04,84
4629,Васильева,Раиса,350,3,Реутов,1985-09-22,36
4630,Суркова,Наталия,70,2,Темников,1981-02-04,33
4631,Харчева,Анастасия,340,3,Куса,1987-01-25,37
4632,Черенкова,Наталья,540,1,Курганинск,1986-06-12,2
4633,Дворядкин,Дмитрий,150,1,Белая Калитва,1982-04-28,4
4634,Новиков,Александр,420,4,Череповец,1986-08-30,77
4635,Холин,Павел,430,2,Ульяновск,1985-12-11,87
4636,Воронина,Лариса,360,1,Учалы,1985-12-02,61
4637,Смольянина,Анна,400,2,Энгельс,1985-02-11,11
4638,Комарова,Лилия,500,3,Ядрин,1987-07-05,68
4639,Халеева,Мария,450,4,Сальск,1983-04-15,94
4640,Максименкова,Оксана,210,2,Владивосток,1982-02-09,20
4641,Ронжина,Татьяна,110,4,Каменка,1983-01-01,39
4642,Алехина,Наталья,100,1,Альметьевск,1989-02-01,18
4643,Сурушкина,Анна,370,2,Игнатовка,1989-01-11,48
4644,Кухтин,Андрей,220,4,Хадыженск,1985-04-26,11
4645,Борисенко,Эдуард,50,4,Мариинский Посад,1987-11-23,3
4646,Джалагония,Татьяна,420,4,Очер,1980-05-08,68
4647,Виноградов,Артем,510,3,Зарайск,1982-01-29,1
4648,Захаров,Виталий,100,4,Серов,1988-07-21,4
4649,Фирсов,Алексей,420,3,Магадан,1985-03-23,45
4650,Шматкова,Елена,70,2,Моздок,1987-12-14,36
4651,Зайцева,Анна,290,1,Свирск,1980-12-30,2
4652,Середа,Ирина,350,4,Харабали,1988-03-08,22
4653,Терехова,Татьяна,310,2,Стрежевой,1981-08-25,64
4654,Матчин,Евгений,470,2,Мончегорск,1986-10-16,69
4655,Прудникова,Людмила,320,3,Сокольники,1985-09-24,9
4656,Подчищалова,Надежда,340,3,Дубна,1989-02-22,54
4657,Сулохина,Ирина,380,1,Чухлома,1985-06-17,79
4658,Тимофеева,Анна,210,3,Сольцы-2,1983-12-04,6
4659,Рючина,Ольга,130,3,Пошехонье,1986-11-19,89
4660,Калашникова,Янина,80,3,Рудня,1988-04-17,12
4661,Заводчикова,Татьяна,200,2,Лагань,1987-09-18,28
4662,Васькович,Наталия,500,2,Любим,1985-12-16,51
4663,Бугрова,Ирина,350,2,Новозыбков,1981-11-09,57
4664,Михайлов,Михаил,310,4,Тула,1981-12-22,6
4665,Портянина,Юлия,480,3,Комсомольск-на-Амуре,1984-06-08,95
4666,Чирков,Евгений,370,3,Спас-Клепики,1982-02-07,23
4667,Мордасова,Елена,400,1,Зеленогорск,1989-07-13,69
4668,Медведев,Павел,160,3,Княгинино,1986-05-27,64
4669,Сушков,Сергей,460,4,Анадырь,1982-12-25,95
4670,Арбузова,Светлана,150,2,Электросталь,1987-10-16,22
4671,Репин,Алексей,480,3,Солигалич,1987-10-21,27
4672,Коноплева,Елена,310,1,Брянск,1982-01-05,3
4673,Ведерникова,Анна,280,2,Витимский,1987-12-22,43
4674,Фролова,Елена,510,3,Ардатов,1986-03-20,20
4675,Бездверная,Ольга,60,3,Тольятти,1980-07-14,38
4676,Жданова,Екатерина,350,2,Чистополь,1985-03-24,7
4677,Станкеева,Наталья,460,2,Талнах,1984-10-09,5
4678,Дробышева,Елена,340,2,Коломна,1987-07-29,96
4679,Золотарева,Инна,130,4,Касимов,1983-04-05,4
4680,Борисов,Евгений,250,4,Кузнецк,1983-12-07,17
4681,Кошелев,Герман,540,2,Грязовец,1980-12-22,23
4682,Клюквина,Вера,180,4,Соль-Илецк,1988-06-12,49
4683,Асеева,Татьяна,220,2,Хабаровск,1989-05-12,84
4684,Гусева,Светлана,50,1,Ноябрьск,1985-01-21,5
4685,Жученко,Екатерина,230,4,Ленск,1988-11-18,28
4686,Шумилов,Анатолий,450,3,Новый Уренгой,1986-01-24,51
4687,Сердюкова,Мария,300,4,Кириллов,1980-11-17,41
4688,Битюцких,Игорь,430,4,Новопавловск,1985-07-06,84
4689,Крутова,Елена,440,2,Салават,1984-06-24,3
4690,Скаба,Людмила,210,4,Серпухов,1984-11-19,53
4691,Кондратьева,Юлия,230,3,Белая Холуница,1980-08-25,32
4692,Красавин,Евгений,430,3,Камышлов,1989-12-22,2
4693,Смотрова,Наталья,160,3,Волгореченск,1980-09-27,48
4694,Андреещева,Елена,290,3,Моршанск,1985-04-03,48
4695,Успенский,Алексей,70,2,Электроугли,1985-02-19,44
4696,Гамов,Вячеслав,310,3,Боровичи,1981-09-06,85
4697,Довка,Юрий,480,1,Мариинский Посад,1985-11-29,86
4698,Масленников,Александр,260,3,Темников,1986-07-31,18
4699,Русанова,Юлия,280,1,Туапсе,1989-07-04,86
4700,Третьяк,Екатерина,80,1,Куйбышев,1984-09-26,78
4701,Кузнецова,Алла,350,2,Боготол,1989-08-22,78
4702,Битюцких,Игорь,430,4,Кирсанов,1989-10-02,65
4703,Лебедев,Владимир,400,1,Михайлов,1989-04-02,44
4704,Прыткова,Ольга,330,1,Миасс,1989-03-04,46
4705,Клинникова,Татьяна,80,4,Могоча,1982-05-27,46
4706,Баранова,Людмила,60,3,Нарьян-Мар,1986-04-11,96
4707,Анциферов,Алексей,290,1,Харабали,1985-01-27,4
4708,Косинов,Алексей,250,4,Комсомольский,1982-03-17,54
4709,Борисов,Евгений,130,2,Можга,1986-03-24,43
4710,Сустретова,Наталья,200,4,Дрезна,1983-10-28,84
4711,Гончаров,Юрий,460,3,Холмск,1980-03-27,86
4712,Клюквина,Вера,220,2,Холмск,1981-11-07,71
4713,Минаков,Михаил,230,3,Тында,1987-04-01,93
4714,Киселева,Надежда,520,1,Смоленск,1980-09-15,37
4715,Николаев,Роман,270,1,Салаир,1982-02-03,48
4716,Калачева,Мария,530,4,Вышний Волочек,1981-07-05,10
4717,Блажина,Татьяна,220,1,Бодайбо,1982-12-08,10
4718,Паринова,Ольга,530,1,Грязовец,1983-12-21,73
4719,Кашурникова,Мария,250,2,Стерлитамак,1982-01-23,29
4720,Иванова,Оксана,410,1,Чехов,1986-08-01,24
4721,Перова,Ольга,400,4,Кедровый,1989-07-11,31
4722,Шмелева,Ирина,550,4,Шарыпово,1988-07-18,58
4723,Сапронова,Лариса,80,1,Бавлы,1980-09-06,69
4724,Рыбалкина,Наталья,180,4,Кяхта,1986-09-23,46
4725,Иванников,Сергей,540,2,Сим,1987-09-11,84
4726,Волкова,Наталья,120,3,Старая Русса,1987-04-03,45
4727,Суглобова,Елена,230,3,Новый Оскол,1987-01-08,34
4728,Шкляр,Майя,440,1,Бокситогорск,1989-10-28,9
4729,Сидоренко,Татьяна,60,2,Краснослободск,1986-10-13,35
4730,Бердникова,Екатерина,200,1,Великое,1984-01-07,42
4731,Мозгалева,Ирина,90,3,Луза,1984-03-13,77
4732,Салогубов,Вячеслав,380,1,Сольцы,1986-04-16,76
4733,Чернов,Павел,240,1,Топки,1980-09-14,62
4734,Пахомов,Руслан,280,1,Усть-Шоноша,1985-02-23,2
4735,Стахурлова,Надежда,280,1,Краснознаменск,1985-02-10,80
4736,Готовцев,Сергей,360,2,Апрелевка,1984-10-10,17
4737,Петрова,Мария,360,2,Учалы,1980-11-19,18
4738,Гиржадович,Олеся,110,3,Ливны,1986-01-14,79
4739,Шрамченко,Екатерина,240,4,Удомля,1985-03-30,26
4740,Гузенко,Галина,60,4,Миллерово,1982-11-30,48
4741,Рыжих,Татьяна,260,1,Нерехта,1984-04-19,25
4742,Сабурова,Марина,110,1,Аркадак,1983-01-22,48
4743,Куницин,Сергей,90,3,Камбарка,1981-08-15,75
4744,Назарова,Наталья,210,2,Краснослободск,1989-02-20,76
4745,Елфимова,Наталья,460,4,Агинское,1986-12-24,27
4746,Булавина,Яна,130,4,Серов,1983-02-02,15
4747,Зиновьев,Александр,510,4,Самара,1989-10-06,6
4748,Костин,Александр,290,4,Андреаполь,1984-03-26,87
4749,Бартенев,Сергей,180,3,Сорск,1986-01-12,8
4750,Коростелева,Ольга,500,2,Липки,1985-06-14,11
4751,Пичугина,Елена,470,1,Сатка,1982-10-15,70
4752,Котыхов,Вадим,60,1,Северобайкальск,1983-08-10,53
4753,Мельнева,Светлана,60,4,Кириши,1985-08-08,18
4754,Стенькина,Елена,360,1,Балашов,1983-08-21,59
4755,Поддубный,Сергей,290,1,Сергач,1989-04-28,38
4756,Дербин,Андрей,120,3,Томари,1984-01-13,91
4757,Веременникова,Елена,170,1,Духовщина,1984-10-10,13
4758,Нагорный,Константин,350,2,Тайга,1986-08-19,7
4759,Лебедев,Александр,60,3,Важская Запань,1989-08-20,87
4760,Илларионова,Елена,470,2,Каменск-Уральский,1980-10-30,69
4761,Долгова,Валерия,500,2,Краснозаводск,1987-11-11,62
4762,Рудиков,Денис,390,3,Кирово-Чепецк,1982-03-25,97
4763,Михайлова,Елена,200,2,Глазов,1981-06-16,80
4764,Желтоноженко,Ольга,50,2,Слободской,1984-02-03,41
4765,Перепеченая,Ирина,540,3,Бердск,1980-01-14,85
4766,Быханова,Олеся,60,4,Парфеньево,1987-02-13,22
4767,Родионова,Олеся,430,4,Гусев,1989-11-24,50
4768,Старцева,Екатерина,110,3,Первомайск,1985-02-18,62
4769,Зацепилова,Светлана,90,1,Кораблино,1983-10-22,38
4770,Соколова,Элла,320,4,Балтийск,1981-03-05,66
4771,Постникова,Елена,220,3,Сегежа,1988-02-24,37
4772,Дегтев,Дмитрий,460,1,Красновишерск,1986-08-30,39
4773,Бокова,Ольга,60,3,Апатиты,1984-04-26,43
4774,Шпилевая,Лидия,420,3,Оленегорск,1985-08-30,50
4775,Любченко,Ольга,110,1,Нижневартовск,1988-01-25,20
4776,Комова,Мария,320,3,Остров,1982-10-21,67
4777,Цивковская,Яна,110,2,Наро-Фоминск,1983-11-14,50
4778,Самофалова,Валерия,100,2,Сасово,1987-11-15,19
4779,Гончаров,Евгений,360,3,Менделеевск,1982-07-07,68
4780,Бондарь,Ольга,80,2,Макушино,1987-08-04,98
4781,Литвинова,Виктория,340,3,Иваново,1988-09-12,55
4782,Твердохлебова,Ольга,80,3,Данилов,1986-11-12,29
4783,Кузина,Татьяна,510,4,Ухта,1983-08-02,42
4784,Пахардинова,Анна,260,4,Сатка,1982-12-27,40
4785,Афанасьева,Оксана,370,3,Чекалин,1983-06-24,25
4786,Жигулин,Александр,120,3,Западная Двина,1987-10-10,64
4787,Ткаченко,Наталья,90,3,Кропоткин,1983-06-21,18
4788,Бушкова,Юлия,530,4,Алексин,1980-01-15,46
4789,Лисунова,Виктория,420,1,Алагир,1981-06-13,95
4790,Несведова,Анна,510,3,Всеволожск,1984-06-22,42
4791,Колабаев,Александр,250,2,Новодвинск,1987-02-24,93
4792,Брагин,Максим,540,1,Стародуб,1989-03-31,98
4793,Киселева,Елена,510,1,Агинское,1980-09-30,56
4794,Середина,Анна,80,4,Чекалин,1982-12-12,5
4795,Авдеева,Юлия,310,4,Тырныауз,1988-08-30,37
4796,Сотникова,Анна,360,1,Озерск,1988-10-26,57
4797,Кононова,Татьяна,500,2,Ярцево,1989-10-18,31
4798,Скоробогатова,Светлана,110,4,Межгорье,1980-03-27,19
4799,Кваченок,Лариса,380,1,Болгар,1985-02-27,40
4800,Сергеева,Наталья,420,1,Красное Село,1981-09-28,17
4801,Бондаренко,Андрей,460,2,Пасьва,1987-05-02,6
4802,Саввин,Игорь,200,1,Шахунья,1986-04-05,27
4803,Брязгунова,Ольга,120,1,Котельнич,1985-06-11,23
4804,Шилова,Ирина,100,3,Медвежьегорск,1985-06-05,37
4805,Романенко,Алексей,320,4,Сим,1984-11-20,81
4806,Сапронова,Оксана,140,4,Кузнецк,1988-06-02,98
4807,Зиброва,Марина,80,1,Чадан,1982-04-04,95
4808,Казарцева,Ольга,520,1,Красноармейск,1989-12-22,17
4809,Прусакова,Елена,480,1,Алексин,1982-05-28,56
4810,Федоров,Роман,100,3,Буйнакск,1981-03-30,4
4811,Замошников,Антон,70,1,Грязи,1989-12-23,55
4812,Титаренко,Екатерина,410,2,Вихоревка,1983-08-05,12
4813,Свиридова,Вероника,180,1,Амурск,1989-09-27,31
4814,Ермакова,Анастасия,420,4,Мещовск,1985-12-23,90
4815,Иващенко,Оксана,140,4,Мосальск,1982-01-06,95
4816,Бакарова,Диана,70,3,Котельнич,1986-04-15,30
4817,Хлопова,Ольга,450,4,Агинское,1989-09-14,33
4818,Васильева,Ольга,80,4,Вытегра,1987-06-30,54
4819,Пучкова,Наталия,290,3,Духовщина,1984-07-08,45
4820,Иванова,Светлана,200,2,Чухлома,1985-07-13,70
4821,Саприна,Елена,210,3,Курлово,1980-06-15,87
4822,Доронина,Галина,360,3,Калачинск,1988-04-05,8
4823,Рогачева,Юлия,460,4,Новомосковск,1985-10-02,68
4824,Мозгова,Надежда,210,2,Солга,1989-10-24,60
4825,Ермакова,Анастасия,240,2,Красный Холм,1987-10-22,67
4826,Антонова,Елена,90,4,Каргат,1981-10-20,3
4827,Литвинова,Наталия,490,1,Волжский,1982-10-01,86
4828,Корнева,Марина,300,4,Новочебоксарск,1988-10-25,25
4829,Гикалов,Михаил,130,1,Лангепас,1980-06-14,18
4830,Панова,Ольга,180,1,Кораблино,1980-06-14,77
4831,Плотникова,Ольга,390,2,Туймазы,1989-06-20,18
4832,Блашенцев,Олег,280,2,Кизляр,1981-03-25,91
4833,Крылов,Сергей,280,3,Петрозаводск,1983-06-01,30
4834,Костылева,Татьяна,540,1,Красногорск,1984-10-14,98
4835,Попова,Надежда,430,2,Ивдель,1983-04-19,19
4836,Андреева,Алла,150,1,Навашино,1983-11-02,9
4837,Цикоза,Виктория,320,4,Дзержинский,1987-11-25,17
4838,Рудометкин,Игорь,490,4,Коркино,1984-07-12,47
4839,Свиридова,Людмила,530,4,Архангельск,1988-11-22,8
4840,Яковенко,Елена,150,3,Баксан,1987-12-21,29
4841,Кучер,Жанна,270,1,Балахна,1987-11-05,4
4842,Фоменко,Роман,360,4,Арамиль,1983-04-13,45
4843,Дмитриев,Александр,280,1,Называевск,1981-05-10,82
4844,Логвинова,Нина,60,2,Светлогорск,1981-11-25,1
4845,Гревсова,Елена,500,3,Нижневартовск,1986-03-29,47
4846,Дорофеева,Светлана,150,1,Усть-Джегута,1981-12-16,57
4847,Соломатин,Сергей,360,2,Октябрьск,1982-09-03,59
4848,Харченко,Леонид,140,1,Раменское,1980-03-24,56
4849,Ульшин,Игорь,80,4,Сольцы,1986-08-19,33
4850,Рзянин,Антон,350,3,Кувшиново,1988-03-27,78
4851,Новиков,Михаил,320,4,Златоуст,1988-05-30,9
4852,Субботин,Сергей,450,3,Уссурийск,1983-12-26,85
4853,Михайлова,Лариса,480,3,Полярный,1987-10-28,32
4854,Колесникова,Зоя,340,4,Краснозаводск,1981-11-26,5
4855,Шуваева,Юлия,350,1,Дрезна,1983-09-05,52
4856,Солоха,Вадим,390,2,Волжский,1987-05-31,48
4857,Колесникова,Зоя,210,2,Заводоуковск,1982-03-18,11
4858,Бершин,Евгений,320,4,Туран,1988-05-01,53
4859,Бобылева,Анна,160,1,Элиста,1980-02-26,75
3890,Повеквечных,Андрей,330,1,Межгорье,1986-06-09,74
3891,Чопенко,Светлана,450,4,Вытегра,1987-07-10,98
3892,Салихов,Андрей,280,2,Железногорск-Илимский,1988-09-20,88
3893,Ярмошевич,Екатерина,220,3,Ханты-Мансийск,1980-06-08,23
3894,Галкина,Анастасия,400,2,Комсомольск,1984-04-22,35
3895,Богатырева,Александр,260,2,Нягань,1986-10-19,3
3896,Медведева,Юлия,500,1,Няндома,1989-07-26,87
3897,Манаенкова,Виктория,70,2,Северск,1981-03-05,17
3898,Смирнова,Олеся,70,2,Меленки,1981-06-06,57
3899,Масюкова,Янита,500,3,Звенигово,1983-09-16,66
3900,Молоканова,Ирина,410,2,Лодейное,1981-11-18,12
3901,Рябова,Юлия,90,1,Воронеж,1987-10-02,41
3902,Удовиченко,Наталья,210,1,Пудож,1980-06-30,88
3903,Дронова,Валентина,280,3,Камешково,1984-12-03,49
3904,Соколов,Сергей,140,3,Черемхово,1982-07-13,76
3905,Каверин,Михаил,340,2,Закаменск,1989-07-28,50
3906,Лопухов,Дмитрий,270,3,Янаул,1981-02-18,26
3907,Волченко,Денис,120,3,Лесной,1988-12-29,1
3908,Орлов,Станислав,260,3,Саратов,1983-11-28,17
3909,Рудакова,Виктория,310,1,Бор,1984-04-03,67
3910,Колгина,Наталья,80,1,Советская Гавань,1987-04-14,56
3911,Григоренко,Дмитрий,310,3,Киреевск,1982-09-10,85
3912,Кокоева,Татьяна,360,2,Абакан,1982-06-15,19
3913,Бугрова,Ирина,300,4,Окуловка,1984-09-18,89
3914,Бондаренко,Виктор,170,2,Каменск-Уральский,1984-09-13,71
3915,Сенчищев,Евгений,450,4,Мураши,1987-09-28,83
3916,Захарова,Алла,430,2,Чулым,1989-05-29,55
3917,Ярошенко,Анна,410,1,Малоархангельск,1987-04-25,83
3918,Кизюн,Анна,400,4,Бавлы,1983-05-06,45
3919,Борисов,Дмитрий,370,4,Можга,1982-04-27,48
3920,Русанова,Юлия,60,3,Чекалин,1984-11-14,54
3921,Ворожеева,Наталия,260,3,Нерехта,1986-05-27,23
3922,Кузнецова,Ольга,160,1,Суровикино,1982-01-27,22
3923,Сигаева,Оксана,110,3,Валдай,1983-10-19,53
3924,Ушакова,Наталья,370,3,Нефтеюганск,1988-09-02,43
3925,Корниенко,Юлия,250,4,Татарск,1983-04-23,48
3926,Лачугина,Елена,340,4,Соль-Илецк,1985-06-13,3
3927,Шабунина,Екатерина,280,1,Спасск-Рязанский,1982-03-16,40
3928,Кузнецова,Юлия,440,1,Мензелинск,1984-05-03,59
3929,Цуканов,Владимир,300,3,Талица,1980-03-18,39
3930,Лукина,Ирина,280,1,Заречный,1985-01-08,86
3931,Сурай,Татьяна,260,4,Новоаннинский,1985-11-25,51
3932,Чеснокова,Елена,70,1,Хребтовая,1984-07-02,32
3933,Хатунцева,Елена,380,1,Балахна,1981-11-19,20
3934,Зверева,Надежда,150,2,Сергач,1989-11-16,26
3935,Киржанова,Елена,460,3,Вилюйск,1983-11-12,11
3936,Полищук,Владимир,220,3,Семенов,1989-02-03,51
3937,Алтухова,Ольга,360,1,Тольятти,1980-10-12,60
3938,Керносеева,Ольга,530,2,Черногорск,1983-11-21,92
3939,Ульшина,Мария,520,1,Зеленогорск,1981-03-03,83
3940,Татаринцев,Дмитрий,240,3,Сольцы-2,1989-09-17,3
3941,Трускова,Мария,520,1,Нефтеюганск,1983-05-16,33
3942,Рудакова,Людмила,190,3,Нефтекумск,1989-05-30,66
3943,Шмарова,Алина,250,4,Бологое,1986-12-23,42
3944,Крицына,Галина,60,1,Салават,1986-05-19,22
3945,Ерцев,Геннадий,470,1,Кропоткин,1988-04-22,25
3946,Тройнина,Оксана,370,3,Сестрорецк,1989-11-15,98
3947,Сенцова,Елена,310,3,Новохоперск,1986-09-15,88
3948,Петропольский,Алексей,80,4,Никольск,1985-03-31,91
3949,Кузнецов,Сергей,270,3,Новодвинск,1989-04-16,40
3950,Земсева,Екатерина,300,2,Иланский,1985-12-26,4
3951,Пархачева,Ирина,80,3,Магадан,1982-08-04,47
3952,Стрельникова,Галина,380,1,Фурманов,1988-04-28,8
3953,Гридина,Елена,80,4,Дорогобуж,1988-02-21,24
3954,Кудрявцева,Елена,150,4,Горно-Алтайск,1983-01-07,85
3955,Митин,Илья,140,3,Палласовка,1989-05-17,6
3956,Ктиторова,Екатерина,500,3,Боровск,1988-11-15,52
3957,Орлова,Анна,410,4,Спас-Деменск,1986-01-17,97
3958,Бирюкова,Ольга,370,2,Железногорск-Илимский,1988-12-06,5
3959,Качурина,Мария,510,1,Рыльск,1984-05-27,64
3960,Перунова,Евгения,310,3,Новомосковск,1988-07-04,88
3961,Корнева,Юлия,110,2,Бодайбо,1983-06-22,95
3962,Головина,Ирина,210,1,Юрга,1985-09-28,34
3963,Кочегарова,Елена,220,1,Ижевск,1983-08-29,50
3964,Кудинова,Елена,440,3,Кизилюрт,1984-08-05,41
3965,Дуров,Виктор,380,4,Дивногорск,1981-08-26,21
3966,Солодовникова,Елена,290,3,Медногорск,1988-11-20,67
3967,Колганова,Юлия,240,2,Сычевка,1988-03-19,65
3968,Лизин,Сергей,70,4,Елабуга,1989-02-14,22
3969,Дубская,Елена,140,2,Зеленоград,1981-03-07,81
3970,Проскуряков,Александр,260,4,Кола,1982-01-30,81
3971,Белоусова,Ольга,60,1,Кемерово,1987-08-15,6
3972,Тройнина,Елена,200,4,Новгород,1982-07-25,41
3973,Целовальникова,Надежда,420,1,Павловский Посад,1985-08-27,78
3974,Князева,Ирина,70,1,Светогорск,1987-04-18,46
3975,Курских,Ирина,540,3,Мосальск,1989-06-29,67
3976,Миронова,Татьяна,500,4,Павловск,1988-10-10,94
3977,Полевина,Мария,230,3,Хвалынск,1980-10-26,29
3978,Аникеев,Максим,150,1,Лодейное Поле,1982-06-23,61
3979,Липатова,Александра,420,2,Майский,1987-02-03,10
3980,Пухов,Василий,270,1,Рылковский,1989-09-22,14
3981,Сотникова,Оксана,370,2,Кисловодск,1982-03-11,64
3982,Плохих,Юлия,370,2,Михайлов,1981-07-14,47
3983,Дивгун,Алексей,500,3,Комсомольск-на-Амуре,1989-01-11,55
3984,Герасимова,Татьяна,530,4,Вуктыл,1980-11-21,26
3985,Гончарова,Ольга,420,4,Карасук,1986-09-05,55
3986,Черных,Ирина,260,3,Теребино,1984-03-31,18
3987,Авдеева,Светлана,230,3,Тотьма,1987-11-11,48
3988,Волчкевич,Юрий,280,1,Агидель,1981-01-27,77
3989,Стряпчих,Инна,90,2,Миасс,1986-02-01,9
3990,Важенина,Елена,160,2,Энгельс,1985-09-07,20
3991,Самородский,Николай,220,1,Семилуки,1986-10-10,97
3992,Фомин,Алексей,190,3,Звенигово,1982-10-02,84
3993,Деева,Елена,390,3,Комсомольск,1983-01-10,72
3994,Метальников,Юрий,340,4,Байконур,1987-08-29,14
3995,Игонина,Марина,300,3,Железногорск,1986-01-29,64
3996,Дрозд,Юлия,350,1,Краснослободск,1981-06-08,33
3997,Сердюкова,Ольга,100,4,Борзя,1982-03-07,48
3998,Павлов,Александр,310,4,Волхов,1986-12-08,24
3999,Гордиенко,Татьяна,520,3,Суровикино,1983-10-04,87
4000,Ситникова,Людмила,210,4,Майкоп,1985-03-13,49
4001,Кобцев,Артем,250,1,Пучеж,1982-06-03,58
4002,Лунина,Людмила,460,4,Соль-Илецк,1987-08-16,4
4003,Молчанова,Юлия,90,2,Одинцово-10,1986-09-24,61
4004,Здоровцева,Татьяна,80,4,Осинники,1988-01-04,97
4005,Извекова,Екатерина,310,4,Алатырь,1987-09-09,62
4006,Гусева,Наталья,370,1,Миллерово,1987-07-24,69
4007,Костин,Дмитрий,330,4,Нея,1982-02-21,75
4008,Владимирова,Анна,80,3,Воркута,1982-11-19,88
4009,Мещеряков,Александр,540,2,Каргат,1987-03-11,92
4010,Лынов,Алексей,410,3,Липецк,1981-01-07,6
4011,Алексеева,Ирина,250,3,Михайловка,1980-04-11,22
4012,Загоруйко,Анна,60,4,Усть-Катав,1983-06-20,90
4013,Кулакова,Юлия,480,1,Карабаново,1987-10-08,58
4014,Левченко,Елена,140,4,Торопец,1982-08-04,55
4015,Никитина,Марина,220,1,Железногорск,1983-06-06,10
4016,Невареных,Вадим,220,1,Медногорск,1985-03-18,87
4017,Макарюк,Софья,300,1,Славск,1984-01-14,45
4018,Праслова,Раиса,260,3,Заречный,1989-08-17,40
4019,Копылова,Ирина,150,2,Краснозаводск,1987-05-19,30
4020,Самойлов,Алексей,290,4,Таруса,1989-08-23,37
4021,Миленко,Инна,220,3,Златоуст,1984-02-23,7
4022,Горбунов,Сергей,60,2,Подольск,1983-01-15,71
4023,Чикунов,Алексей,180,1,Карабулак,1984-09-27,91
4024,Возиянова,Наталья,60,2,Калачинск,1987-11-18,89
4025,Шатохина,Олеся,400,2,Саяногорск,1981-09-20,18
4026,Чернова,Анфиса,240,3,Бежецк,1988-10-01,56
4027,Брыжакина,Светлана,280,2,Хвалынск,1981-10-22,96
4028,Никифорова,Оксана,350,1,Мурманск,1981-12-12,8
4029,Дейнеко,Полина,310,1,Куровское,1986-11-20,45
4030,Клочкова,Татьяна,340,3,Радужный,1984-10-27,93
4031,Чеснокова,Марина,360,1,Мелединская,1983-04-11,32
4032,Эльбаум,Марина,300,2,Белая Холуница,1985-01-15,77
4033,Тарасова,Мария,410,1,Учалы,1981-11-29,50
4034,Прытков,Александр,420,1,Кинель,1981-05-12,39
4116,Ларина,Елена,380,4,Вольск,1987-06-12,62
4035,Музигантамбара,Катерина,80,4,Долгопрудный,1981-05-21,95
4036,Семко,Галина,390,4,Заволжск,1984-04-14,93
4037,Нарзыкулова,Лола,520,1,Ключи,1989-04-30,32
4038,Сапожникова,Анастасия,410,3,Покров,1983-04-02,57
4039,Ломонова,Ольга,230,4,Темрюк,1988-11-04,5
4040,Незнамов,Сергей,90,1,Пустошка,1982-02-04,88
4041,Покутняя,Екатерина,250,1,Мышкин,1983-03-04,75
4042,Махинова,Виктория,140,4,Куса,1987-12-09,2
4043,Медведев,Игорь,120,2,Екатеринбург,1987-02-24,5
4044,Шатохина,Олеся,260,4,Кирс,1984-09-19,6
4045,Хылинская,Елена,150,4,Ялуторовск,1986-02-02,57
4046,Авдеев,Александр,90,3,Ожерелье,1983-03-04,5
4047,Попова,Екатерина,100,2,Кудымкар,1984-08-02,27
4048,Юшина,Ольга,290,4,Красноармейск,1989-02-08,55
4049,Рыбникова,Ольга,410,3,Шадринск,1988-01-08,35
4050,Колесников,Вадим,230,3,Советск,1981-12-16,44
4051,Рыкованова,Светлана,290,1,Димитровград,1980-08-05,47
4052,Баженова,Ольга,150,3,Тейково,1981-08-28,6
4053,Туровский,Михаил,290,1,Новороссийск,1984-03-19,9
4054,Криулина,Елена,140,3,Темрюк,1984-09-23,28
4055,Квасова,Елена,120,1,Верея,1985-09-26,26
4056,Максимов,Александр,250,2,Бобров,1984-11-15,78
4057,Моисеенко,Елена,330,3,Арсеньев,1983-03-05,45
4058,Шевченко,Евгения,60,3,Татарск,1980-11-26,17
4059,Клюквин,Валерий,290,1,Каменка,1989-01-01,53
4060,Ижогин,Дмитрий,290,3,Зеленогорск,1980-09-23,74
4061,Мистюкова,Татьяна,110,2,Барнаул,1987-06-19,92
4062,Степанова,Ольга,460,3,Красноармейск,1984-10-05,79
4063,Галицин,Алексей,110,3,Вихоревка,1986-08-06,23
4064,Елисеев,Евгений,120,4,Орлов,1981-07-20,35
4065,Свиридова,Валентина,500,1,Щекино,1982-11-07,30
4066,Печенкина,Татьяна,270,3,Важская Запань,1983-01-05,42
4067,Егерев,Кирилл,80,3,Котовск,1989-01-03,12
4068,Мананникова,Елена,100,3,Краснокаменск,1982-04-08,10
4069,Жолудь,Константин,400,3,Серафимович,1983-09-19,22
4070,Ноздрачева,Ольга,230,4,Волжск,1983-10-18,74
4071,Маланыч,Игорь,340,1,Шелехов,1985-07-27,21
4072,Сорокина,Ирина,180,2,Нерехта,1989-12-17,10
4073,Баранова,Галина,140,3,Новая Игирма,1985-04-08,95
4074,Насонов,Игорь,370,4,Осташков,1989-07-29,35
4075,Васильева,Раиса,220,1,Когалым,1988-02-27,38
4076,Кахадзе,Бадри,460,1,Акбулак,1989-05-25,44
4077,Штельмина,Юлия,240,4,Мамадыш,1985-06-25,39
4078,Сафонова,Наталия,150,4,Наволоки,1988-09-08,64
4079,Костина,Наталья,180,1,Няндома,1988-05-08,95
4080,Шишкина,Ирина,240,4,Якутск,1985-07-20,70
4081,Тулинова,Светлана,80,4,Назрань,1982-03-24,78
4082,Силин,Андрей,90,3,Орехово-Зуево,1982-11-29,91
4083,Филатова,Елена,140,4,Нижневартовск,1984-09-07,49
4084,Ломонова,Ольга,470,3,Можайск,1986-10-19,17
4085,Пашинин,Михаил,300,3,Шахунья,1983-08-01,20
4086,Зинюкова,Жанна,140,1,Волжск,1980-11-28,1
4087,Шатилова,Наталия,240,1,Железногорск,1989-03-30,2
4088,Лобанов,Виталий,520,3,Улан-Удэ,1984-11-11,59
4089,Ершова,Наталья,300,3,Микунь,1981-10-21,32
4090,Милованова,Инна,510,2,Бокситогорск,1989-11-24,67
4091,Кашников,Евгений,310,4,Нальчик,1985-05-17,37
4092,Митусова,Мария,240,4,Северодвинск,1980-01-09,50
4093,Рыженина,Анастасия,360,3,Моршанск,1983-11-21,15
4094,Балюк,Елена,200,1,Мглин,1980-05-20,72
4095,Бутасова,Юлия,300,3,Трехгорный-1,1980-08-04,65
4096,Семенихина,Инна,110,2,Нарткала,1982-10-06,30
4097,Киселева,Анна,80,2,Воркута,1984-03-21,83
4098,Безрукова,Нина,460,3,Куйбышев,1981-03-24,34
4099,Прохорова,Екатерина,250,1,Междуреченск,1981-07-26,54
4100,Букреева,Елена,200,1,Тара,1985-06-24,80
4101,Евсюкова,Юлия,380,2,Североуральск,1987-04-06,56
4102,Сисева,Татьяна,50,2,Нея,1985-01-19,34
4103,Пономаренко,Марина,220,1,Полярные Зори,1980-04-22,17
4104,Шевченко,Наталья,410,1,Спас-Клепики,1980-03-17,2
4105,Бакулина,Анастасия,390,1,Карабаш,1980-10-15,38
4106,Кулишенко,Екатерина,230,2,Вятские Поляны,1986-03-04,18
4107,Чикина,Екатерина,70,1,Белореченск,1983-04-06,4
4108,Говоров,Дмитрий,500,4,Покров,1981-02-02,4
4109,Шестопалов,Александр,380,1,Макушино,1982-07-25,19
4110,Зрелова,Наталия,190,2,Касимов,1985-12-23,3
4111,Гаркуша,Виктория,260,2,Хвалынск,1987-08-08,86
4112,Болотова,Надежда,170,3,Аксай,1982-08-28,59
4113,Богатырев,Алексей,320,2,Нововоронеж,1986-01-04,46
4114,Слинькова,Наталья,60,2,Амурск,1983-02-01,17
4115,Королев,Сергей,290,2,Куйбышев,1981-05-21,37
4117,Ладыкина,Юлия,320,4,Россошь,1982-10-19,35
4118,Нагина,Елена,540,4,Череповец,1988-02-12,49
4119,Романенко,Александр,240,3,Судрома,1986-10-10,49
4120,Сарычев,Михаил,470,2,Сестрорецк,1989-02-17,73
4121,Горбунов,Дмитрий,300,4,Обоянь,1982-10-17,20
4122,Хорощенко,Максим,350,3,Калач-на-Дону,1985-06-10,5
4123,Качурин,Александр,170,4,Ухта,1988-02-21,58
4124,Попова,Марина,540,2,Озерск,1989-09-19,59
4125,Васильев,Дмитрий,200,3,Красноуральск,1984-05-30,69
4126,Лукьянчиков,Александр,510,3,Комсомольск,1986-09-15,61
4127,Куприянов,Алексей,210,3,Горно-Чуйский,1989-02-18,43
4128,Малюгина,Ирина,310,1,Армавир,1981-11-21,56
4129,Макушин,Александр,360,4,Жердевка,1980-10-10,13
4130,Емец,Дарья,240,4,Алейск,1983-07-21,9
4131,Фурсова,Анна,360,3,Карпинск,1985-07-14,28
4132,Чопенко,Светлана,200,4,Полевской,1980-02-16,4
4133,Румянцев,Андрей,400,4,Горячий Ключ,1989-09-02,50
4134,Крюков,Владислав,310,2,Белореченск,1989-04-08,88
4135,Тертышная,Виктория,440,1,Сестрорецк,1983-01-28,11
4136,Комов,Евгений,220,1,Углегорск,1986-09-05,46
4137,Маркова,Марина,100,1,Чусовой,1987-10-21,50
4138,Фролов,Александр,410,3,Зубцов,1981-11-16,76
4139,Бобров,Сергей,50,4,Чулым,1981-12-14,83
4140,Жиброва,Юлия,490,1,Барыш,1981-01-04,86
4141,Чермашенцева,Наталия,500,3,Норильск,1982-03-24,51
4142,Степанова,Татьяна,520,2,Кириллов,1983-04-07,78
4143,Черешнюк,Василий,330,2,Кушва,1982-03-30,42
4144,Самбикина,Ирина,330,1,Александров,1983-09-15,32
4145,Маричев,Александр,310,1,Чернушка,1984-07-14,20
4146,Меринова,Наталья,190,4,Видим,1981-12-26,22
4147,Богомолова,Мария,410,1,Богучар,1986-12-10,63
4148,Захарова,Наталия,490,3,Надым,1988-08-09,91
4149,Мирошникова,Наталья,420,4,Красноярск,1985-09-17,36
4150,Вожова,Оксана,450,1,Слободской,1989-04-27,78
4151,Саввина,Людмила,270,4,Краснознаменск,1981-11-11,28
4152,Уварова,Юлия,100,4,Переславль-Залесский,1989-02-16,93
4153,Литвинова,Людмила,290,2,Кингисепп,1982-02-12,14
4154,Полухина,Евгения,440,4,Сосновка,1981-02-17,40
4155,Трухачева,Юлия,540,2,Зима,1984-01-29,24
4156,Евтушенко,Руслан,310,4,Волжск,1987-05-23,35
4157,Земледельцева,Елена,100,2,Рыбное,1985-07-27,56
4158,Ледова,Наталия,310,4,Спасск-Дальний,1980-03-06,30
4159,Дарахвелидзе,Ирина,340,1,Псков,1983-03-01,11
4160,Ситникова,Оксана,420,2,Шуя,1987-04-14,88
4161,Линькова,Юлия,220,1,Скопин,1983-01-22,33
4162,Федорова,Оксана,210,4,Кушва,1986-06-09,28
4163,Мельникова,Татьяна,280,1,Шагонар,1981-12-10,84
4164,Суходолова,Елена,110,2,Злынка,1985-01-14,32
4165,Морозова,Ирина,440,1,Бикин,1983-12-07,7
4166,Гладнев,Александр,110,2,Дзержинск,1985-02-12,44
4167,Баданова,Елена,520,4,Лабытнанги,1985-12-06,48
4168,Родионова,Анастасия,410,2,Туринск,1983-06-01,59
4169,Логвинова,Екатерина,280,1,Слободской,1985-03-08,45
4170,Чечурина,Татьяна,170,3,Мамадыш,1984-09-26,63
4171,Рахимова,Бибимайрам,410,4,Кандалакша,1983-04-06,65
4172,Сухих,Юлия,270,2,Ладушкин,1988-01-17,5
4173,Мещеряков,Виктор,310,2,Долматово,1987-08-25,31
4174,Недзельский,Денис,400,3,Верея,1980-03-09,51
4175,Лукинова,Вероника,150,3,Вятские Поляны,1989-03-15,83
4176,Образцова,Юлия,110,1,Онега,1987-02-18,79
4177,Белозерцева,Оксана,390,4,Миллерово,1988-09-19,95
4178,Капытин,Вадим,360,2,Ливны,1988-01-05,78
4179,Кукуев,Евгений,310,2,Изобильный,1982-02-23,31
4180,Репуленко,Екатерина,460,3,Княгинино,1987-12-19,12
4181,Воробьева,Вера,240,4,Полевской,1989-06-10,96
4182,Рукина,Ксения,240,1,Пушкино,1983-11-21,36
4183,Недосекина,Вера,470,4,Короча,1980-01-29,22
4184,Павлова,Наталья,290,1,Данков,1986-06-16,27
4185,Мешалкина,Олеся,110,1,Октябрьск,1986-07-09,81
4186,Милюкова,Вероника,210,1,Череповец,1984-06-21,10
4187,Ерофеева,Инна,480,3,Богородск,1989-06-17,44
4188,Токарева,Наталья,390,3,Выборг,1988-03-31,16
4189,Макеева,Виктория,280,4,Наро-Фоминск,1982-03-10,15
4190,Корпусова,Ольга,460,1,Калачинск,1988-08-14,58
4191,Шмыкова,Людмила,420,2,Сафоново,1980-08-15,4
4192,Попова,Ольга,250,1,Балабаново,1982-06-18,85
4193,Брязгунова,Любовь,210,2,Гдов,1987-05-22,72
4194,Воронова,Оксана,270,4,Менделеевск,1985-03-31,26
4195,Сидорова,Екатерина,460,2,Мценск,1986-05-01,30
4196,Иванов,Валентин,450,2,Воронеж,1981-09-25,74
4197,Королева,Ксения,540,3,Юхнов,1986-04-20,16
4198,Серых,Людмила,280,2,Киров,1987-08-27,44
4199,Комарова,Анна,450,4,Усолье,1982-12-18,2
4200,Гаврилова,Евгения,180,4,Киренск,1984-08-01,87
4201,Анисимов,Антон,370,4,Ужур-4,1982-07-25,98
4202,Ижогин,Дмитрий,330,3,Таштагол,1986-09-22,46
4203,Сазонова,Екатерина,220,1,Озерск,1985-09-28,33
4204,Мальцев,Владимир,450,2,Тула,1988-09-29,75
4205,Бойкова,Наталия,320,3,Гдов,1980-04-18,88
4206,Степина,Наталья,540,3,Кинешма,1987-10-13,69
4207,Насонов,Игорь,170,3,Новосокольники,1982-06-19,9
4208,Куликова,Надежда,510,2,Якутск,1986-07-16,77
4209,Гресев,Александр,540,4,Дальнереченск,1985-04-15,88
4210,Марахор,Григорий,260,1,Хужир,1988-06-25,34
4211,Кокоева,Ирина,380,3,Ак-Довурак,1982-04-23,94
4212,Рыжкова,Оксана,440,1,Светогорск,1985-11-05,86
4213,Кулик,Юлия,440,2,Мичуринск,1984-05-25,77
4214,Зачиняева,Елена,420,3,Новая Ладога,1987-07-31,18
4215,Акованцев,Михаил,450,2,Знаменск,1989-01-05,39
4216,Кропотова,Вероника,310,3,Лакинск,1982-11-14,13
4217,Гаврилова,Марина,510,3,Ессентуки,1983-07-18,59
4218,Щербинина,Екатерина,130,1,Краснокаменск,1986-11-19,67
4219,Жовницкая,Наталья,360,4,Тихвин,1980-02-18,33
4220,Козырева,Юлия,410,1,Андреаполь,1985-02-26,50
4221,Мешкова,Елена,260,1,Всеволожск,1987-05-10,21
4222,Сычев,Алексей,270,2,Кувандык,1981-04-19,21
4223,Филатова,Анжелика,390,3,Нижневартовск,1986-06-28,32
4224,Ткаченко,Ирина,270,4,Краснослободск,1986-02-03,88
4225,Морозова,Наталья,530,2,Нефтекамск,1985-11-16,76
4226,Левенец,Оксана,140,2,Хребтовая,1984-04-01,6
4227,Андреещева,Галина,480,3,Рассказово,1988-10-15,19
4228,Пустовойтова,Светлана,230,3,Жердевка,1984-05-11,4
4229,Петлякова,Наталья,240,3,Туран,1986-04-28,59
4230,Шалов,Руслан,310,1,Багратионовск,1988-05-10,82
4231,Белкова,Светлана,220,4,Хужир,1980-04-15,69
4232,Даценко,Дмитрий,130,2,Зеленокумск,1984-07-10,14
4233,Бакулина,Анастасия,200,3,Гагарин,1980-05-15,53
4234,Донская,Галина,300,2,Северобайкальск,1983-09-15,16
4235,Покидышева,Елена,430,2,Короча,1987-06-28,73
4236,Толстикова,Лариса,420,2,Лакинск,1987-04-22,29
4237,Пономаренко,Марина,310,1,Трехгорный,1989-11-22,1
4238,Клюшникова,Любовь,90,4,Гусь-Хрустальный,1988-07-04,83
4239,Кукличева,Наталья,100,2,Зарайск,1983-01-07,90
4240,Кравцова,Юлия,180,2,Шацк,1980-09-01,83
4241,Шевченко,Наталья,450,1,Баймак,1986-09-22,21
4242,Турищев,Алексей,390,2,Опочка,1989-08-13,97
4243,Сергиенко,Елена,100,1,Белев,1987-04-12,64
4244,Грибанова,Валерия,60,1,Кизилюрт,1985-03-28,40
4245,Рябцева,Ирина,250,4,Дальнереченск,1984-04-04,30
4246,Морозов,Денис,240,4,Салехард,1982-07-31,63
4247,Букреев,Андрей,320,4,Болохово,1988-04-26,18
4248,Золотарев,Вадим,300,1,Устюжна,1980-04-11,21
4249,Епишова,Лариса,170,4,Мичуринск,1981-07-01,44
4250,Коврижных,Екатерина,280,4,Воронеж,1983-09-08,90
4251,Осипов,Максим,410,3,Нязепетровск,1981-06-06,4
4252,Семиниченко,Яна,250,4,Малая Липовка,1988-08-21,94
4253,Халанская,Ирина,360,1,Нягань,1982-06-18,90
4254,Никитина,Юлия,480,2,Сосновоборск,1988-11-07,86
4255,Шевченко,Ирина,440,4,Кореновск,1982-10-18,83
4256,Музалевских,Светлана,50,4,Мензелинск,1982-01-03,23
4257,Шепелева,Елена,60,2,Краснодар,1986-05-26,1
4258,Логачев,Алексей,380,4,Абинск,1986-08-11,42
4259,Момотова,Анна,510,1,Канаш,1983-12-07,60
4260,Фомина,Ольга,500,1,Похвистнево,1989-09-26,42
4261,Богатырева,Александра,160,4,Тимашевск,1986-10-29,8
4262,Ткачева,Юлия,410,3,Кашин,1985-02-08,96
4263,Зверева,Анна,280,4,Белгород,1986-01-18,77
4264,Гончаров,Евгений,200,2,Покров,1987-09-22,48
4265,Шитых,Павел,540,1,Лахденпохья,1989-10-20,12
4266,Мамлина,Наталия,540,3,Ревда,1985-06-13,80
4267,Фурсов,Евгений,310,2,Козловская,1986-02-15,78
4268,Аргунова,Елена,290,3,Еланцы,1985-07-30,95
4269,Гализин,Андрей,370,2,Салехард,1984-06-24,72
4270,Шевелюхина,Светлана,140,4,Уварово,1986-03-22,35
4271,Сошникова,Виолетта,330,2,Аргуновский,1988-11-21,81
4272,Сулимова,Инна,390,3,Александровск,1983-06-04,37
4273,Габайдуллина,Лилия,430,2,Каргат,1981-04-26,32
4274,Клычева,Ася,90,2,Копейск,1986-07-17,58
4275,Гринева,Ирина,70,1,Апрелевка,1981-06-10,95
4276,Мельникова,Елена,500,2,Луховицы,1981-10-14,51
4277,Алешина,Виктория,400,3,Волоколамск,1985-12-28,92
4278,Канищев,Роман,120,4,Хабаровск,1987-06-18,57
4279,Писарева,Елена,140,4,Алагир,1989-08-24,21
4280,Татаринцева,Татьяна,310,3,Шебекино,1980-09-30,59
4281,Ахромеева,Марина,180,2,Торопец,1989-06-22,95
4282,Бакланова,Ольга,270,2,Южноуральск,1984-02-09,73
4283,Брысенкова,Елена,240,4,Элиста,1988-03-31,69
4284,Новичихина,Светлана,520,1,Асбест,1986-11-21,13
4285,Драчева,Анна,180,1,Краснознаменск,1987-02-28,81
4286,Бакланов,Александр,280,3,Рязань,1983-05-09,24
4287,Баранова,Марина,480,3,Новинки,1988-07-28,23
4288,Пономаренко,Марина,320,2,Теберда,1989-03-06,92
4289,Осипова,Лариса,320,2,Димитровград,1982-08-18,16
4290,Украинский,Андрей,340,1,Сасово,1984-06-01,79
4291,Щепилова,Наталья,310,4,Армавир,1980-11-24,14
4292,Бакулина,Анастасия,300,4,Свердловск-45,1987-05-04,75
4293,Сырова,Екатерина,450,3,Балашиха,1983-12-02,20
4294,Куянцев,Михаил,480,3,Хужир,1982-03-10,69
4295,Землянская,Ирина,60,3,Полевской,1980-06-07,77
4296,Зеленев,Юрий,250,3,Горнозаводск,1988-10-31,39
4297,Максюта,Михаил,50,3,Нерехта,1982-11-11,42
4298,Шевченко,Наталья,100,3,Кедровый,1985-08-22,74
4299,Сафронова,Елена,520,4,Мещовск,1988-10-18,39
4300,Душкова,Елена,460,1,Черняховск,1983-01-28,23
4301,Бобровских,Дарья,370,3,Северо-Курильск,1980-05-08,58
4302,Преснякова,Екатерина,240,3,Таштагол,1986-03-08,61
4303,Климов,Дмитрий,530,2,Березовский,1985-02-27,8
4304,Пустовалова,Юлия,70,2,Долматово,1983-11-13,61
4305,Перция,Елена,490,2,Нижневартовск,1983-02-09,75
4306,Юрьев,Сергей,510,4,Фролово,1983-04-16,67
4307,Немкина,Елена,490,3,Комсомольск-на-Амуре,1983-09-11,2
4308,Карасева,Лариса,430,1,Игнатовка,1983-10-14,58
4309,Розен,Наталия,190,1,Шебекино,1989-11-05,94
4310,Шиндригалов,Сергей,180,1,Медынь,1987-03-23,31
4311,Неловкая,Елена,450,1,Свирск,1986-09-12,39
4312,Кононенко,Наталья,230,1,Шлиссельбург,1986-07-05,63
4313,Яковлева,Юлия,540,4,Ленинск,1987-05-11,41
4314,Михайлова,Мария,310,1,Сосновка,1981-04-12,31
4315,Тарасова,Татьяна,270,3,Славгород,1985-01-03,49
4316,Гнатьева,Лидия,130,1,Серов,1985-09-26,74
4317,Булгакова,Ирина,100,1,Оханск,1989-05-26,87
4318,Алавердян,Микаел,310,1,Заринск,1988-04-02,88
4319,Черникова,Светлана,140,1,Чекалин,1989-11-27,88
4320,Колесникова,Юлия,430,1,Менделеевск,1981-10-05,88
4321,Карп,Юлия,530,2,Шумерля,1984-01-03,9
4322,Титов,Сергей,230,3,Сосновоборск,1988-08-23,33
4323,Болтнев,Роман,250,4,Фатеж,1983-05-14,88
4324,Павлова,Кристина,170,3,Суровикино,1989-04-14,46
4325,Дробышев,Максим,270,1,Тихвин,1986-12-26,44
4326,Новиков,Алексей,120,3,Сегежа,1980-04-17,28
4327,Валяев,Николай,480,4,Хорошево,1985-08-22,47
4328,Гура,Татьяна,500,2,Ликино-Дулево,1982-08-30,64
4329,Ермолин,Дмитрий,320,1,Шумерля,1982-04-20,77
4330,Курбатов,Сергей,80,3,Свободный,1981-11-12,47
4331,Гладнев,Александр,530,2,Сатка,1982-03-13,46
4332,Матюхин,Павел,60,3,Артемовский,1986-12-17,57
4333,Карташев,Дмитрий,470,4,Жирновск,1982-01-31,46
4334,Камский,Сергей,370,1,Магадан,1985-01-22,95
4335,Кириллова,Наталия,60,3,Исилькуль,1983-11-28,71
4336,Корчагин,Дмитрий,250,1,Добрянка,1986-03-20,63
4337,Маркина,Елена,270,4,Ужур,1981-12-10,21
4338,Марчук,Людмила,120,2,Аткарск,1982-10-16,51
4339,Гущин,Алексей,160,2,Хребтовая,1987-06-26,41
4340,Садчикова,Татьяна,520,4,Шахтерск,1982-03-12,58
4341,Лутова,Елена,430,1,Дорогобуж,1989-05-09,53
4342,Галкина,Светлана,230,3,Зуевка,1983-04-05,58
4343,Лебедев,Александр,270,2,Осташков,1985-03-12,88
4344,Бондарева,Елена,360,2,Лесосибирск,1989-12-10,5
4345,Сергачева,Юлия,180,3,Сергиев Посад,1985-10-20,70
4346,Власова,Наталья,180,1,Боровск,1982-03-30,2
4347,Алиев,Роман,310,3,Верхнеуральск,1985-08-26,60
4348,Шигина,Ирина,220,4,Майкоп,1988-09-04,61
4349,Арсеньев,Сергей,320,2,Североуральск,1985-05-30,42
4350,Швецова,Екатерина,160,4,Ершов,1988-06-07,41
4351,Переславцев,Александр,270,4,Ефремов,1989-11-27,1
4352,Холодова,Светлана,370,2,Торопец,1989-01-12,83
4353,Журавлев,Александр,540,1,Лысьва,1985-10-05,77
4354,Хильченко,Светлана,530,2,Лысьва,1989-03-11,85
4355,Проскурякова,Екатерина,320,3,Шенкурск,1989-07-14,49
4356,Астапов,Сергей,160,1,Никольское,1980-05-17,54
4357,Овчарова,Марина,350,2,Дюртюли,1988-09-11,17
4358,Астанкова,Наталия,110,3,Краснотурьинск,1986-07-07,47
4359,Скогорева,Инна,420,1,Нижний Ломов,1985-12-03,90
4360,Донской,Алексей,80,2,Нижняя Салда,1984-02-26,38
4361,Колбасина,Марина,350,3,Пикалево,1981-09-02,17
4362,Лимонова,Наталия,180,2,Новоульяновск,1985-08-12,68
4363,Курганникова,Елена,200,4,Гдов,1982-07-11,94
4364,Ельчанинов,Михаил,510,2,Муром,1982-01-23,58
4365,Евсеева,Юля,120,1,Каменск-Шахтинский,1982-07-21,63
4366,Крючкова,Ольга,470,3,Лахденпохья,1980-12-05,67
4367,Метелкина,Виктория,520,4,Суровикино,1984-04-04,55
4368,Скарга,Виктор,110,2,Майкоп,1989-11-04,31
4369,Громов,Станислав,90,3,Ивантеевка,1983-06-08,47
4370,Голова,Татьяна,220,3,Белокуриха,1986-11-23,5
4371,Плехов,Юрий,480,3,Отрадное,1980-10-15,29
4372,Работкина,Маргарита,460,4,Ирбит,1980-08-16,6
4373,Баразгова,Екатерина,500,3,Белев,1981-04-30,75
4374,Коростылева,Татьяна,300,3,Лихославль,1983-05-13,63
4375,Забавникова,Мария,110,2,Североуральск,1982-11-24,14
4376,Константинова,Людмила,390,3,Кудымкар,1983-08-05,85
4377,Панарина,Ольга,410,3,Елизово,1986-03-31,37
4378,Воротилина,Валентина,200,4,Красноуфимск,1987-12-09,39
4379,Кунаев,Анатолий,490,3,Белогорск,1983-09-01,24
4380,Юрченко,Светлана,200,4,Туймазы,1986-11-13,59
4381,Конева,Елена,290,1,Орехово-Зуево,1989-09-07,19
4382,Тесля,Дарья,360,1,Петров Вал,1980-03-05,29
4383,Попченкова,Юлия,470,2,Карачев,1988-09-17,48
4384,Самсонов,Иван,240,3,Чайковский,1985-06-19,33
4385,Горынина,Мария,390,4,Бабушкин,1988-11-26,38
4386,Корчагина,Светлана,90,1,Кохма,1984-11-09,94
4387,Соколов,Сергей,90,4,Райчихинск,1982-02-27,9
4388,Панкратова,Екатерина,360,1,Бирск,1988-01-10,58
4389,Красникова,Оксана,460,3,Кадников,1985-01-03,64
4390,Чичеров,Дмитрий,440,2,Архангельск,1984-05-14,44
4391,Бурмистрова,Юлия,230,1,Мегион,1987-07-20,41
4392,Попов,Дмитрий,470,2,Радужный,1988-06-08,3
4393,Гладских,Екатерина,550,4,Верхний Тагил,1985-04-21,19
4394,Чередник,Артем,130,4,Харовск,1982-04-17,33
4395,Золотарева,Инна,220,1,Теребино,1985-07-15,80
4396,Цицилина,Анна,450,1,Еменьга,1980-11-08,90
4397,Лавлинская,Наталья,50,3,Лысково,1982-11-24,78
4398,Гречко,Максим,410,1,Мамадыш,1983-04-08,1
4399,Гудкова,Наталия,240,2,Ядрин,1982-05-16,15
4400,Костюченко,Евгений,460,4,Урай,1989-04-14,37
4401,Селиванова,Валентина,460,3,Корсаков,1988-12-26,50
4402,Баутина,Людмила,420,3,Павловск,1986-05-10,91
4403,Соколова,Ольга,440,3,Яранск,1986-02-07,29
4404,Максименко,Юлия,440,4,Чусовой,1985-05-05,10
4405,Коняхина,Елена,290,3,Белебей,1985-11-05,56
4406,Сумера,Светлана,80,1,Коломна,1981-10-02,11
4407,Лаухин,Владислав,430,1,Лихославль,1989-08-02,81
4408,Максюкова,Елена,380,3,Жуковский,1980-02-23,43
4409,Сергеев,Дмитрий,480,1,Калуга,1980-11-29,58
4410,Емец,Дарья,300,4,Южноуральск,1983-03-26,22
4411,Заритовская,Евгения,310,1,Арзамас,1982-01-23,59
4412,Свиридова,Наталия,240,4,Сердобск,1989-02-08,62
4413,Брежнева,Инна,280,1,Рылковский,1985-01-08,27
4414,Косарева,Светлана,380,4,Далматово,1981-02-24,2
4415,Коровина,Марина,540,2,Скопин,1983-07-01,6
4416,Ботыгина,Ольга,320,1,Гаврилов-Ям,1980-08-27,73
4417,Кулакова,Оксана,260,1,Островной,1980-03-26,17
4418,Васильева,Антонина,550,1,Дрезна,1983-05-05,85
4419,Евдокимов,Павел,230,3,Тольятти,1988-06-28,33
4420,Жильцов,Александр,320,3,Нефтекамск,1982-05-11,71
4421,Данилова,Наталья,380,2,Новоузенск,1985-02-23,4
4422,Лисицына,Дина,290,1,Балабаново,1983-10-04,84
4423,Станиславский,Сергей,260,2,Фокино,1988-10-28,55
4424,Ларина,Елена,550,3,Чайковский,1980-10-13,36
4425,Копытина,Светлана,240,2,Магадан,1988-04-22,9
4426,Шаталина,Марина,260,1,Заозерный,1981-03-13,49
4427,Волкова,Анна,140,3,Торопец,1986-07-04,2
4428,Данилова,Оксана,320,1,Мама,1983-06-22,31
4429,Балаева,Анна,300,3,Обнинск,1982-07-20,96
4430,Завязкин,Александр,510,4,Шиловская,1982-12-20,14
4431,Арнаутов,Евгений,260,1,Малоярославец,1981-06-08,82
4432,Долбилов,Сергей,240,1,Абакан,1984-03-23,34
4433,Яньшина,Наталия,500,1,Кинешма,1985-10-15,41
4434,Хусаинова,Ирина,140,4,Ливны,1980-10-29,50
4435,Тягунова,Екатерина,160,4,Ставрополь,1980-06-21,58
4436,Чернова,Любовь,160,2,Березовский,1985-04-11,42
4437,Костерина,Жанна,260,4,Хорошево,1986-04-17,81
4438,Боев,Андрей,480,3,Стрежевой,1989-01-11,13
4439,Сырых,Татьяна,200,3,Вятские Поляны,1987-02-04,90
4440,Голубева,Юлия,260,1,Азнакаево,1982-06-13,46
4441,Утопленникова,Ольга,60,3,Пущино,1982-10-19,17
4860,Ларина,Елена,170,1,Сухиничи,1980-01-31,46
4861,Дорохина,Наталья,220,3,Кувандык,1980-09-15,5
4862,Кулагин,Игорь,470,3,Лабинск,1985-02-21,78
4863,Землянская,Марина,450,2,Черняховск,1988-06-10,23
4864,Ящин,Григорий,280,2,Бокситогорск,1985-05-24,87
4865,Кумаков,Сергей,530,3,Свободный,1989-10-09,35
4866,Тришин,Евгений,480,1,Ясный,1989-02-20,94
4867,Лукина,Ирина,260,3,Медногорск,1982-06-01,11
4868,Сотникова,Юлия,300,4,Болгар,1989-03-02,78
4869,Капранчикова,Ксения,430,4,Чистополь,1988-07-09,8
4870,Вишняков,Александр,400,1,Минусинск,1983-08-02,92
4871,Спиридонов,Виталий,460,4,Кизляр,1984-09-22,83
4872,Кистенев,Вадим,460,2,Горнозаводск,1984-03-30,39
4873,Ковалишина,Екатерина,110,3,Улан-Удэ,1986-04-02,15
4874,Асанова,Елена,180,2,Спасск-Рязанский,1987-12-24,41
4875,Безрядина,Надежда,440,3,Нестеров,1985-05-06,70
4876,Волков,Сергей,540,4,Кирово-Чепецк,1989-10-31,48
4877,Бельчикова,Лили,350,2,Новгород,1983-07-25,56
4878,Жиленко,Юлия,320,2,Ковдор,1985-05-16,78
4879,Волчкова,Екатерина,380,3,Трехгорный-1,1987-03-07,40
4880,Калинина,Милена,280,2,Саргино,1986-09-03,32
4881,Матвиенко,Наталья,200,3,Синега,1982-05-16,31
4882,Хунгуреев,Захар,340,2,Лесосибирск,1984-05-06,56
4883,Саприна,Наталья,200,3,Зея,1985-08-17,43
4884,Гульшина,Татьяна,70,2,Зеленогорск,1981-07-02,71
4885,Сергеева,Елена,220,4,Вуктыл,1982-11-16,60
4886,Бондарев,Денис,80,3,Щербинка,1985-09-07,76
4887,Красова,Лариса,530,4,Богородск,1981-03-05,14
4888,Черепнина,Юлия,380,2,Усинск,1987-01-28,89
4889,Гречишникова,Ольга,380,2,Канаш,1987-11-20,63
4890,Чебуняева,Неля,230,3,Свердловск-44,1985-12-27,38
4891,Барбашинов,Андрей,90,1,Шацк,1986-11-08,46
4892,Чусова,Людмила,480,2,Нижняя Салда,1986-04-02,34
4893,Ильинова,Лариса,380,4,Богородицк,1987-07-26,88
4894,Бардакова,Марина,160,3,Горно-Чуйский,1983-02-04,98
4895,Уткина,Наталья,250,4,Алексеевка,1984-09-18,74
4896,Русанова,Юлия,180,2,Кайеркан,1981-03-12,83
4897,Вакуленко,Ольга,380,4,Армавир,1989-12-04,60
4898,Целых,Александр,480,2,Ломоносов,1980-08-17,93
4899,Александров,Иван,310,1,Петродворец,1988-01-13,39
4900,Федорова,Наталья,240,1,Чебаркуль,1981-05-16,31
4901,Андреев,Денис,520,4,Тегро-Озеро,1985-03-17,6
4902,Попченкова,Юлия,460,2,Шенкурск,1981-08-03,80
4903,Топчий,Евгений,380,1,Киров,1988-07-09,80
4904,Масалыкина,Мария,70,1,Людиново,1986-05-29,19
4905,Солоха,Вадим,540,4,Сольцы-2,1984-06-13,73
4906,Свиридова,Наталия,460,4,Теберда,1983-03-31,8
4907,Гусев,Дмитрий,370,1,Вязьма,1980-03-16,39
4908,Водопьянова,Екатерина,150,3,Судогда,1982-05-22,46
4909,Волков,Илья,120,4,Кондопога,1985-05-08,52
4910,Кудинова,Елена,430,1,Саяногорск,1988-03-17,7
4911,Кузнецова,Елена,160,4,Новоаннинский,1984-03-13,17
4912,Тишанинов,Вячеслав,430,1,Рыбинск,1982-08-30,54
4913,Турбин,Евгений,430,4,Елец,1980-10-28,49
4914,Сысоева,Людмила,300,4,Азнакаево,1989-01-24,79
4915,Прокопова,Алла,60,2,Клин,1981-03-01,41
4916,Болдинова,Людмила,390,2,Георгиевск,1986-11-05,65
4917,Стряпчих,Инна,470,1,Лесосибирск,1988-03-09,92
4918,Касаткина,Елена,430,3,Арсеньев,1986-04-28,18
4919,Шашукова,Виктория,110,3,Наволоки,1980-07-15,47
4920,Минакова,Елена,370,4,Рославль,1983-12-31,48
4921,Турбин,Евгений,130,2,Острогожск,1989-07-24,69
4922,Степенская,Юлия,360,3,Иваново,1982-02-15,60
4923,Арцыбашев,Дмитрий,390,2,Жирновск,1988-05-15,46
4924,Ерина,Олеся,540,3,Хорошево,1988-08-24,9
4925,Михайлова,Елена,490,2,Сурск,1986-04-29,8
4926,Адодин,Роман,320,4,Иваново,1984-06-25,11
4927,Панченко,Станислав,250,4,Сызрань,1987-12-17,69
4928,Жигулина,Раиса,360,1,Шунема,1980-09-25,42
4929,Зацепина,Валентина,140,3,Каргополь,1983-03-01,57
4930,Сухарева,Мария,310,1,Электросталь,1989-06-08,47
4931,Забродина,Наталья,370,4,Мантурово,1989-12-05,94
4932,Кудрявцева,Татьяна,170,3,Никифорово,1983-01-13,5
4933,Лидовская,Вероника,520,1,Смоленск,1989-09-06,52
4934,Комарова,Наталия,480,2,Георгиевск,1980-12-15,1
4935,Болотова,Елена,230,2,Холмск,1981-02-03,83
4936,Нестеренко,Ирина,480,2,Туймазы,1982-03-29,69
4937,Паутова,Анна,510,2,Тула,1980-01-18,32
4938,Дружба,Вера,120,3,Аргуновский,1980-11-16,79
4939,Дьячкова,Юлия,240,3,Выкса,1983-09-14,11
4940,Володина,Светлана,430,4,Заречный,1982-03-08,92
4941,Стеценко,Евгения,440,3,Ивантеевка,1983-07-16,65
4942,Дубинина,Маргарита,440,3,Гулькевичи,1983-11-11,82
4943,Ледовской,Олег,370,3,Макушино,1989-05-28,50
4944,Андреева,Наталья,150,4,Грязи,1980-05-19,2
4945,Деревнина,Наталья,540,4,Мантурово,1981-09-02,21
4946,Сотникова,Юлия,290,4,Видное,1984-07-24,9
4947,Меркулова,Юлия,130,3,Поронайск,1984-07-22,43
4948,Капустина,Наталья,240,4,Красный Сулин,1981-06-14,59
4949,Губанова,Жанна,290,1,Чадан,1989-08-22,39
4950,Хвалева,Ольга,400,4,Дзержинск,1986-12-07,63
4951,Водолазова,Екатерина,170,3,Салаир,1986-01-29,73
4952,Рязанцева,Елена,430,1,Южа,1983-07-14,16
4953,Каплина,Инна,230,4,Бокситогорск,1982-09-29,36
4954,Мокшина,Светлана,320,1,Вязники,1987-12-28,40
4955,Литвинова,Ирина,550,1,Курган,1989-09-28,23
4956,Асташева,Юлия,380,3,Лысково,1986-03-24,95
4957,Гусева,Наталья,220,2,Талдом,1980-07-21,37
4958,Мануйлова,Елена,520,3,Покачи,1980-11-25,77
4959,Паутова,Анна,110,1,Сосновоборск,1984-11-18,78
4960,Журавлев,Сергей,310,3,Чкаловск,1981-04-11,9
4961,Кустова,Анастасия,290,1,Фрязино,1984-07-20,93
4962,Федяинов,Александр,60,2,Надым,1984-09-10,74
4963,Хабаров,Владимир,350,1,Витимский,1982-05-27,20
4964,Копаев,Николай,280,2,Салехард,1989-05-29,97
4965,Сапронова,Елена,390,4,Белинский,1986-12-20,76
4966,Михайлова,Елена,470,4,Николаевск,1980-07-02,84
4967,Шмыгаль,Людмила,460,4,Павловское,1985-04-07,1
4968,Егоров,Александр,70,1,Гороховец,1989-08-29,27
4969,Задворнов,Анатолий,380,1,Могоча,1981-06-09,3
4970,Евтеев,Вадим,190,2,Хилок,1986-08-01,18
4971,Данковцев,Александр,90,4,Орел,1983-02-26,9
4972,Литаврин,Дмитрий,180,1,Нолинск,1989-07-05,95
4973,Мороз,Наталья,260,4,Лахденпохья,1988-04-28,67
4974,Бизяев,Алексей,220,3,Байкальск,1987-02-09,48
4975,Нартов,Юрий,420,1,Спас-Деменск,1985-07-14,74
4976,Зеленцов,Дмитрий,140,3,Сортавала,1987-02-28,36
4977,Деркачева,Анна,480,1,Тихвин,1980-05-17,95
4978,Козырева,Наталья,170,2,Похвистнево,1981-11-23,73
4979,Анисимов,Сергей,240,1,Саров,1989-11-13,42
4980,Русина,Оксана,440,2,Пыть-Ях,1989-05-23,9
4981,Турбин,Евгений,290,2,Горняк,1986-05-24,98
4982,Мереуца,Евгений,220,2,Комсомольск-на-Амуре,1987-01-11,96
4983,Волкова,Галина,250,4,Ахтубинск,1984-02-29,42
4984,Шарапов,Андрей,510,3,Котельнич,1981-03-08,20
4985,Маслова,Елена,390,4,Котельниково,1983-09-14,34
4986,Яковлева,Марина,290,3,Петродворец,1988-10-03,21
4987,Волкова,Галина,380,4,Тольятти,1985-07-18,27
4988,Смышляев,Марк,320,2,Вязьма,1985-08-12,33
4989,Кириллова,Ирина,520,1,Мглин,1982-02-03,90
4990,Гаврилов,Григорий,250,2,Пежма,1985-05-06,65
4991,Савенков,Дмитрий,210,4,Рылковский,1989-03-17,50
4992,Полухина,Жанна,180,2,Шахты,1985-03-28,14
4993,Котлярова,Юлия,480,4,Ступино,1984-12-11,51
4994,Петров,Сергей,140,2,Пушкин,1984-05-28,68
4995,Шевелева,Лариса,260,2,Фролово,1984-04-11,8
4996,Бондарева,Лилия,300,3,Судогда,1988-05-31,69
4997,Малахова,Лариса,140,2,Екатеринбург,1985-05-11,96
4998,Моисеева,Елена,120,2,Ленино-Ульяновское,1985-06-11,15
4999,Серебрякова,Алла,480,2,Нурлат,1985-11-29,66
5000,Семынина,Виктория,120,3,Чита,1986-10-07,58
5001,Сорокина,Инна,440,2,Аша,1987-10-16,64
5002,Соколов,Сергей,260,4,Межгорье,1989-12-26,97
5003,Крошин,Алексей,270,3,Красногорск,1985-05-24,58
5004,Нелюбова,Галина,450,1,Петров Вал,1982-05-02,68
5005,Лобачева,Мария,310,1,Новый Уренгой,1988-03-17,66
5006,Балабанова,Ксения,130,1,Мариинск,1984-03-01,37
5007,Лесных,Елена,430,2,Купино,1982-04-29,2
5008,Радчук,Ольга,230,2,Георгиевское,1985-07-07,4
5009,Шарова,Наталия,330,3,Балабаново,1988-03-05,36
5010,Стеценко,Евгения,150,2,Зерноград,1981-01-12,76
5011,Подчищалова,Надежда,300,2,Орск,1985-09-16,82
5012,Евланникова,Анна,340,1,Барыш,1987-05-30,21
5013,Долгих,Анна,120,1,Карталы,1980-11-17,60
5014,Шарова,Наталья,310,3,Юхнов,1982-07-19,45
5015,Суровцева,Ирина,390,1,Шелехов,1983-02-28,26
5016,Беличихина,Юлия,450,3,Ключи,1982-08-12,21
5017,Пономарев,Роман,220,4,Тосно,1989-07-03,97
5018,Шелякина,Мария,510,2,Нестеров,1983-07-01,64
5019,Пенязь,Елена,60,3,Назрань,1989-11-17,9
5020,Мягков,Павел,400,2,Дудинка,1981-01-30,62
5021,Корелин,Роман,150,2,Задонск,1981-01-28,25
5022,Комаров,Владимир,430,2,Кропоткин,1982-03-22,30
5023,Ковтунова,Елена,180,4,Бирюсинск,1981-09-20,8
5024,Сергеева,Ирина,260,2,Тула,1980-03-17,66
5025,Матущуков,Сергей,510,2,Осинники,1980-12-25,23
5026,Меркушева,Алла,290,4,Ясный,1985-07-01,89
5027,Бессонова,Марианна,200,3,Вяземский,1988-12-01,3
5028,Черных,Екатерина,440,4,Салехард,1980-08-11,31
5029,Жабин,Олег,290,4,Спас-Клепики,1986-06-03,21
5030,Палагина,Людмила,320,4,Туринск,1987-06-03,14
5031,Кутьина,Ольга,190,4,Константиновск,1989-12-04,46
5032,Мошкина,Любовь,270,4,Калязин,1981-10-16,65
5033,Бородовицына,Елена,370,2,Кандалакша,1989-01-25,58
5034,Федорова,Анна,480,3,Астрахань,1984-08-13,18
5035,Каплина,Жанна,530,4,Мамоново,1986-10-18,87
5036,Пашкова,Ирина,70,1,Волгореченск,1986-03-29,34
5037,Балабанова,Ксения,110,4,Ак-Довурак,1989-12-16,11
5038,Сафонов,Андрей,440,4,Прокопьевск,1982-08-17,80
5039,Сергеева,Ирина,270,3,Салават,1986-07-22,19
5040,Бабурин,Андрей,400,2,Маркс,1983-02-04,31
5041,Редькин,Александр,360,1,Новоуральск,1982-02-10,20
5042,Пашков,Александр,250,1,Сланцы,1980-11-06,89
5043,Шмаков,Сергей,380,4,Юрюзань,1985-03-13,60
5044,Антонова,Екатерина,290,3,Салехард,1984-11-24,64
5045,Гонтовая,Светлана,450,2,Синега,1988-10-19,98
5046,Сунцова,Елена,280,3,Сосновый Бор,1985-10-22,79
5047,Зуев,Владимир,90,3,Фокино,1983-06-29,27
5048,Солоха,Вадим,470,2,Новосокольники,1983-08-22,9
5049,Минаков,Василий,240,1,Тимашевск,1988-01-02,28
5050,Кириченко,Оксана,300,3,Калининград,1985-03-07,55
5051,Кукель,Наталья,110,3,Янаул,1986-05-22,20
5052,Вышкворкин,Алексей,460,4,Волчанск,1984-07-22,36
5053,Подстрешная,Юлия,150,3,Асино,1985-11-30,30
5054,Колодяжная,Марина,450,1,Агинское,1987-05-02,23
5055,Петрищев,Игорь,350,4,Байконур,1980-03-12,53
5056,Пахомова,Наталья,430,4,Уссурийск,1988-11-26,62
5057,Хрыкина,Ирина,370,1,Бородино,1985-01-26,18
5058,Васильева,Ольга,60,1,Кольчугино,1983-10-19,70
5059,Задорожная,Екатерина,390,3,Гвардейск,1984-03-24,4
5060,Чернова,Анфиса,420,2,Котлас,1989-03-18,54
5061,Баженова,Ольга,440,4,Солигалич,1985-01-08,45
5062,Корчагина,Елена,150,4,Сходня,1984-06-20,54
5063,Большаков,Дмитрий,450,3,Катайск,1986-03-31,29
5064,Щепкин,Артем,60,4,Озеры,1983-02-17,82
5065,Матущуков,Сергей,290,2,Кировск,1986-01-03,91
5066,Лиенко,Евгения,80,1,Очер,1987-11-22,94
5067,Демеш,Анна,420,4,Верхняя Пышма,1983-04-07,25
5068,Сопина,Мария,110,3,Ульяновск,1984-07-01,22
5069,Степанова,Жанна,470,1,Нижний Ломов,1988-08-16,88
5070,Бугаев,Александр,390,2,Ефремковская,1981-07-06,3
5071,Евсюкова,Оксана,510,3,Магадан,1982-01-18,90
5072,Романцова,Вера,230,2,Орск,1982-09-15,30
5073,Ушкова,Наталья,520,1,Суоярви,1984-12-22,35
5074,Коровникова,Валентина,300,2,Бакал,1989-02-14,55
5075,Варламова,Неля,80,2,Злынка,1985-12-28,24
5076,Соколова,Елена,140,2,Игарка,1983-11-27,66
5077,Стародубцев,Денис,520,4,Туран,1989-03-03,82
5078,Зуева,Марина,440,2,Пудож,1985-07-23,20
5079,Горбунова,Мария,340,4,Жуков,1987-08-07,71
5080,Брежнева,Оксана,160,2,Осташков,1980-03-30,11
5081,Юрасова,Александра,400,2,Семилуки,1987-10-27,85
5082,Клочкова,Галина,50,1,Солнечногорск,1980-09-13,94
5083,Родина,Альбина,410,3,Оленегорск,1988-03-26,17
5084,Новичихин,Яков,70,4,Боровое,1985-08-21,13
5085,Максимов,Максим,350,3,Кедровый,1983-04-23,40
5086,Крюкова,Юлия,130,3,Карпинск,1987-11-26,93
5087,Марков,Роман,310,2,Советск,1989-06-19,66
5088,Ковалевская,Екатерина,240,2,Алатырь,1989-03-25,78
5089,Юрьева,Надежда,180,1,Малгобек,1985-06-02,59
5090,Каширина,Наталья,330,3,Карпинск,1984-01-17,14
5091,Родина,Альбина,120,2,Дрезна,1982-08-17,57
5092,Старцева,Наталья,500,4,Среднеколымск,1980-02-10,70
5093,Тарасов,Павел,200,2,Лермонтов,1989-04-17,54
5094,Кириллова,Ирина,410,3,Добрянка,1981-01-09,50
5095,Саликова,Марина,120,3,Среднеуральск,1985-10-29,28
5096,Любимцева,Ольга,410,2,Зея,1989-05-03,74
5097,Жувако,Юлия,220,4,Ногинск,1980-02-15,34
5098,Картавцев,Алексей,360,1,Пущино,1981-02-28,69
5099,Попова,Елена,400,1,Опочка,1980-03-24,98
5100,Кораблева,Татьяна,390,4,Чкаловск,1988-01-09,68
5101,Капытин,Вадим,480,4,Беслан,1987-07-19,28
5102,Сичкаренко,Олег,150,4,Ипатово,1981-03-27,25
5103,Егоров,Владимир,460,1,Моздок,1989-08-19,60
5104,Быстров,Игорь,460,4,Выкса,1982-04-27,93
5105,Дубравин,Василий,390,2,Тотьма,1985-05-11,89
5106,Дибиров,Адильсолтан,480,1,Крымск,1982-07-24,83
5107,Сукманов,Владимир,150,2,Ульяновск,1980-04-17,71
5108,Еселевская,Наталия,270,4,Гвардейск,1989-02-16,9
5109,Ласточкина,Ольга,90,1,Азнакаево,1984-04-07,65
5110,Адодин,Дмитрий,300,1,Омск,1986-12-10,28
5111,Березовский,Андрей,80,4,Орел,1989-12-15,15
5112,Досягаев,Александр,500,3,Яранск,1988-07-19,83
5113,Смольякова,Наталия,540,4,Королев,1988-05-13,98
5114,Федоров,Роман,220,3,Ставрополь,1980-11-02,10
5115,Тельнова,Лариса,200,2,Гдов,1988-02-13,54
5116,Батищев,Андрей,70,4,Клинцы,1981-07-26,57
5117,Гоппен,Татьяна,350,4,Урюпинск,1988-03-21,27
5118,Сьянова,Анна,250,2,Сосногорск,1982-07-20,86
5119,Беликова,Вероника,340,2,Тайга,1981-05-28,98
5120,Куламов,Александр,380,1,Апатиты,1984-03-24,74
5121,Шатова,Светлана,240,1,Саргино,1985-12-30,83
5122,Калугин,Анатолий,290,2,Дно,1989-11-13,89
5123,Бизяев,Алексей,320,1,Кайеркан,1981-01-25,64
5124,Смыкалова,Оксана,410,4,Тимонино,1981-10-29,65
5125,Гирник,Елена,230,4,Фокино,1980-08-31,25
5126,Пельтихина,Елена,60,3,Петушки,1987-12-08,63
5127,Акулова,Татьяна,510,4,Сегежа,1981-08-29,87
5128,Чуносов,Алексей,110,1,Жигулевск,1989-02-16,42
5129,Шимадина,Татьяна,100,3,Менделеевск,1983-09-16,21
5130,Коршунов,Александр,190,2,Карталы,1989-08-27,98
5131,Энговатова,Людмила,220,4,Ипатово,1982-08-26,43
5132,Артемов,Антон,520,4,Таганрог,1985-05-23,22
5133,Воротынцев,Иван,540,1,Бежецк,1988-05-01,90
5134,Гуров,Иван,330,4,Луга,1983-08-15,62
5135,Кочергина,Надежда,150,2,Парфеньево,1987-03-14,43
5136,Моськина,Екатерина,460,2,Короча,1985-01-21,98
5137,Добрикова,Юлия,230,3,Янгель,1987-08-20,2
5138,Коротаева,Марина,240,3,Вельск,1986-09-26,59
5139,Коршикова,Ольга,420,3,Краснозаводск,1984-10-23,54
5140,Зеленский,Степан,540,1,Находка,1987-12-12,34
5141,Суворова,Оксана,450,4,Усть-Катав,1989-08-22,91
5142,Морева,Марина,550,4,Заречный,1981-07-07,14
5143,Иноземцева,Ирина,270,4,Карачев,1987-01-30,37
5144,Дедова,Елена,380,4,Пикалево,1984-11-08,20
5145,Свиридова,Валерия,440,2,Вуктыл,1989-10-28,60
5146,Яньшина,Ирина,340,4,Зеленогорск,1980-04-18,40
5147,Алейников,Максим,550,1,Пыталово,1988-04-08,90
5148,Сулимова,Инна,550,1,Салаир,1987-03-29,47
5149,Захаров,Роман,80,3,Дигора,1983-12-02,97
5150,Дмитриев,Роман,530,4,Киреевск,1981-04-20,39
5151,Перьков,Юрий,470,4,Нерехта,1984-11-20,83
5152,Глазунова,Анна,130,3,Нерчинск,1982-02-05,93
5153,Андреев,Алексей,540,1,Мглин,1986-07-26,44
5154,Попов,Роман,460,1,Мамоново,1983-11-02,44
5155,Комов,Евгений,490,3,Бабаево,1981-01-16,76
5156,Бикташева,Лилия,410,4,Кизел,1985-07-22,85
5157,Лычагин,Вячеслав,220,2,Буй,1983-10-28,19
5158,Баранов,Дмитрий,270,3,Балашов,1982-06-18,1
5159,Стрельникова,Елена,430,2,Камызяк,1988-10-06,77
5160,Сысоева,Марина,360,4,Дегтярск,1981-05-16,18
5161,Кобозев,Валерий,270,2,Лангепас,1989-11-04,48
5162,Шубина,Александра,500,4,Терек,1982-07-15,64
5163,Килигой,Иван,530,4,Еменьга,1985-01-12,88
5164,Калачева,Светлана,330,4,Новокузнецк,1982-10-30,34
5165,Юдина,Елена,310,3,Коммунар,1980-11-20,85
5166,Бирюкова,Наталия,510,1,Сольцы,1981-11-27,28
5167,Духанин,Максим,360,4,Туймазы,1989-08-22,35
5168,Пешков,Евгений,220,2,Льгов,1989-03-14,5
5169,Бабкина,Марина,460,2,Касимов,1981-12-13,4
5170,Власова,Елена,410,4,Волжск,1986-02-27,35
5171,Гонтовая,Светлана,350,2,Чехов-2,1980-10-23,74
5172,Павлушева,Юлия,340,2,Горнозаводск,1980-05-15,40
5173,Потапова,Лидия,460,1,Кемерово,1984-02-23,94
5174,Вольшинец,Елена,90,3,Костерево,1987-03-22,30
5175,Карташова,Светлана,310,4,Киржач,1987-07-03,45
5176,Шугаев,Олег,520,2,Бугульма,1985-08-05,40
5177,Федорова,Юлия,280,1,Кайеркан,1983-03-06,24
5178,Стеганцов,Андрей,500,3,Верхотурье,1987-08-31,53
5179,Плешкова,Елена,400,3,,1980-06-15,83
5180,Горбатенко,Галина,360,2,Миасс,1985-03-21,62
5181,Шевкун,Екатерина,220,1,Суровикино,1981-12-06,6
5182,Бондаренко,Дан,130,1,Белово,1985-08-03,84
5183,Яваева,Юлия,450,4,Венев,1985-11-03,28
5184,Душкин,Евгений,440,1,Клин,1986-03-11,61
5185,Быстрянцев,Андрей,180,2,Мглин,1982-09-03,4
5186,Двирник,Лариса,160,2,Свободный,1987-05-20,86
5187,Хабалаева,Инга,250,4,Шарья,1988-07-25,96
5188,Котова,Наталья,240,2,Торопец,1985-02-22,34
5189,Долотова,Татьяна,420,3,Первоуральск,1986-10-04,89
5190,Волгушев,Алексей,,4,Вязьма,1988-04-04,13
5191,Бяло,Ольга,140,1,Североморск,1984-03-17,90
5192,Суслова,Дарья,200,3,Муравленко,1985-01-28,64
5193,Макаров,Евгений,500,3,Олекминск,1982-05-27,79
5194,Иванникова,Елена,320,2,Княгинино,1982-11-06,62
5195,Чуракова,Юлия,310,4,Шелехов,1981-05-26,71
5196,Щерба,Екатерина,430,4,Новосокольники,1984-03-20,66
5197,Аносова,Анжелика,260,3,Духовщина,1983-05-18,55
5198,Усова,Юлия,190,1,Боготол,1980-09-21,28
5199,Авдеев,Владимир,60,1,Вихоревка,1988-11-26,6
5200,Чуфенева,Марина,360,4,Кировград,,51
5201,Дружинин,Иван,170,1,Тюкалинск,1984-03-26,43
5202,Баклыков,Александр,90,1,Мариинск,1984-03-28,34
5203,Каляпина,Ирина,450,3,Оленегорск,1984-01-25,86
5204,Денисова,Анна,50,1,Боровск,1989-01-23,85
5205,Сотникова,Олеся,490,2,Зарайск,1989-11-21,97
5206,Щеголева,Оксана,,3,Лениногорск,1988-06-09,76
5207,Левенков,Александр,90,4,Новохоперск,1981-10-18,73
5208,Кудрявцева,Татьяна,70,4,Киреевск,1987-05-16,4
5209,Щепилова,Оксана,150,2,Златоуст,1980-02-29,9
5210,Корчагина,Светлана,370,4,Нерехта,1985-06-21,33
5211,Суркова,Анна,520,4,Донской,1985-12-15,93
5212,Бабкин,Сергей,110,1,Магнитогорск,1985-09-19,94
5213,Арутюнян,Давид,250,2,Весьегонск,1982-01-29,35
5214,Шляхова,Янина,150,3,Пикалево,1988-04-03,54
5215,Кудинова,Елена,250,1,Адыгейск,1987-03-20,16
5216,Конева,Ирина,380,3,Билибино,1985-01-11,84
5217,Чайковская,Евгения,470,4,Бабушкин,1985-08-17,42
5218,Ююкин,Андрей,70,4,Пушкино,1980-11-18,5
5219,Фурсова,Анна,310,1,Охотск,1984-03-14,79
5220,Евсеев,Сергей,190,1,Гусь-Хрустальный,1987-02-04,70
5221,Савченко,Алексей,90,3,Чехов-2,1980-09-26,80
5222,Шаталина,Марина,80,4,Карабаново,1985-05-26,95
5223,Криницын,Олег,410,2,Орехово-Зуево,1987-01-23,52
5224,Лисицына,Дина,100,2,Орск,1989-06-05,81
5225,Щеголева,Оксана,470,4,Бирск,1986-01-05,42
5226,Богомолкин,Эдуард,200,2,Болохово,1987-07-22,16
5227,Сазонов,Александр,400,2,Новоузенск,1985-04-22,29
5228,Бегинян,Анна,190,1,Дивногорск,1981-02-08,87
5229,Лысикова,Наталия,150,2,Еманжелинск,1982-04-08,81
5230,Лынова,Наталья,330,2,Смольянец,1986-02-12,63
5231,Рубцова,Мария,470,4,Апатиты,1983-12-16,4
5232,Бурмистрова,Анастасия,170,3,Тольятти,1980-08-13,65
5233,Майская,Ирина,110,1,Назарово,1986-03-15,81
5234,Корсаков,Семен,230,4,Краснознаменск,1983-04-14,49
5235,Омаров,Денис,380,2,Рошаль,1984-11-25,95
5236,Малинин,Дмитрий,70,2,Ханты-Мансийск,1989-05-15,83
5237,Застрожнова,Ольга,470,4,Новоуральск,1982-04-19,12
5238,Голощапова,Яна,100,4,Абаза,1985-12-07,98
5239,Рязанцева,Наталия,480,3,Верещагино,1982-07-24,82
5240,Пахомов,Вячеслав,540,2,Мезень,1986-12-12,97
5241,Корниенко,Юлия,60,2,Нальчик,1983-04-27,98
5242,Комова,Анастасия,200,2,Данков,1980-02-13,83
5243,Жигун,Алла,70,4,Судрома,1985-08-09,84
5244,Килин,Дмитрий,170,3,Рылковский,1986-08-09,42
5245,Овчинников,Геннадий,460,2,Вытегра,1982-06-17,17
5246,Козлова,Ядвига,150,1,Первомайск,1983-07-22,71
5247,Дружба,Григорий,90,1,Красная Горбатка,1988-12-31,8
5248,Кострыкин,Олег,160,2,Котельнич,1982-04-15,57
5249,Лавлинский,Сергей,370,2,Удомля,1982-07-18,52
5250,Хачатрян,Камо,150,1,Кузнецк,1983-08-04,49
5251,Хачатрян,Эдуард,500,2,Витимский,1983-01-07,32
5252,Ланцов,Дмитрий,530,4,Закаменск,1980-07-28,15
5253,Скворцова,Татьяна,60,3,Знаменск,1980-04-19,21
5254,Демьяненко,Андрей,490,2,Вилючинск,1980-05-11,93
5255,Тимофеева,Елена,450,2,Хабаровск,1988-06-13,9
5256,Пушкарев,Александр,380,4,Ярцево,1983-10-07,98
5257,Клюквин,Валерий,270,2,Приозерск,1986-02-07,26
5258,Дроздов,Михаил,320,3,Гаврилов Посад,1987-07-13,61
5259,Бородовицына,Елена,480,1,Златоуст,1989-11-04,96
5260,Панов,Александр,230,4,Кемь,1982-09-08,76
5261,Малкина,Виктория,520,3,Ленинск,1982-04-19,87
5262,Порошин,Давыд,330,2,Сухой Лог,1985-07-16,32
5263,Копысов,Михаил,540,2,Спасск-Рязанский,1980-10-17,51
5264,Жигалов,Сергей,520,4,Волжский,1980-03-22,54
5265,Золототрубов,Денис,190,1,Пежма,1985-05-07,93
5266,Целищева,Олеся,90,4,Кунгур,1984-07-06,44
5267,Мкртчян,Альберт,390,2,Челябинск,1988-02-29,58
5268,Долгих,Анна,310,4,Мантурово,1989-04-10,9
5269,Григорьев,Игорь,340,2,Приморско-Ахтарск,1980-01-15,37
5270,Борзенко,Елена,330,2,Белоусово,1986-11-18,85
5271,Власова,Эльвира,320,1,Малмыж,1984-06-04,58
5272,Карамышева,Наталья,330,3,Курск,1981-03-26,46
5273,Шаповалова,Наталья,450,1,Ефремковская,1985-12-16,42
5274,Ишутин,Анатолий,290,4,Еланцы,1981-12-05,32
5275,Севрюкова,Елена,520,1,Сасово,1989-10-01,19
5276,Карташова,Светлана,170,2,Малоярославец,1983-05-30,9
5277,Ширабокова,Лариса,400,4,Снежинск,1989-06-13,16
5278,Чурсин,Александр,120,1,Тара,1987-02-16,55
5279,Свиридова,Юлия,380,4,Хотьково,1988-03-16,40
5280,Панченко,Станислав,110,2,Ангарск,1986-10-13,50
5281,Бахолдин,Александр,490,4,Мариинск,1986-04-20,42
5282,Ишкова,Мария,200,2,Краснокамск,1983-09-08,45
5283,Кривоногов,Константин,230,4,Оса,1984-08-18,11
5284,Шугаев,Олег,530,2,Поронайск,1987-05-18,42
5285,Жарова,Марина,170,2,Терек,1983-04-08,31
5286,Котов,Юрий,100,3,Новочеркасск,1986-01-01,92
5287,Золототрубов,Денис,490,1,Заинск,1981-07-11,36
5288,Румянцев,Роман,260,3,Электроугли,1987-07-28,81
5289,Копысов,Михаил,400,1,Суворов,1988-11-17,84
5290,Видаев,Александр,380,3,Каргополь,1987-07-18,61
5291,Румянцев,Роман,90,1,Тотьма,1987-08-22,16
5292,Чистяков,Виталий,420,2,Елизово,1985-10-25,17
5293,Масюкова,Ирина,200,4,Усть-Катав,1986-06-27,34
5294,Резниченко,Сергей,530,3,Чита-47,1987-11-04,27
5295,Коньков,Виктор,430,4,Белорецк,1982-06-13,51
5296,Рязанцева,Надежда,450,1,Серафимович,1985-11-30,8
5297,Суглобова,Елена,500,1,Новоалтайск,1984-12-12,69
5298,Карнаухова,Ольга,250,4,Белоярский,1988-01-20,55
5299,Гончаров,Сергей,300,3,Торопец,1983-03-26,83
5300,Парфенов,Сергей,170,3,Таганрог,1989-06-02,88
5301,Коновалова,Светлана,120,2,Стрежевой,1985-01-28,62
5302,Гаспарян,Нона,390,3,Сасово,1984-11-12,71
5303,Яковлева,Марина,420,3,Асбест,1984-01-22,15
5304,Максименкова,Оксана,220,1,Электрогорск,1987-04-15,3
5305,Мызникова,Марина,140,2,Горнозаводск,1982-03-09,50
5306,Сулейманов,Магомед,530,2,Киренск,1985-02-15,21
5307,Алиев,Юсиф,210,4,Чадан,1988-04-16,60
5308,Ладыкина,Юлия,480,4,Шунема,1989-04-21,10
5309,Фадеева,Марина,420,3,Железноводск,1987-09-22,37
5310,Золототрубов,Андрей,520,1,Хасавюрт,1986-01-16,24
5311,Сальникова,Ольга,300,4,Новосибирск,1988-11-19,29
5312,Захаров,Николай,200,1,Уяр,1982-07-04,23
5313,Погорелов,Алексей,130,1,Липки,1985-07-26,33
5314,Коротких,Максим,340,1,Горнозаводск,1988-03-29,86
5315,Карташов,Роман,530,2,Можайск,1983-03-10,26
5316,Шестаков,Роман,500,1,Суоярви,1981-12-30,87
5317,Лукина,Ирина,320,2,Таруса,1980-10-03,20
5318,Осадчий,Игорь,80,2,Дюртюли,1981-08-19,28
5319,Скрипов,Игорь,180,2,Дигора,1981-06-17,35
5320,Попова,Людмила,340,4,Няндома,1980-07-02,24
5321,Сальков,Валерий,300,1,Агинское,1981-05-03,38
5322,Соболева,Виктория,170,4,Бийск,1986-04-12,96
5323,Анпилогова,Виктория,110,2,Томск,1980-11-04,27
5324,Балабекова,Татьяна,400,4,Черемхово,1985-01-03,98
5325,Чхапелия,Марина,300,1,Салават,1986-02-20,21
5326,Шматко,Светлана,240,4,Нововоронеж,1983-04-19,36
5327,Бендрик,Людмила,540,4,Ангарск,1988-12-22,79
5328,Бородовицына,Елена,120,1,Сольвычегодск,1981-10-05,97
5329,Попов,Роман,280,4,Кандалакша,1984-01-21,13
5330,Музалевская,Валентина,120,3,Корсаков,1982-12-10,84
5331,Корнева,Юлия,80,2,Липецк,1984-01-04,32
5332,Дворядкин,Николай,80,1,Богородск,1983-02-08,15
5333,Русинов,Алексей,320,3,Каменногорск,1982-09-03,67
5334,Меньшикова,Диана,140,1,Фокино,1989-11-13,39
5335,Большакова,Вера,80,1,Тосно,1980-02-27,91
5336,Костин,Алексей,360,1,Людиново,1982-05-08,53
5337,Быкова,Светлана,400,3,Снежинск,1986-11-11,97
5338,Куценко,Ирина,360,1,Челябинск,1987-11-07,19
5339,Коробкина,Екатерина,330,1,Беслан,1980-08-21,78
5340,Шумилина,Галина,250,2,Сальск,1985-02-21,65
5341,Шакалова,Татьяна,160,4,Луза,1980-03-22,27
5342,Ефремов,Максим,230,1,Калач,1988-10-04,84
5343,Рожкова,Татьяна,210,1,Кызыл,1982-02-10,63
5344,Хворых,Марина,540,1,Карпинск,1988-08-02,13
5345,Никифорова,Оксана,220,1,Донской,1984-10-15,60
5346,Корвачева,Екатерина,500,1,Торжок,1983-04-04,39
5347,Нестерова,Ирина,500,2,Малоярославец,1987-05-12,37
5348,Русинов,Алексей,220,2,Соль-Илецк,1981-07-20,44
5349,Дедова,Елена,430,2,Королев,1987-02-23,85
5350,Яньшина,Ирина,260,2,Лихославль,1982-12-07,74
5351,Сотникова,Юлия,210,2,Северо-Курильск,1985-06-17,35
5352,Гвоздевский,Александр,80,4,Цимлянск,1982-05-09,55
5353,Рябцева,Ирина,280,4,Гусев,1981-03-23,68
5354,Попова,Надежда,60,3,Сосенский,1986-04-27,68
5355,Костылева,Татьяна,300,3,Магнитогорск,1981-02-17,71
5356,Стеганцов,Андрей,80,1,Новый Оскол,1982-06-05,27
5357,Дмитриев,Александр,250,3,Всеволожск,1980-11-04,86
5358,Баранова,Марина,170,3,Галич,1983-07-25,42
5359,Гацолаева,Людмила,480,2,Шарья,1987-06-26,89
5360,Бражник,Галина,320,3,Семилуки,1986-12-20,83
5361,Черных,Анна,430,3,Согдиондон,1987-07-05,40
5362,Иванова,Мария,400,1,Полярные Зори,1987-02-09,9
5363,Кузнецов,Дмитрий,270,4,Ковылкино,1988-12-09,14
5364,Сазонникова,Лидия,460,1,Подпорожье,1986-04-14,30
5365,Ремизова,Наталья,540,4,Кувшиново,1981-05-07,19
5366,Копейкин,Вячеслав,150,1,Кировск,1988-04-19,13
5367,Панферова,Ирина,80,4,Печоры,1983-06-10,56
5368,Сазонникова,Юлия,320,3,Суровикино,1983-10-17,22
5369,Сазонникова,Лидия,380,3,Бородино,1985-08-29,26
5370,Курклинская,Элеонора,320,3,Малая Вишера,1982-02-22,11
5371,Вагина,Лариса,440,3,Кашин,1985-09-25,40
5372,Тимофеева,Людмила,380,1,Собинка,1989-05-28,7
10100,Иванов,Александр,200,3,Воронеж,1979-06-10,10
10101,Иванов,,200,3,Воронеж,1979-06-10,15
10000,Иванов,Саша,,,Воронеж,,
