"exam_id","student_id","subj_id","mark","exam_date"
676,150,1,3,2000-03-23
677,151,1,4,2000-02-16
678,151,10,2,2000-06-24
679,151,13,4,2000-02-20
680,151,6,4,2000-06-07
681,151,10,3,2000-05-22
682,151,3,1,2000-05-30
683,151,7,4,2000-03-20
684,152,9,4,2000-01-26
685,153,2,3,2000-02-27
686,153,11,2,2000-06-10
687,153,11,4,2000-05-03
688,154,12,5,2000-03-08
689,154,3,2,2000-05-19
690,154,1,2,2000-01-03
691,154,2,4,2000-01-05
692,155,11,3,2000-05-31
693,155,6,,2000-03-10
694,155,3,3,2000-04-06
695,155,1,,2000-02-01
696,155,11,4,2000-01-09
697,155,13,1,2000-06-13
698,156,9,5,2000-01-17
699,156,7,1,2000-06-08
700,156,14,4,2000-02-02
701,156,2,1,2000-03-22
702,156,3,1,2000-05-23
703,157,13,2,2000-06-18
704,157,7,4,2000-02-07
705,157,3,2,2000-05-06
706,158,11,4,2000-02-21
707,158,5,3,2000-05-04
708,158,6,5,2000-03-13
709,159,2,1,2000-02-20
710,159,6,3,2000-03-30
711,159,14,3,2000-01-09
712,159,7,3,2000-02-01
713,159,9,1,2000-03-30
714,159,2,1,2000-01-27
715,159,9,3,2000-01-22
716,160,3,2,2000-03-07
717,160,6,3,2000-04-17
718,160,9,5,2000-02-22
719,160,5,1,2000-01-19
720,160,4,3,2000-03-26
721,160,4,2,2000-03-26
722,160,8,5,2000-03-15
723,161,10,2,2000-01-06
724,161,13,5,2000-03-16
725,161,13,5,2000-02-27
726,162,11,5,2000-06-16
727,162,12,4,2000-03-19
728,162,7,5,2000-05-30
729,162,11,5,2000-04-30
730,162,13,4,2000-01-24
731,162,8,4,2000-02-04
732,162,7,2,2000-01-05
733,163,5,5,2000-06-08
734,163,1,5,2000-05-22
735,164,12,1,2000-06-06
736,164,14,5,2000-01-02
737,164,9,3,2000-01-08
738,164,5,5,2000-01-23
739,164,7,1,2000-04-15
740,164,11,3,2000-02-22
741,164,9,3,2000-04-23
742,165,7,4,2000-05-14
743,165,10,2,2000-01-10
744,165,9,3,2000-03-14
745,165,9,,2000-05-01
746,165,4,2,2000-05-21
747,165,5,5,2000-02-20
748,166,3,1,2000-02-08
749,167,6,1,2000-02-04
750,167,8,4,2000-03-07
751,167,3,3,2000-02-28
752,168,5,5,2000-04-09
753,168,4,4,2000-06-20
754,168,12,2,2000-01-23
755,168,5,1,2000-05-24
756,168,4,4,2000-05-22
757,168,13,3,2000-01-10
758,169,8,4,2000-03-09
759,169,3,2,2000-02-05
760,169,10,3,2000-02-25
761,170,10,3,2000-05-31
762,170,4,2,2000-02-04
763,170,5,,2000-01-31
764,170,10,5,2000-06-17
765,170,4,3,2000-01-11
766,170,4,4,2000-03-27
767,171,13,,2000-03-04
768,171,2,3,2000-06-23
769,171,4,3,2000-02-18
770,171,13,3,2000-05-19
771,171,2,3,2000-03-14
772,171,6,4,2000-02-06
773,171,11,2,2000-01-13
774,172,11,1,2000-03-22
775,172,10,4,2000-02-10
776,172,9,3,2000-01-24
777,172,12,2,2000-03-28
778,172,9,3,2000-03-17
779,173,11,3,2000-04-29
780,173,7,2,2000-02-26
781,173,7,1,2000-04-23
782,173,5,5,2000-04-19
783,174,5,5,2000-01-23
784,175,13,2,2000-03-13
785,175,7,3,2000-04-09
786,175,1,3,2000-05-21
787,175,13,4,2000-06-07
788,176,6,3,2000-04-04
789,176,7,5,2000-05-12
790,176,3,1,2000-04-01
791,177,2,3,2000-06-22
792,177,11,4,2000-06-07
793,177,7,1,2000-06-04
794,177,14,5,2000-02-14
795,177,11,5,2000-01-05
796,178,7,3,2000-05-19
797,178,3,1,2000-04-21
798,178,5,5,2000-01-01
799,179,10,1,2000-03-29
800,180,2,2,2000-03-28
801,180,6,1,2000-05-13
802,180,13,2,2000-06-11
803,180,10,5,2000-06-07
804,180,8,3,2000-04-29
805,180,11,5,2000-04-23
806,180,3,3,2000-04-26
807,180,2,3,2000-01-27
808,181,8,3,2000-01-20
809,182,4,3,2000-01-19
810,182,14,4,2000-05-26
811,182,9,4,2000-03-15
812,182,1,4,2000-02-13
813,182,5,1,2000-02-05
814,182,1,1,2000-02-28
815,182,13,2,2000-03-19
816,183,4,1,2000-04-04
817,183,5,4,2000-01-27
818,183,7,5,2000-04-18
819,183,1,1,2000-05-03
820,183,13,4,2000-04-20
821,184,10,3,2000-05-21
822,184,6,3,2000-02-17
823,184,11,2,2000-06-07
824,185,9,1,2000-01-29
825,185,7,5,2000-01-28
826,185,1,2,2000-03-02
827,186,4,2,2000-03-01
828,186,6,3,2000-03-01
829,186,2,1,2000-06-26
830,186,11,4,2000-03-03
831,186,8,2,2000-04-04
832,186,14,5,2000-04-29
833,186,12,2,2000-03-01
834,187,2,1,2000-05-17
835,187,2,3,2000-04-23
836,187,7,4,2000-04-28
837,187,12,1,2000-04-22
838,187,6,3,2000-05-05
839,187,11,5,2000-01-07
840,188,1,2,2000-02-24
841,188,4,1,2000-05-09
842,188,7,5,2000-05-22
843,188,8,1,2000-01-12
844,188,14,4,2000-04-07
845,189,10,4,2000-06-19
846,190,6,3,2000-04-26
847,190,10,1,2000-02-28
848,190,11,2,2000-01-22
849,190,1,3,2000-01-21
850,190,5,5,2000-03-06
851,190,12,2,2000-04-07
852,190,4,4,2000-04-05
853,190,5,4,2000-06-08
854,191,12,4,2000-06-18
855,191,3,2,2000-05-12
856,192,13,1,2000-06-22
857,192,2,3,2000-02-01
858,192,4,1,2000-04-15
859,192,11,3,2000-01-16
860,192,5,1,2000-03-12
861,192,5,5,2000-03-04
862,192,11,2,2000-02-24
863,193,12,4,2000-06-01
864,193,2,2,2000-02-25
865,193,8,4,2000-03-20
866,193,5,2,2000-02-02
867,193,9,3,2000-01-31
868,193,2,4,2000-04-22
869,193,12,3,2000-04-18
870,193,11,1,2000-02-25
871,194,10,4,2000-05-15
872,194,10,1,2000-06-06
873,195,10,5,2000-04-06
874,195,12,3,2000-02-17
875,195,7,1,2000-04-06
876,195,8,1,2000-05-05
877,195,10,3,2000-05-05
878,195,12,2,2000-04-08
879,195,6,2,2000-06-27
880,195,10,3,2000-01-16
881,196,11,1,2000-03-06
882,196,12,4,2000-03-20
883,196,12,3,2000-04-26
884,196,2,3,2000-02-02
885,196,1,2,2000-06-26
886,196,14,1,2000-01-26
887,197,14,3,2000-06-22
888,197,6,1,2000-02-25
889,197,12,1,2000-03-09
890,197,11,1,2000-02-03
891,197,4,1,2000-04-25
892,197,14,2,2000-04-29
893,197,11,1,2000-04-28
894,197,7,2,2000-03-31
895,198,9,1,2000-06-24
896,198,6,1,2000-06-14
897,199,13,4,2000-06-22
898,199,10,2,2000-04-10
899,199,14,2,2000-06-11
900,199,11,5,2000-03-23
901,200,7,2,2000-03-12
902,200,8,4,2000-03-29
903,200,9,1,2000-05-22
904,200,2,2,2000-02-06
905,200,5,2,2000-05-21
906,200,13,1,2000-02-09
907,200,5,3,2000-01-27
908,200,2,1,2000-01-27
909,201,11,2,2000-01-06
910,201,10,3,2000-05-27
911,201,13,5,2000-05-20
912,201,13,2,2000-01-09
913,201,5,4,2000-02-23
914,201,8,1,2000-05-19
915,201,7,5,2000-01-20
916,201,5,2,2000-06-17
917,202,14,4,2000-02-21
918,202,13,2,2000-05-24
919,202,10,5,2000-04-23
920,202,12,1,2000-03-15
921,202,4,3,2000-02-16
922,202,7,3,2000-03-16
923,202,3,5,2000-05-17
924,203,5,5,2000-05-25
925,203,4,4,2000-04-23
926,203,7,4,2000-03-14
927,203,9,5,2000-04-15
928,203,4,4,2000-05-06
929,204,12,3,2000-02-28
930,204,5,5,2000-06-07
931,204,4,5,2000-01-23
932,204,1,1,2000-03-30
933,204,10,4,2000-01-20
934,204,11,5,2000-04-19
935,205,8,3,2000-02-22
936,206,12,1,2000-06-02
937,206,14,4,2000-05-05
938,206,8,1,2000-05-09
939,206,6,5,2000-04-17
940,206,14,1,2000-02-22
941,206,9,4,2000-02-22
942,207,14,3,2000-01-16
943,207,3,4,2000-02-03
944,207,1,2,2000-02-23
486,108,3,5,2000-05-22
487,108,11,4,2000-06-10
488,108,7,2,2000-01-27
489,109,13,3,2000-03-21
490,109,12,1,2000-05-29
491,109,3,4,2000-04-01
492,109,8,5,2000-05-02
493,109,7,3,2000-04-28
494,109,3,3,2000-02-01
495,109,14,4,2000-05-20
496,109,8,4,2000-03-06
497,110,13,4,2000-01-29
498,110,10,5,2000-05-02
499,110,7,2,2000-02-24
500,110,9,4,2000-01-26
501,111,9,2,2000-04-28
502,111,2,4,2000-04-02
503,111,6,2,2000-03-16
504,111,4,3,2000-04-01
505,111,13,4,2000-06-07
506,112,10,5,2000-02-26
507,112,9,4,2000-04-04
508,112,12,2,2000-04-30
509,112,7,4,2000-01-21
510,112,9,3,2000-04-11
511,112,3,2,2000-05-15
512,113,10,4,2000-02-05
513,113,9,1,2000-01-24
514,113,10,1,2000-03-27
515,113,2,2,2000-06-28
516,114,13,3,2000-05-22
517,114,7,4,2000-05-17
518,114,14,4,2000-03-26
519,114,4,2,2000-01-08
520,114,14,5,2000-01-28
521,114,10,1,2000-05-26
522,114,13,2,2000-06-28
523,114,6,4,2000-02-11
524,115,12,2,2000-01-05
525,115,11,2,2000-01-16
526,115,14,3,2000-02-11
527,116,8,2,2000-06-27
528,116,7,1,2000-06-15
529,116,12,5,2000-05-07
530,117,13,4,2000-01-17
531,117,4,5,2000-01-16
532,118,4,4,2000-02-08
533,118,3,1,2000-01-13
534,118,10,5,2000-03-08
535,118,10,1,2000-03-23
536,118,1,2,2000-03-07
537,118,2,2,2000-06-26
538,118,13,3,2000-01-11
539,118,10,4,2000-01-02
540,119,3,2,2000-05-08
541,119,5,5,2000-01-01
542,120,2,1,2000-01-16
543,120,14,4,2000-05-07
544,121,14,4,2000-06-25
545,121,4,4,2000-05-27
546,121,1,4,2000-02-04
547,121,11,2,2000-05-29
548,121,5,2,2000-03-05
549,121,4,2,2000-03-08
550,121,11,1,2000-04-01
551,121,14,3,2000-02-16
552,122,1,3,2000-01-04
553,123,4,1,2000-01-04
554,123,11,1,2000-01-14
555,123,9,1,2000-01-23
556,123,11,5,2000-02-10
557,123,6,4,2000-05-21
558,124,2,3,2000-03-24
559,124,10,2,2000-02-14
560,124,4,2,2000-03-23
561,124,9,5,2000-05-15
562,124,13,5,2000-01-30
563,124,12,2,2000-01-22
564,124,10,1,2000-02-18
565,124,11,5,2000-06-20
566,125,8,5,2000-03-17
567,125,8,4,2000-03-13
568,125,8,3,2000-05-11
569,125,8,5,2000-03-02
570,125,13,1,2000-05-02
571,126,5,2,2000-02-05
572,126,8,5,2000-05-07
573,127,7,1,2000-05-19
574,127,10,3,2000-05-26
575,127,12,2,2000-04-06
576,127,6,5,2000-02-25
577,127,7,2,2000-01-13
578,127,13,3,2000-05-27
579,127,4,5,2000-06-11
580,127,3,4,2000-02-17
581,128,3,2,2000-03-23
582,128,12,3,2000-04-25
583,128,14,2,2000-04-24
584,129,2,2,2000-01-15
585,130,9,5,2000-01-24
586,130,1,2,2000-02-19
587,130,8,2,2000-04-18
588,130,7,4,2000-02-05
589,131,5,1,2000-05-02
590,131,9,3,2000-03-11
591,132,10,5,2000-03-30
592,132,6,5,2000-04-06
593,133,13,2,2000-04-09
594,134,13,1,2000-01-11
595,134,11,2,2000-04-19
596,134,4,1,2000-01-26
597,134,3,2,2000-06-06
598,135,7,1,2000-02-26
599,135,11,3,2000-06-15
600,135,2,4,2000-05-21
601,135,12,5,2000-02-16
602,135,7,3,2000-05-03
603,135,11,4,2000-06-17
604,136,3,5,2000-05-20
605,137,6,2,2000-03-30
606,137,13,3,2000-06-17
607,137,6,1,2000-03-31
608,137,11,2,2000-03-06
609,138,5,4,2000-01-27
610,138,5,4,2000-04-13
611,138,12,2,2000-04-18
612,138,4,1,2000-02-29
613,138,9,2,2000-03-22
614,138,14,4,2000-06-18
615,139,3,3,2000-06-12
616,139,13,4,2000-06-07
617,139,11,3,2000-02-11
618,139,14,2,2000-06-07
619,139,6,5,2000-03-22
620,140,4,4,2000-05-24
621,140,3,5,2000-03-25
622,140,7,2,2000-03-05
623,140,2,5,2000-05-26
624,140,11,4,2000-03-20
625,141,13,4,2000-06-07
626,141,4,1,2000-04-04
627,141,2,1,2000-04-21
628,141,2,5,2000-01-23
629,141,12,5,2000-04-26
630,142,9,3,2000-01-06
631,142,7,1,2000-02-28
632,142,11,4,2000-06-15
633,142,14,1,2000-01-17
634,142,2,5,2000-04-25
635,142,7,3,2000-03-27
636,143,2,3,2000-01-06
637,143,1,1,2000-06-28
638,143,6,5,2000-03-20
639,143,14,1,2000-01-02
640,143,6,3,2000-01-05
641,143,3,1,2000-05-28
642,144,11,3,2000-02-12
643,144,13,5,2000-02-06
644,144,12,3,2000-05-28
645,144,3,3,2000-01-12
646,144,12,3,2000-05-25
647,144,10,3,2000-03-22
648,145,4,4,2000-01-30
649,145,7,5,2000-03-14
650,145,7,3,2000-02-15
651,145,13,5,2000-06-06
652,146,4,3,2000-06-04
653,146,7,5,2000-04-19
654,146,1,2,2000-04-04
655,146,11,2,2000-03-17
656,146,1,5,2000-01-30
657,146,9,3,2000-01-04
658,146,10,1,2000-06-07
659,147,11,5,2000-01-25
660,147,14,5,2000-06-21
661,147,4,1,2000-03-07
662,148,13,4,2000-06-09
663,148,5,4,2000-04-08
664,148,2,1,2000-05-14
665,148,4,2,2000-02-03
666,148,7,4,2000-02-05
667,148,9,3,2000-03-22
668,148,2,5,2000-03-30
669,149,2,3,2000-06-04
670,149,14,3,2000-02-01
671,149,14,5,2000-04-16
672,149,9,3,2000-06-07
673,149,12,2,2000-03-14
674,150,8,5,2000-01-29
675,150,13,1,2000-06-07
1023,228,14,3,2000-01-09
1024,229,4,2,2000-05-19
1025,229,7,1,2000-03-11
1026,230,3,3,2000-01-08
1027,230,14,4,2000-01-01
1028,230,12,1,2000-01-20
1029,230,11,3,2000-04-30
1030,230,14,2,2000-01-02
1031,230,5,1,2000-04-14
1032,230,14,1,2000-04-04
1033,230,5,1,2000-01-09
1034,231,5,4,2000-03-03
1035,231,4,3,2000-06-08
1036,231,6,5,2000-01-25
1037,231,11,3,2000-04-29
1038,231,9,3,2000-03-29
1039,232,2,4,2000-01-13
1040,233,9,4,2000-03-28
1041,233,10,1,2000-02-14
1042,234,10,2,2000-05-25
1043,234,3,2,2000-04-24
1044,234,10,2,2000-02-09
1045,235,7,3,2000-01-26
1046,235,1,5,2000-03-08
1047,235,3,2,2000-03-27
1048,235,11,,2000-01-01
1049,235,13,4,2000-04-21
1050,235,7,2,2000-06-14
1051,235,12,2,2000-05-12
1052,235,1,3,2000-06-06
1053,236,9,5,2000-02-19
1054,237,4,1,2000-02-09
1055,238,8,5,2000-01-09
1056,238,2,,2000-03-17
1057,238,13,4,2000-04-25
1058,238,12,3,2000-04-09
1059,238,1,2,2000-06-14
1060,239,7,2,2000-03-28
1061,239,1,2,2000-02-25
1062,239,10,5,2000-06-19
1063,239,7,5,2000-01-26
1064,239,7,3,2000-02-17
1065,240,7,4,2000-02-26
1066,241,9,1,2000-02-17
1067,241,10,3,2000-04-09
1068,241,11,4,2000-01-13
1069,241,4,2,2000-03-25
1070,241,14,2,2000-04-03
1071,241,9,4,2000-04-20
1072,241,10,2,2000-01-18
1073,242,6,3,2000-06-07
1074,242,2,4,2000-05-29
1075,242,1,1,2000-04-03
1076,243,3,5,2000-06-05
1077,243,6,1,2000-06-24
1078,243,11,4,2000-06-16
1079,243,14,4,2000-05-23
1080,244,7,3,2000-03-03
1081,244,12,3,2000-04-17
1082,244,3,4,2000-02-03
1083,245,2,5,2000-05-11
1084,245,9,5,2000-05-21
1085,245,12,4,2000-01-20
1086,245,9,1,2000-03-31
1087,245,7,5,2000-06-23
1088,245,1,1,2000-06-02
1089,246,1,2,2000-04-12
1090,246,2,5,2000-04-18
1091,247,5,3,2000-01-28
1092,247,8,3,2000-04-16
1093,247,11,4,2000-02-28
1094,247,6,2,2000-03-31
1095,248,3,1,2000-03-25
1096,248,12,3,2000-02-12
1097,248,14,1,2000-05-01
1098,248,4,4,2000-02-11
1099,249,7,5,2000-03-18
1100,249,9,4,2000-06-22
1101,250,5,3,2000-03-19
1102,250,9,3,2000-01-14
1103,251,9,4,2000-02-27
1104,251,7,3,2000-01-19
1105,251,7,1,2000-04-02
1106,251,3,2,2000-06-15
1107,252,9,3,2000-01-09
1108,252,4,5,2000-03-03
1109,252,7,4,2000-06-06
1110,252,3,2,2000-03-26
1111,253,13,2,2000-03-16
1112,253,7,4,2000-01-09
1113,253,11,3,2000-03-22
1114,253,13,1,2000-03-10
1115,253,1,2,2000-01-08
1116,253,10,2,2000-04-18
1117,254,13,4,2000-06-25
1118,254,12,5,2000-04-23
1119,254,12,5,2000-02-27
1120,254,12,3,2000-03-27
1121,255,1,4,2000-05-05
1122,256,2,2,2000-04-25
1123,257,10,4,2000-03-02
1124,258,10,5,2000-03-28
1125,258,1,3,2000-03-13
1126,259,8,1,2000-01-01
1127,259,3,1,2000-04-10
1128,259,3,3,2000-02-11
1129,259,2,1,2000-03-23
1130,259,6,4,2000-05-20
1131,259,2,3,2000-04-14
1132,259,4,1,2000-06-18
1133,260,9,3,2000-04-02
1134,260,11,3,2000-05-14
1135,260,2,1,2000-04-02
1136,260,10,2,2000-01-07
1137,260,12,2,2000-02-01
1138,260,14,4,2000-01-13
1139,261,3,2,2000-04-09
1140,261,8,4,2000-02-04
1141,262,6,4,2000-06-11
1142,262,10,2,2000-02-14
1143,262,6,2,2000-06-11
1144,262,14,5,2000-05-14
1145,262,12,1,2000-05-20
1146,262,10,5,2000-03-02
1147,262,3,5,2000-01-31
1148,262,5,2,2000-04-28
1149,263,14,1,2000-06-23
1150,263,4,1,2000-06-04
1151,263,14,1,2000-05-16
1152,264,5,4,2000-03-19
1153,264,2,2,2000-01-10
1154,264,7,5,2000-05-05
1155,264,11,4,2000-01-02
1156,264,12,2,2000-05-03
1157,264,2,1,2000-03-31
1158,265,12,4,2000-01-16
1159,265,6,4,2000-01-04
1160,265,6,1,2000-02-15
1161,265,7,4,2000-01-03
1162,265,10,1,2000-04-04
1163,265,4,5,2000-03-19
1164,266,11,1,2000-01-11
1165,266,6,2,2000-03-14
1166,266,2,1,2000-06-21
1167,267,2,1,2000-04-30
1168,267,9,2,2000-01-24
1169,267,11,2,2000-03-12
1170,268,11,2,2000-06-01
1171,268,7,3,2000-02-17
1172,268,11,1,2000-03-11
1173,268,11,1,2000-03-15
1174,269,12,5,2000-05-24
1175,270,5,5,2000-03-20
1176,270,12,1,2000-02-22
1177,270,4,1,2000-02-02
1178,270,5,5,2000-06-21
1179,270,6,5,2000-06-26
1180,271,9,1,2000-02-15
1181,271,10,4,2000-06-14
1182,271,10,2,2000-02-19
1183,271,13,2,2000-01-13
1184,271,7,5,2000-04-09
1185,272,2,3,2000-02-03
1186,272,4,1,2000-03-10
1187,272,9,1,2000-04-13
1188,272,6,1,2000-01-28
1189,272,10,3,2000-06-01
1190,272,5,5,2000-05-13
1191,273,4,1,2000-01-22
1192,273,8,5,2000-03-28
1193,274,1,1,2000-05-05
1194,274,6,5,2000-01-29
1195,274,1,1,2000-05-28
1196,275,7,1,2000-03-03
1197,276,13,4,2000-04-16
1198,276,6,2,2000-06-21
1199,276,12,3,2000-03-12
1200,276,3,1,2000-02-27
1201,276,8,4,2000-02-12
1202,277,9,4,2000-03-12
1203,277,2,5,2000-02-23
1204,277,9,4,2000-03-12
1205,277,13,3,2000-06-27
1206,277,14,1,2000-01-07
1207,277,8,2,2000-06-05
1208,278,7,2,2000-05-10
1209,278,13,4,2000-02-20
1210,278,9,1,2000-02-07
1211,278,5,1,2000-05-20
1212,279,11,5,2000-04-23
1213,279,14,3,2000-03-18
1214,279,10,1,2000-05-20
1215,279,11,5,2000-02-03
1216,279,4,5,2000-03-09
1217,279,4,1,2000-01-28
1218,279,10,5,2000-06-08
1219,280,5,5,2000-03-04
1220,280,7,3,2000-02-28
1221,280,2,2,2000-06-14
1222,280,2,5,2000-02-19
1223,281,4,2,2000-05-19
1224,281,6,5,2000-03-02
1225,281,4,2,2000-06-10
1226,282,10,5,2000-03-21
1227,283,9,1,2000-06-23
1228,283,13,3,2000-05-18
1229,284,13,3,2000-02-25
1230,284,5,5,2000-05-27
1231,284,3,2,2000-03-22
1232,284,1,3,2000-02-13
1233,284,7,2,2000-02-16
1234,284,5,1,2000-03-21
1235,284,7,1,2000-04-27
1236,284,9,5,2000-01-19
1237,285,1,4,2000-04-03
1238,285,3,1,2000-02-01
1239,285,7,1,2000-04-28
1240,286,9,1,2000-02-24
1241,286,11,5,2000-05-08
1242,286,9,5,2000-01-28
1243,286,4,5,2000-02-07
1244,286,1,1,2000-06-26
1245,286,14,5,2000-06-07
1246,287,8,3,2000-01-23
1247,287,1,2,2000-02-03
1248,287,12,5,2000-01-27
1249,287,3,2,2000-04-06
1250,287,8,3,2000-06-23
1251,287,9,5,2000-04-06
1252,287,8,4,2000-01-12
1253,288,13,2,2000-03-25
1254,288,4,4,2000-02-25
1255,289,3,4,2000-04-02
1256,289,12,3,2000-03-16
1257,289,4,4,2000-01-01
1258,289,7,4,2000-02-12
1259,289,10,2,2000-03-26
1260,290,7,2,2000-02-15
1261,290,5,3,2000-04-10
1262,290,11,2,2000-03-20
1263,290,14,2,2000-05-11
1264,290,3,1,2000-02-13
1265,290,8,5,2000-04-10
1266,290,4,5,2000-02-24
1267,291,4,5,2000-02-10
1268,291,13,4,2000-06-04
1269,291,12,3,2000-01-24
1270,292,10,1,2000-05-17
1271,292,4,3,2000-06-16
1272,292,14,3,2000-03-28
1273,292,12,4,2000-01-23
1274,292,4,1,2000-06-16
1275,292,12,2,2000-02-28
1276,292,6,1,2000-03-27
1277,292,3,4,2000-03-14
1278,293,14,5,2000-06-05
1279,294,10,4,2000-02-19
1280,294,2,2,2000-05-23
1281,295,2,2,2000-03-19
1282,295,11,2,2000-06-24
1283,296,13,3,2000-02-10
1284,296,8,1,2000-05-06
1285,297,2,3,2000-04-02
1286,298,6,5,2000-05-27
1287,298,10,3,2000-04-07
1288,298,12,1,2000-04-04
1289,299,3,3,2000-03-17
1290,299,5,3,2000-03-23
1291,299,8,1,2000-03-03
1292,299,2,2,2000-05-03
1293,299,7,3,2000-01-22
1294,299,9,1,2000-04-10
1295,299,7,3,2000-02-16
1296,299,11,3,2000-03-07
1297,300,6,1,2000-05-12
1298,300,3,3,2000-06-01
1299,300,11,2,2000-05-23
1300,301,11,5,2000-03-28
1301,301,4,4,2000-02-09
1302,301,7,2,2000-04-30
1303,302,13,5,2000-03-20
1304,302,14,5,2000-06-15
1305,302,9,3,2000-02-05
1306,302,1,4,2000-05-14
1307,303,3,1,2000-04-14
1308,303,9,3,2000-02-08
1309,304,14,2,2000-06-14
1310,304,9,3,2000-03-14
1311,304,13,1,2000-05-27
1312,304,11,1,2000-06-26
1313,304,5,4,2000-03-21
1314,305,1,1,2000-05-29
1315,305,5,5,2000-03-11
1316,305,1,1,2000-01-05
1317,306,1,3,2000-03-02
1318,307,1,4,2000-01-16
1319,307,14,2,2000-04-30
1320,307,10,5,2000-04-30
1321,308,9,3,2000-04-16
1322,308,9,4,2000-01-20
1323,308,11,5,2000-06-24
1324,308,3,1,2000-06-09
1325,308,6,3,2000-04-05
1326,308,13,5,2000-05-12
1327,308,6,4,2000-02-09
1328,309,3,2,2000-03-06
1329,309,9,3,2000-06-11
1330,309,10,1,2000-04-07
1331,309,5,2,2000-01-11
1332,309,13,5,2000-02-09
1333,309,12,5,2000-03-22
1334,310,8,3,2000-01-20
1335,310,12,2,2000-04-15
1336,310,6,3,2000-03-28
1337,310,6,4,2000-04-17
1338,310,3,1,2000-06-12
1339,310,10,2,2000-05-25
1340,311,9,3,2000-02-14
1341,311,2,3,2000-01-15
1342,311,1,1,2000-06-24
1343,311,13,5,2000-02-24
1344,311,8,2,2000-01-11
1345,311,10,3,2000-05-06
1346,311,1,3,2000-01-05
1347,311,13,2,2000-06-13
1348,312,6,4,2000-02-16
1349,312,6,5,2000-03-30
1350,312,4,3,2000-05-12
1351,313,5,5,2000-03-07
1352,313,8,5,2000-01-13
1353,313,3,4,2000-06-18
1354,313,13,2,2000-02-19
1355,313,5,2,2000-01-26
1356,313,7,4,2000-04-29
1357,314,11,2,2000-01-16
1358,314,5,5,2000-03-05
1359,315,11,2,2000-06-14
1360,315,3,4,2000-05-02
1361,315,14,2,2000-05-04
1362,315,14,5,2000-03-16
1363,316,10,3,2000-04-11
1364,317,10,4,2000-05-21
1365,317,9,2,2000-05-17
1366,317,4,4,2000-04-20
1367,317,14,4,2000-03-14
1368,317,2,3,2000-02-12
1369,317,1,4,2000-01-07
1370,317,10,1,2000-05-19
945,207,1,1,2000-06-01
946,208,11,5,2000-06-08
947,208,5,5,2000-06-13
948,208,7,5,2000-04-21
949,208,8,4,2000-02-20
950,208,7,3,2000-02-06
951,209,7,4,2000-03-20
952,209,7,4,2000-05-07
953,209,4,2,2000-02-24
954,210,1,4,2000-04-24
955,210,12,3,2000-04-17
956,211,2,5,2000-03-21
957,212,12,4,2000-05-14
958,212,12,4,2000-02-24
959,213,6,1,2000-03-26
960,214,9,3,2000-04-14
961,214,7,5,2000-03-23
962,214,6,4,2000-05-08
963,214,2,4,2000-01-03
964,214,14,5,2000-04-08
965,214,2,5,2000-01-18
966,215,14,5,2000-03-02
967,215,10,4,2000-01-07
968,215,6,1,2000-04-19
969,216,10,1,2000-04-05
970,216,9,2,2000-06-13
971,216,1,3,2000-06-26
972,216,6,1,2000-03-27
973,217,9,3,2000-04-19
974,217,10,3,2000-05-23
975,217,9,5,2000-05-30
976,217,2,1,2000-06-03
977,217,13,5,2000-03-24
978,217,6,1,2000-06-07
979,218,6,2,2000-06-18
980,219,8,2,2000-03-30
981,219,11,1,2000-05-06
982,219,3,3,2000-06-15
983,220,14,2,2000-05-15
984,220,4,5,2000-05-27
985,220,14,1,2000-01-04
986,220,6,3,2000-02-18
987,220,3,3,2000-05-03
988,220,12,5,2000-01-30
989,220,14,5,2000-02-16
990,221,14,2,2000-02-24
991,221,1,2,2000-04-18
992,221,12,4,2000-01-30
993,221,2,4,2000-05-28
994,221,13,4,2000-02-05
995,222,7,3,2000-04-27
996,222,7,3,2000-06-01
997,222,13,4,2000-06-26
998,222,10,3,2000-05-04
999,222,14,5,2000-03-21
1000,223,10,5,2000-03-19
1001,223,12,3,2000-04-08
1002,223,1,5,2000-01-05
1003,224,5,2,2000-05-21
1004,224,8,1,2000-01-03
1005,224,1,1,2000-06-01
1006,224,10,1,2000-02-11
1007,224,10,3,2000-03-29
1008,224,12,5,2000-03-21
1009,224,11,1,2000-01-20
1010,225,13,4,2000-03-19
1011,225,14,3,2000-06-22
1012,225,11,4,2000-02-24
1013,225,1,5,2000-04-11
1014,226,5,4,2000-06-10
1015,226,12,3,2000-04-10
1016,227,2,1,2000-04-12
1017,227,9,5,2000-06-19
1018,227,12,5,2000-05-30
1019,227,6,3,2000-06-21
1020,227,4,1,2000-03-27
1021,227,2,2,2000-02-01
1022,227,1,3,2000-03-04
1,10000,3,1,2000-01-10
2,10000,2,2,2000-01-12
3,10000,14,4,2000-06-27
4,10000,2,4,2000-05-09
5,10000,3,2,2000-02-26
6,10000,8,1,2000-03-26
7,2,2,3,2000-03-20
8,2,14,3,2000-05-04
9,2,10,4,2000-03-09
10,3,10,1,2000-06-06
11,3,7,5,2000-01-01
12,3,11,2,2000-02-23
13,4,4,5,2000-05-07
14,4,13,3,2000-02-08
15,4,2,3,2000-03-13
16,4,10,2,2000-01-09
17,4,2,1,2000-05-29
18,4,7,1,2000-06-19
19,4,13,5,2000-04-24
20,5,12,2,2000-06-28
21,5,10,2,2000-02-03
22,5,11,1,2000-04-15
23,5,2,1,2000-05-10
24,5,2,4,2000-03-20
25,5,6,5,2000-01-26
26,5,3,3,2000-03-04
27,6,2,3,2000-02-26
28,6,4,3,2000-06-27
29,6,11,4,2000-01-30
30,6,2,4,2000-03-07
31,6,3,4,2000-05-08
32,7,10,3,2000-04-02
33,7,13,1,2000-01-28
34,7,11,5,2000-05-27
35,7,12,5,2000-06-21
36,7,2,4,2000-04-10
37,7,12,4,2000-03-06
38,7,9,5,2000-06-20
39,8,3,4,2000-01-05
40,8,7,4,2000-02-19
41,8,5,3,2000-03-29
42,8,9,3,2000-06-21
43,9,9,3,2000-03-03
44,9,10,2,2000-06-04
45,9,2,4,2000-05-18
46,9,6,2,2000-06-28
47,9,1,5,2000-01-17
48,10,13,2,2000-01-18
49,10,11,1,2000-02-16
50,10,13,1,2000-06-12
51,10,3,4,2000-01-10
52,10,13,2,2000-04-08
53,10,10,2,2000-04-16
54,10,12,5,2000-03-25
55,10,13,2,2000-01-05
56,11,8,1,2000-03-15
57,11,13,1,2000-05-30
58,12,14,3,2000-02-01
59,12,11,4,2000-06-14
60,12,3,5,2000-01-29
61,13,2,3,2000-03-03
62,13,8,4,2000-06-09
63,13,14,1,2000-01-31
64,13,13,4,2000-03-02
65,14,1,2,2000-05-04
66,14,3,3,2000-06-06
67,14,1,4,2000-01-16
68,14,11,1,2000-03-07
69,14,11,1,2000-06-26
70,14,13,2,2000-01-01
71,14,12,5,2000-01-31
72,14,1,2,2000-01-05
73,15,11,2,2000-02-27
74,15,5,4,2000-02-12
75,15,11,2,2000-04-23
76,15,1,2,2000-01-01
77,15,12,3,2000-01-12
78,15,11,1,2000-04-26
79,15,2,1,2000-04-17
80,15,2,3,2000-05-31
81,16,5,3,2000-02-04
82,16,11,4,2000-03-23
83,16,3,1,2000-05-08
84,16,9,5,2000-06-12
85,16,7,4,2000-01-01
86,16,7,5,2000-01-09
87,16,14,2,2000-01-30
88,16,11,2,2000-03-15
89,17,9,3,2000-05-21
90,18,8,2,2000-05-28
91,18,3,1,2000-02-25
92,19,10,1,2000-04-15
93,19,12,4,2000-03-11
94,19,1,4,2000-03-02
95,19,13,5,2000-03-25
96,19,1,2,2000-03-16
97,19,3,2,2000-05-02
98,20,9,5,2000-02-04
99,20,9,5,2000-04-03
100,21,3,5,2000-05-06
101,21,6,2,2000-03-06
102,21,2,4,2000-03-21
103,21,2,3,2000-03-04
104,21,1,1,2000-02-09
105,21,3,4,2000-05-06
106,22,14,5,2000-05-14
107,22,4,2,2000-03-14
108,22,8,3,2000-03-01
109,22,13,1,2000-01-06
110,23,12,4,2000-02-13
111,23,14,5,2000-05-16
112,23,11,1,2000-02-27
113,23,4,5,2000-01-28
114,23,6,4,2000-01-16
115,23,4,4,2000-03-22
116,24,6,2,2000-01-23
117,24,14,4,2000-06-27
118,24,10,3,2000-01-11
119,24,5,5,2000-02-05
120,25,13,1,2000-04-16
121,25,5,5,2000-01-17
122,25,1,3,2000-04-22
123,25,5,4,2000-03-28
124,25,2,5,2000-01-23
125,25,14,1,2000-06-04
126,26,10,1,2000-03-26
127,26,11,5,2000-05-17
128,26,4,4,2000-03-09
129,26,7,4,2000-04-27
130,26,7,1,2000-02-23
131,27,5,4,2000-02-19
132,27,8,1,2000-04-13
133,27,14,1,2000-06-20
134,28,3,2,2000-03-20
135,29,13,3,2000-05-05
136,29,1,4,2000-03-06
137,29,7,3,2000-03-27
138,29,11,3,2000-04-16
139,30,9,1,2000-04-20
140,30,9,5,2000-03-18
141,30,7,2,2000-06-07
142,31,9,5,2000-05-08
143,31,12,5,2000-04-06
144,31,13,4,2000-02-15
145,31,8,1,2000-02-02
146,31,7,2,2000-06-03
147,31,5,4,2000-06-27
148,31,14,2,2000-05-03
149,31,6,3,2000-03-11
150,32,12,1,2000-04-11
151,32,7,3,2000-05-27
152,32,10,5,2000-02-21
153,32,5,4,2000-06-01
154,32,5,4,2000-06-24
155,32,8,2,2000-05-29
156,32,9,3,2000-04-10
157,32,7,1,2000-01-21
158,33,13,4,2000-06-06
159,33,12,2,2000-03-02
160,33,13,3,2000-04-10
161,33,2,3,2000-04-27
162,33,12,1,2000-02-24
163,33,4,2,2000-02-21
164,33,12,5,2000-03-24
165,34,12,1,2000-03-26
166,34,8,5,2000-03-24
167,34,12,3,2000-06-22
168,34,7,5,2000-01-28
169,34,7,5,2000-04-04
170,34,8,1,2000-06-23
171,34,3,5,2000-04-13
172,35,14,5,2000-05-24
173,35,12,2,2000-04-16
174,36,14,3,2000-05-23
175,36,6,3,2000-01-10
176,36,11,2,2000-01-16
177,37,9,3,2000-05-29
178,37,13,4,2000-03-17
179,37,9,4,2000-06-19
180,37,4,3,2000-04-06
181,38,12,2,2000-02-25
182,38,12,3,2000-06-21
183,38,6,1,2000-03-07
184,38,1,1,2000-01-09
185,38,10,3,2000-02-01
186,38,14,2,2000-03-04
187,38,5,1,2000-01-23
188,39,10,4,2000-04-25
189,39,13,2,2000-02-14
190,39,7,1,2000-06-19
191,39,8,1,2000-04-24
192,39,1,5,2000-06-26
193,39,9,1,2000-02-14
194,40,3,2,2000-06-10
195,41,2,2,2000-03-03
196,41,11,5,2000-02-22
197,41,4,1,2000-06-13
198,41,12,1,2000-02-26
199,41,5,2,2000-04-12
200,42,6,4,2000-03-28
201,42,6,3,2000-05-07
202,42,3,4,2000-01-27
203,42,12,2,2000-01-03
204,42,4,1,2000-06-15
205,42,12,1,2000-06-10
206,43,2,3,2000-01-14
207,43,9,3,2000-04-09
208,43,9,1,2000-06-20
209,44,11,1,2000-01-31
210,44,10,2,2000-01-02
211,44,11,2,2000-05-28
212,44,3,4,2000-01-15
213,45,14,3,2000-01-22
214,45,2,5,2000-06-21
215,45,8,4,2000-05-27
216,45,9,5,2000-04-23
217,46,9,5,2000-02-09
218,46,4,2,2000-02-28
219,46,11,1,2000-04-03
220,46,4,3,2000-01-12
221,46,11,3,2000-01-25
222,47,2,1,2000-06-17
223,47,4,2,2000-02-09
224,47,7,3,2000-03-14
225,47,6,1,2000-04-01
226,48,8,2,2000-03-01
227,49,7,5,2000-01-31
228,49,7,4,2000-03-17
229,49,7,4,2000-04-04
230,49,6,2,2000-01-24
231,50,5,4,2000-04-08
232,50,9,1,2000-03-24
233,50,3,4,2000-06-15
234,50,4,3,2000-03-26
235,50,13,3,2000-01-08
236,50,7,3,2000-02-10
237,50,12,2,2000-02-25
238,51,14,5,2000-06-20
239,51,5,4,2000-03-19
240,51,8,2,2000-05-05
241,51,12,1,2000-05-21
242,51,14,1,2000-03-17
243,51,10,4,2000-01-04
244,51,2,1,2000-01-31
245,52,1,1,2000-03-21
246,53,2,3,2000-04-20
247,53,2,5,2000-05-21
248,53,12,4,2000-06-27
249,53,13,1,2000-01-23
250,53,9,5,2000-04-03
251,53,13,4,2000-04-14
252,53,1,2,2000-03-29
253,54,9,5,2000-03-16
254,54,12,2,2000-06-13
255,55,7,2,2000-05-25
256,55,12,3,2000-02-18
257,55,14,2,2000-01-07
258,56,6,2,2000-03-26
259,56,12,5,2000-03-01
260,56,13,1,2000-05-04
261,56,4,1,2000-05-28
262,56,5,4,2000-03-08
263,57,13,5,2000-04-16
264,58,10,2,2000-03-13
265,58,12,3,2000-01-17
266,58,13,2,2000-03-08
267,59,5,3,2000-01-28
268,59,2,4,2000-01-15
269,59,12,2,2000-01-17
270,59,8,1,2000-04-28
271,59,5,4,2000-02-11
272,59,11,5,2000-06-05
273,59,7,1,2000-05-20
274,60,11,1,2000-01-08
275,60,10,3,2000-05-26
276,60,5,2,2000-01-19
277,60,3,4,2000-02-05
278,61,2,5,2000-02-23
279,61,11,,2000-04-04
280,61,4,4,2000-02-21
281,61,3,3,2000-01-11
282,61,11,3,2000-04-27
283,61,12,1,2000-02-15
284,61,7,4,2000-04-03
285,61,12,3,2000-03-30
286,62,14,5,2000-05-18
287,62,13,1,2000-02-16
288,62,4,3,2000-05-09
289,62,8,4,2000-06-17
290,62,11,,2000-05-10
291,62,5,1,2000-03-01
292,62,12,2,2000-03-10
293,63,2,3,2000-04-17
294,63,11,4,2000-05-30
295,63,6,5,2000-01-06
296,63,7,4,2000-05-24
297,64,8,3,2000-01-24
298,64,8,1,2000-03-04
299,64,7,2,2000-02-14
300,65,4,1,2000-05-28
301,65,11,1,2000-02-21
302,65,10,4,2000-02-15
303,65,8,2,2000-04-20
304,65,3,4,2000-05-07
305,66,14,3,2000-05-19
306,66,13,5,2000-05-29
307,66,13,5,2000-03-11
308,66,4,1,2000-04-25
309,66,12,3,2000-04-05
310,67,14,2,2000-05-09
311,67,2,4,2000-06-16
312,67,3,1,2000-06-07
313,68,11,4,2000-02-08
314,68,6,2,2000-04-04
315,68,1,1,2000-06-05
316,68,4,1,2000-05-07
317,68,9,3,2000-04-07
318,69,4,4,2000-02-11
319,69,1,4,2000-04-11
320,69,7,2,2000-04-17
321,69,8,4,2000-05-30
322,69,5,1,2000-01-16
323,69,2,3,2000-04-06
324,70,9,4,2000-02-11
325,70,4,2,2000-06-09
326,70,4,4,2000-04-24
327,70,6,2,2000-05-28
328,70,13,3,2000-03-10
329,70,8,4,2000-06-24
330,70,14,1,2000-06-26
331,71,6,1,2000-04-18
332,71,7,2,2000-05-14
333,71,4,3,2000-05-05
334,71,13,4,2000-04-21
335,71,12,4,2000-03-13
336,71,14,1,2000-02-01
337,71,6,3,2000-06-09
338,72,13,2,2000-02-27
339,72,3,1,2000-05-25
340,72,11,5,2000-06-28
341,72,10,4,2000-06-09
342,72,2,1,2000-06-13
343,72,12,2,2000-04-08
344,73,1,1,2000-02-29
345,73,14,3,2000-05-20
346,73,8,2,2000-06-27
347,73,7,3,2000-01-29
348,73,4,4,2000-04-13
349,73,1,5,2000-03-29
350,73,14,5,2000-05-31
351,74,11,2,2000-06-03
352,75,13,2,2000-03-24
353,75,3,5,2000-06-05
354,76,4,4,2000-01-26
355,76,11,5,2000-02-05
356,76,9,3,2000-03-16
357,76,14,5,2000-01-04
358,76,13,3,2000-02-09
359,76,6,5,2000-04-15
360,77,7,3,2000-01-11
361,78,5,1,2000-04-17
362,78,3,5,2000-06-17
363,78,12,1,2000-06-09
364,78,4,3,2000-01-15
365,78,12,5,2000-06-09
366,78,4,4,2000-03-28
367,78,5,3,2000-04-08
368,79,2,3,2000-06-13
369,79,8,2,2000-05-21
370,79,7,2,2000-04-24
371,79,3,4,2000-01-07
372,79,1,3,2000-05-29
373,79,9,4,2000-06-22
374,79,8,5,2000-02-12
375,80,11,4,2000-04-08
376,80,13,4,2000-03-15
377,80,5,1,2000-06-24
378,80,4,1,2000-01-03
379,80,3,5,2000-02-13
380,80,10,5,2000-04-14
381,80,1,1,2000-01-09
382,81,7,3,2000-06-28
383,81,12,3,2000-03-15
384,82,6,5,2000-04-13
385,82,13,2,2000-05-05
386,82,14,4,2000-01-09
387,82,13,5,2000-03-26
388,82,9,4,2000-04-16
389,83,9,3,2000-04-10
390,83,3,2,2000-03-05
391,84,2,3,2000-04-12
392,84,8,2,2000-06-19
393,84,14,4,2000-06-21
394,84,1,3,2000-06-18
395,84,10,5,2000-02-01
396,84,12,5,2000-01-04
397,85,11,2,2000-02-06
398,85,13,4,2000-03-10
399,85,12,4,2000-01-28
400,85,4,2,2000-02-22
401,85,8,4,2000-04-22
402,85,8,5,2000-03-25
403,85,7,5,2000-06-13
404,85,3,4,2000-02-18
405,86,13,5,2000-05-08
406,86,13,3,2000-03-08
407,87,14,4,2000-05-16
408,88,9,1,2000-01-18
409,88,7,4,2000-01-05
410,88,14,4,2000-04-20
411,88,11,3,2000-04-22
412,88,8,1,2000-01-27
413,88,1,5,2000-04-30
414,89,2,4,2000-06-09
415,89,11,4,2000-04-28
416,89,13,4,2000-06-09
417,89,12,5,2000-03-30
418,90,14,1,2000-04-05
419,91,8,3,2000-03-15
420,92,9,4,2000-05-31
421,93,2,3,2000-03-05
422,93,13,5,2000-01-29
423,93,11,1,2000-04-27
424,94,4,2,2000-03-08
425,94,1,4,2000-01-09
426,94,8,2,2000-05-26
427,94,4,5,2000-06-13
428,95,12,1,2000-05-07
429,95,11,3,2000-05-11
430,95,2,5,2000-05-05
431,95,4,4,2000-03-22
432,95,14,1,2000-03-07
433,95,7,5,2000-01-16
434,96,10,1,2000-01-16
435,97,13,5,2000-02-02
436,98,1,1,2000-06-06
437,98,13,4,2000-03-08
438,98,10,3,2000-03-03
439,98,4,5,2000-04-23
440,98,2,2,2000-04-10
441,98,10,1,2000-02-03
442,98,7,1,2000-06-10
443,98,9,3,2000-02-07
444,99,7,4,2000-04-25
445,99,6,5,2000-04-17
446,99,14,5,2000-04-13
451,101,13,2,2000-06-20
452,101,8,2,2000-05-08
453,101,1,2,2000-04-05
454,101,7,1,2000-01-09
455,102,8,3,2000-03-07
456,102,11,1,2000-06-04
457,102,10,4,2000-06-05
458,102,7,5,2000-03-22
459,102,3,1,2000-06-19
460,102,7,4,2000-02-14
461,102,5,4,2000-03-01
462,102,5,1,2000-04-20
464,104,7,4,2000-06-11
465,104,5,4,2000-03-05
466,104,14,5,2000-03-04
467,104,11,5,2000-03-25
468,105,7,2,2000-05-01
469,105,3,2,2000-03-19
470,105,13,3,2000-03-31
471,105,4,5,2000-02-18
472,105,12,1,2000-01-31
473,105,13,3,2000-05-08
474,105,14,5,2000-01-08
475,105,13,5,2000-02-20
476,106,13,2,2000-03-11
477,106,1,1,2000-05-28
478,106,6,2,2000-06-10
479,106,14,5,2000-04-10
480,106,11,1,2000-03-28
481,106,8,5,2000-02-15
482,106,13,5,2000-01-13
483,106,5,1,2000-06-12
484,107,12,2,2000-02-08
485,107,2,2,2000-03-22
2985,683,5,5,2000-02-06
2986,683,1,2,2000-03-11
2987,683,9,3,2000-01-11
2988,683,6,1,2000-05-09
2989,684,4,2,2000-03-26
2990,684,3,4,2000-05-27
2991,684,4,5,2000-03-19
2992,684,8,2,2000-01-06
2993,684,1,5,2000-03-29
2994,685,10,4,2000-03-29
2995,685,12,1,2000-03-08
2996,685,7,4,2000-04-28
2997,685,13,1,2000-05-14
2998,685,6,5,2000-03-10
2999,685,11,1,2000-01-07
3000,685,3,5,2000-04-11
3001,685,12,1,2000-04-02
3002,686,2,2,2000-06-02
3003,687,10,3,2000-06-24
3004,687,1,4,2000-02-11
3005,687,14,1,2000-04-25
3006,687,1,2,2000-01-19
3007,687,5,5,2000-05-10
3008,688,5,4,2000-04-18
3009,688,1,3,2000-06-19
3010,688,5,1,2000-04-11
3011,688,6,2,2000-06-07
3012,689,4,3,2000-03-13
3013,689,14,5,2000-04-09
3014,689,10,5,2000-06-27
3015,689,14,5,2000-04-24
3016,689,13,2,2000-05-21
3017,689,11,3,2000-05-16
3018,689,5,4,2000-02-13
3019,690,1,2,2000-01-08
3020,690,10,2,2000-03-20
3021,691,13,2,2000-02-23
3022,691,3,2,2000-01-23
3023,691,14,1,2000-03-09
3024,691,3,2,2000-04-25
3025,691,9,3,2000-01-31
3026,692,10,4,2000-06-01
3027,692,2,4,2000-04-07
3028,692,1,2,2000-05-24
3029,692,11,2,2000-02-23
3030,692,2,5,2000-05-27
3031,692,7,3,2000-02-09
3032,692,13,1,2000-04-18
3033,693,1,2,2000-05-05
3034,693,9,2,2000-06-06
3035,694,2,2,2000-02-26
3036,695,6,4,2000-05-14
3037,695,11,4,2000-06-22
3038,695,3,2,2000-02-13
3039,695,7,5,2000-06-04
3040,695,4,2,2000-05-25
3041,695,12,3,2000-02-14
3042,695,5,5,2000-05-18
3043,696,11,2,2000-03-19
3044,696,12,5,2000-06-02
3045,697,10,3,2000-01-02
3046,697,11,1,2000-02-10
3047,697,13,3,2000-05-16
3048,697,1,1,2000-05-13
3049,698,6,4,2000-02-12
3050,698,14,4,2000-05-09
3051,698,14,5,2000-06-28
3052,699,10,4,2000-02-21
3053,699,12,2,2000-06-12
3054,699,3,1,2000-03-29
3055,699,11,3,2000-01-03
3056,699,14,1,2000-05-02
3057,699,5,2,2000-06-04
3058,699,13,4,2000-05-11
3059,699,3,5,2000-04-01
3060,700,7,2,2000-06-10
3061,700,10,1,2000-03-14
3062,700,4,3,2000-01-17
3063,700,6,2,2000-05-28
3064,700,11,1,2000-06-17
3065,701,9,4,2000-02-29
3066,702,13,2,2000-01-07
3067,702,10,1,2000-06-08
3068,702,3,4,2000-01-25
3069,703,12,3,2000-01-12
3070,703,13,1,2000-02-17
3071,703,2,5,2000-03-31
3072,703,8,4,2000-06-18
3073,703,6,3,2000-02-12
3074,704,5,5,2000-05-23
3075,704,13,4,2000-01-02
3076,704,7,2,2000-05-22
3077,704,3,3,2000-06-06
3078,704,1,5,2000-04-01
3079,704,5,3,2000-01-07
3080,704,12,3,2000-01-21
3081,704,12,5,2000-06-17
3082,705,9,4,2000-01-22
3083,706,4,2,2000-05-24
3084,706,8,5,2000-03-30
3085,706,12,4,2000-06-23
3086,707,14,3,2000-01-04
3087,707,8,5,2000-02-14
3088,707,10,4,2000-04-11
3089,707,1,5,2000-01-09
3090,707,7,5,2000-03-11
3091,707,7,3,2000-06-16
3092,707,6,5,2000-01-22
3093,708,1,3,2000-03-04
3094,708,10,4,2000-03-22
3095,708,2,1,2000-03-27
3096,708,6,2,2000-04-17
3097,708,2,1,2000-06-20
3098,708,3,1,2000-06-16
3099,709,7,3,2000-01-04
3100,709,4,3,2000-06-07
3101,709,14,5,2000-05-08
3102,709,2,3,2000-06-18
3103,709,3,1,2000-06-06
3104,709,6,2,2000-01-03
3105,709,3,5,2000-03-12
3106,710,8,2,2000-06-20
3107,710,9,3,2000-03-22
3108,710,4,5,2000-03-06
3109,710,3,1,2000-02-25
3110,710,7,1,2000-03-30
3111,710,13,2,2000-01-31
3112,710,3,4,2000-02-19
3113,711,9,3,2000-01-28
3114,711,13,3,2000-05-28
3115,712,2,5,2000-05-10
3116,712,1,2,2000-02-22
3117,712,4,2,2000-06-07
3118,712,13,1,2000-04-27
3119,712,2,3,2000-01-24
3120,713,9,4,2000-03-16
3121,714,5,4,2000-05-09
3122,714,6,3,2000-04-29
3123,714,7,3,2000-03-06
3124,715,4,4,2000-01-19
3125,715,11,5,2000-04-30
3126,716,4,5,2000-03-27
3127,716,10,4,2000-03-24
3128,716,6,3,2000-05-26
3129,716,14,4,2000-01-22
3130,716,3,3,2000-02-09
3131,716,5,5,2000-03-17
3132,716,4,5,2000-03-15
3133,717,8,4,2000-03-24
3134,717,7,1,2000-06-06
3135,717,7,1,2000-03-03
3136,717,5,5,2000-05-16
3137,718,10,4,2000-05-12
3138,718,14,4,2000-01-19
3139,719,12,2,2000-04-02
3140,719,12,4,2000-02-04
3141,719,6,4,2000-05-12
3142,719,9,3,2000-02-04
3143,719,3,5,2000-03-31
3144,719,4,1,2000-05-28
3145,719,9,3,2000-02-05
3146,719,10,4,2000-02-22
3147,720,5,2,2000-03-16
3148,720,8,5,2000-05-27
3149,720,2,5,2000-05-28
3150,720,10,4,2000-01-27
3151,720,3,5,2000-06-02
3152,720,6,2,2000-01-13
3153,720,3,4,2000-03-09
3154,721,13,3,2000-06-22
3155,721,10,1,2000-02-15
3156,721,6,4,2000-06-18
3157,721,8,2,2000-01-30
3158,721,13,3,2000-01-15
3159,721,8,2,2000-05-01
3160,721,8,4,2000-01-08
3161,721,11,3,2000-03-15
3162,722,9,2,2000-04-27
3163,722,2,5,2000-02-06
3164,722,2,1,2000-01-23
3165,723,8,5,2000-04-21
3166,723,14,2,2000-03-29
3167,723,1,1,2000-03-18
3168,723,10,4,2000-04-18
3169,723,1,3,2000-05-17
3170,724,6,5,2000-05-07
3171,725,1,2,2000-05-30
3172,726,5,3,2000-02-29
3173,726,2,1,2000-06-02
3174,726,3,5,2000-06-13
3175,726,3,4,2000-01-04
3176,726,5,1,2000-04-07
3177,726,10,1,2000-03-15
3178,727,5,2,2000-01-10
3179,727,1,2,2000-06-17
3180,727,8,2,2000-02-05
3181,727,11,1,2000-05-13
3182,727,11,4,2000-01-18
3183,727,6,2,2000-05-13
3184,727,14,1,2000-01-08
3185,727,11,5,2000-01-12
3186,728,1,3,2000-02-20
3187,728,7,3,2000-06-15
3188,728,13,4,2000-01-30
3189,728,5,1,2000-06-13
3190,728,3,4,2000-03-29
3191,728,14,5,2000-05-02
3192,728,7,1,2000-06-13
3193,728,12,1,2000-03-15
3194,729,11,1,2000-01-09
3195,729,3,1,2000-06-02
3196,729,8,2,2000-03-03
3197,729,5,4,2000-02-16
3198,729,8,4,2000-01-07
3199,730,1,2,2000-05-19
3200,731,10,4,2000-05-01
3201,731,9,1,2000-04-01
3202,731,7,1,2000-05-21
3203,731,11,2,2000-06-19
3204,731,7,5,2000-02-22
3205,732,1,5,2000-04-18
3206,732,14,3,2000-02-26
3207,732,9,1,2000-03-03
3208,732,12,1,2000-03-18
3209,732,4,3,2000-01-25
3210,732,7,2,2000-05-09
3211,733,7,3,2000-05-08
3212,733,14,1,2000-03-30
3213,734,9,5,2000-03-03
3214,735,1,1,2000-06-15
3215,735,1,4,2000-02-19
3216,736,6,5,2000-04-13
3217,736,9,4,2000-02-23
3218,736,12,1,2000-02-03
3219,736,9,2,2000-04-18
3220,736,4,3,2000-05-18
3221,736,3,2,2000-02-15
3222,736,2,2,2000-02-19
3223,736,6,1,2000-05-01
3224,737,3,2,2000-02-19
3225,737,9,2,2000-05-12
3226,737,14,4,2000-02-26
3227,738,10,4,2000-02-14
3228,738,1,1,2000-03-10
3229,738,1,5,2000-02-10
3230,738,3,3,2000-04-19
3231,738,7,3,2000-02-01
3232,738,6,1,2000-05-25
3233,739,2,3,2000-04-04
3234,739,8,5,2000-06-22
3235,739,1,5,2000-02-16
3236,739,7,5,2000-01-11
3237,739,2,5,2000-02-08
3238,739,13,5,2000-03-06
3239,740,6,4,2000-05-13
3240,740,2,5,2000-05-04
3241,740,2,2,2000-05-13
3242,740,8,1,2000-06-26
3243,740,12,1,2000-04-14
3244,740,8,2,2000-05-12
3245,741,14,5,2000-01-20
3246,742,1,5,2000-06-05
3247,742,7,1,2000-01-11
3248,742,12,2,2000-04-18
3249,742,3,1,2000-01-26
3250,743,12,5,2000-05-29
3251,743,11,4,2000-03-14
3252,743,12,2,2000-02-06
3253,743,4,3,2000-05-21
3254,743,7,3,2000-02-28
3255,743,3,4,2000-03-27
3256,744,10,3,2000-02-02
3257,744,7,1,2000-06-27
3258,744,10,1,2000-03-18
3259,744,1,2,2000-04-30
3260,744,6,3,2000-03-26
3261,745,5,5,2000-01-23
3262,745,11,1,2000-01-20
3263,745,3,2,2000-04-11
3264,745,2,3,2000-04-08
3265,746,6,5,2000-06-06
3266,746,14,2,2000-03-15
3267,746,4,5,2000-01-16
3268,747,1,3,2000-01-07
3269,747,9,5,2000-01-30
3270,747,8,5,2000-03-08
3271,747,4,4,2000-01-21
3272,748,7,2,2000-05-08
3273,748,4,5,2000-04-17
3274,748,1,5,2000-04-20
3275,748,12,5,2000-05-16
3276,748,12,1,2000-06-08
3277,748,9,2,2000-02-18
3278,749,1,5,2000-01-03
3279,749,12,3,2000-06-01
3280,749,2,1,2000-05-17
3281,749,5,3,2000-01-31
3282,749,12,1,2000-06-17
3283,749,13,4,2000-03-01
3284,749,6,5,2000-03-05
3285,750,14,3,2000-03-09
3286,750,5,2,2000-06-04
3287,751,13,4,2000-04-15
3288,751,3,2,2000-06-07
3289,751,3,4,2000-05-28
3290,751,1,4,2000-03-21
3291,752,3,2,2000-05-21
3292,752,14,5,2000-05-27
3293,752,2,3,2000-02-29
3294,752,11,3,2000-02-19
3295,752,7,5,2000-01-03
3296,752,11,5,2000-01-23
3297,753,9,1,2000-01-24
3298,754,12,5,2000-06-11
3299,754,12,3,2000-04-23
3300,754,1,3,2000-01-21
3301,754,6,4,2000-02-08
3302,755,5,5,2000-06-25
3303,755,13,1,2000-01-02
3304,755,6,5,2000-01-20
3305,755,8,5,2000-01-18
3306,755,12,4,2000-03-24
3307,755,13,3,2000-06-02
3308,756,14,3,2000-06-06
3309,756,4,2,2000-05-30
3310,756,2,1,2000-02-16
3311,756,7,4,2000-04-06
3312,757,12,5,2000-03-13
3313,757,1,3,2000-03-23
3314,758,10,4,2000-05-24
3315,758,6,5,2000-02-22
3316,758,11,3,2000-04-17
3317,759,14,5,2000-01-31
3318,759,12,2,2000-03-19
3319,759,10,5,2000-01-18
3320,760,11,5,2000-05-28
3321,760,1,5,2000-06-08
3322,760,14,2,2000-04-01
3323,760,14,1,2000-04-25
3324,760,9,1,2000-04-13
3325,760,8,4,2000-06-25
3326,760,10,5,2000-05-03
3327,761,12,3,2000-05-12
3328,761,12,2,2000-03-28
3329,762,10,3,2000-03-10
3330,762,7,5,2000-05-20
3331,762,8,4,2000-06-24
3332,762,6,5,2000-04-20
3333,762,11,5,2000-03-09
3334,762,11,5,2000-01-26
3335,763,9,5,2000-04-20
3336,763,14,1,2000-05-02
3337,763,7,1,2000-04-29
3338,763,11,3,2000-03-21
3339,763,11,4,2000-06-04
3340,764,5,1,2000-04-13
3341,764,9,2,2000-04-13
3342,764,4,4,2000-03-01
3343,764,1,2,2000-01-30
3344,764,10,2,2000-04-10
3345,764,11,2,2000-04-20
3346,764,8,4,2000-02-28
3347,765,12,2,2000-01-11
3348,765,9,5,2000-05-08
3349,765,3,5,2000-04-11
3350,765,5,3,2000-06-13
3351,766,5,1,2000-05-20
3352,766,6,3,2000-05-02
3353,766,10,2,2000-05-31
3354,766,3,5,2000-05-29
3355,766,14,5,2000-05-04
3356,766,3,5,2000-05-31
3357,767,7,5,2000-06-24
3358,767,4,1,2000-05-10
3359,767,5,3,2000-01-16
3360,767,10,3,2000-02-21
3361,767,6,4,2000-02-15
3362,768,10,4,2000-06-22
3363,768,5,5,2000-01-20
3364,768,10,4,2000-02-27
3365,768,5,3,2000-06-19
3366,769,6,5,2000-01-28
3367,769,7,1,2000-05-15
3368,769,8,5,2000-03-19
3369,769,1,1,2000-05-08
3370,769,1,5,2000-04-13
3371,770,12,3,2000-02-04
3372,770,11,4,2000-05-29
3373,770,7,1,2000-01-05
3374,770,11,5,2000-05-24
3375,771,12,5,2000-06-10
3376,771,10,4,2000-06-26
3377,771,1,5,2000-05-15
3378,772,7,1,2000-06-20
3379,772,8,2,2000-02-25
3380,772,9,2,2000-06-23
3381,773,9,5,2000-02-08
3382,773,8,3,2000-04-02
3383,773,2,5,2000-01-05
3384,773,9,2,2000-02-25
3385,773,7,2,2000-03-08
3386,773,13,5,2000-05-04
3387,774,9,3,2000-05-18
3388,774,2,1,2000-05-03
3389,774,12,1,2000-06-27
3390,774,12,2,2000-04-22
3391,774,3,3,2000-04-10
3392,774,12,5,2000-06-04
3393,775,12,4,2000-06-03
3394,775,13,4,2000-06-20
3395,776,7,2,2000-06-10
3396,776,7,5,2000-03-25
3397,776,13,1,2000-03-22
3398,777,9,2,2000-04-22
3399,777,11,3,2000-06-09
3400,777,9,3,2000-04-17
3401,777,8,1,2000-05-03
3402,777,13,4,2000-06-16
3403,777,1,3,2000-04-19
3404,777,13,1,2000-03-16
3405,777,9,2,2000-03-30
3406,778,13,5,2000-01-10
3407,778,4,1,2000-01-10
3408,778,11,3,2000-01-25
3409,778,6,1,2000-04-02
3410,778,9,5,2000-05-10
3411,778,1,5,2000-04-19
3412,779,11,2,2000-01-15
3413,779,13,5,2000-01-12
3414,779,5,3,2000-05-16
3415,779,12,4,2000-06-06
3416,779,4,2,2000-05-17
3417,779,1,5,2000-02-03
3418,779,3,1,2000-03-27
3419,780,5,3,2000-01-19
3420,780,1,2,2000-01-20
3421,780,8,2,2000-03-24
3422,781,11,1,2000-03-19
3423,781,11,4,2000-05-22
3424,781,10,3,2000-02-19
3425,781,10,2,2000-05-30
3426,781,6,1,2000-05-28
3427,781,10,4,2000-01-20
3428,781,3,3,2000-05-13
3429,781,13,5,2000-05-09
3430,782,4,4,2000-04-01
3431,782,1,5,2000-01-27
3432,783,3,1,2000-04-14
3433,783,13,5,2000-01-08
3434,783,10,5,2000-04-29
3435,783,11,2,2000-02-22
3436,784,2,2,2000-01-15
3437,784,13,5,2000-01-09
3438,784,5,1,2000-02-23
3439,784,6,1,2000-01-16
3440,784,12,3,2000-01-29
3441,784,7,1,2000-01-07
3442,785,12,1,2000-02-17
3443,785,14,3,2000-03-16
3444,785,9,2,2000-02-07
3445,786,6,4,2000-02-24
3446,786,9,2,2000-04-01
3447,786,7,1,2000-01-01
3448,786,11,5,2000-02-28
3449,786,3,1,2000-06-26
3450,787,9,3,2000-04-23
3451,788,14,4,2000-02-25
3452,789,7,4,2000-01-16
3453,789,2,4,2000-04-15
3454,789,6,1,2000-01-07
3455,789,8,5,2000-04-10
3456,789,11,5,2000-02-20
3457,789,11,2,2000-03-03
3458,789,6,1,2000-02-12
3459,790,4,5,2000-03-11
3460,790,2,4,2000-02-20
3461,790,10,2,2000-05-29
3462,790,8,5,2000-01-16
3463,791,4,5,2000-02-17
3464,791,9,4,2000-06-28
3465,791,12,3,2000-02-15
3466,791,7,1,2000-01-05
3467,792,3,5,2000-05-25
3468,792,3,5,2000-04-01
3469,792,14,5,2000-04-03
3470,793,14,4,2000-04-15
3471,793,3,3,2000-04-17
3472,793,9,4,2000-06-13
3473,793,6,3,2000-06-26
3474,793,13,3,2000-05-17
3475,793,11,3,2000-01-17
3476,793,1,1,2000-06-23
3477,794,4,2,2000-03-13
3478,794,14,3,2000-06-21
3479,794,6,2,2000-05-11
3480,794,7,1,2000-03-23
3481,794,7,3,2000-04-02
3482,794,14,2,2000-05-02
3483,794,9,2,2000-03-13
3484,795,11,1,2000-04-05
3485,795,8,4,2000-02-29
3486,795,3,1,2000-01-25
3487,795,12,4,2000-05-20
3488,795,1,4,2000-03-01
3489,796,7,5,2000-01-12
3490,796,12,2,2000-03-16
3491,796,12,3,2000-02-22
3492,796,11,5,2000-05-03
3493,797,3,2,2000-01-23
3494,797,8,1,2000-06-19
3495,797,11,4,2000-04-23
3496,798,11,3,2000-04-30
3497,798,14,3,2000-05-25
3498,799,2,1,2000-02-27
3499,799,11,4,2000-01-20
3500,799,2,1,2000-03-03
3501,799,3,1,2000-03-31
3502,800,5,4,2000-05-22
3503,800,13,5,2000-02-28
3504,801,8,4,2000-06-23
3505,801,3,2,2000-04-08
3506,801,2,2,2000-06-27
3507,801,14,5,2000-06-04
3508,802,1,4,2000-03-19
3509,802,14,2,2000-01-15
3510,802,1,5,2000-04-22
3511,803,2,2,2000-01-05
3512,803,1,3,2000-05-31
3513,803,3,3,2000-03-31
3514,803,14,3,2000-02-10
3515,803,9,2,2000-05-19
3516,803,4,2,2000-02-27
3517,803,12,2,2000-03-18
3518,803,11,5,2000-02-18
3519,804,6,4,2000-04-02
3520,804,13,3,2000-04-18
3521,804,6,2,2000-02-01
3522,805,5,5,2000-02-03
1371,317,6,2,2000-02-13
1372,318,11,5,2000-04-16
1373,318,14,4,2000-02-29
1374,318,10,1,2000-04-20
1375,318,12,4,2000-03-07
1376,318,14,1,2000-01-12
1377,319,14,4,2000-06-01
1378,319,8,2,2000-04-26
1379,319,8,3,2000-04-08
1380,319,5,4,2000-01-19
1381,319,11,1,2000-05-23
1382,319,2,4,2000-05-08
1383,319,11,1,2000-05-16
1384,319,3,3,2000-01-25
1385,320,8,3,2000-06-16
1386,320,5,1,2000-01-20
1387,320,14,2,2000-01-04
1388,320,13,5,2000-05-11
1389,321,7,5,2000-06-02
1390,321,7,1,2000-04-25
1391,321,6,5,2000-05-28
1392,321,3,2,2000-03-26
1393,322,11,2,2000-02-15
1394,322,14,4,2000-01-19
1395,322,9,5,2000-05-19
1396,322,12,3,2000-03-03
1397,323,1,2,2000-03-04
1398,323,13,5,2000-01-07
1399,323,14,5,2000-04-13
1400,323,13,4,2000-03-19
1401,323,13,4,2000-02-10
1402,323,7,4,2000-05-23
1403,324,13,3,2000-03-29
1404,324,9,4,2000-02-08
1405,324,1,4,2000-06-04
1406,324,3,1,2000-02-07
1407,324,7,2,2000-05-21
1408,324,11,3,2000-05-18
1409,324,11,4,2000-01-06
1410,324,10,4,2000-03-02
1411,325,1,2,2000-06-20
1412,325,2,3,2000-05-04
1413,325,2,2,2000-02-27
1414,325,2,2,2000-02-21
1415,326,3,4,2000-04-12
1416,326,6,3,2000-03-29
1417,326,1,1,2000-01-06
1418,326,10,5,2000-06-03
1419,326,7,3,2000-02-01
1420,327,9,1,2000-05-22
1421,327,1,5,2000-05-01
1422,327,1,3,2000-04-23
1423,327,7,2,2000-04-04
1424,328,4,3,2000-04-18
1425,328,14,5,2000-02-16
1426,328,12,2,2000-05-20
1427,328,2,1,2000-01-08
1428,328,6,2,2000-04-02
1429,328,1,1,2000-05-01
1430,328,6,2,2000-04-12
1431,328,7,1,2000-03-16
1432,329,7,3,2000-04-10
1433,329,2,1,2000-06-10
1434,329,11,2,2000-03-31
1435,330,5,2,2000-04-12
1436,330,4,1,2000-01-06
1437,330,8,1,2000-04-27
1438,331,2,5,2000-03-24
1439,331,2,4,2000-03-27
1440,331,6,5,2000-04-21
1441,331,8,1,2000-06-15
1442,331,12,5,2000-03-04
1443,332,6,3,2000-05-01
1444,332,7,2,2000-04-20
1445,332,6,5,2000-03-15
1446,332,3,3,2000-01-12
1447,332,7,4,2000-02-07
1448,332,11,1,2000-06-22
1449,332,4,3,2000-05-12
1450,332,10,3,2000-05-29
1451,333,11,3,2000-04-10
1452,333,1,1,2000-03-28
1453,334,11,3,2000-01-27
1454,334,13,1,2000-02-05
1455,334,13,1,2000-05-15
1456,334,9,4,2000-04-22
1457,334,5,4,2000-06-06
1458,335,10,1,2000-02-11
1459,335,7,1,2000-04-18
1460,335,14,5,2000-03-07
1461,335,12,2,2000-03-25
1462,335,2,5,2000-05-11
1463,335,4,2,2000-06-08
1464,336,7,5,2000-02-21
1465,336,7,5,2000-05-22
1466,336,10,4,2000-03-30
1467,336,9,2,2000-06-05
1468,337,1,2,2000-06-12
1469,337,4,4,2000-03-18
1470,337,6,1,2000-06-14
1471,337,13,1,2000-03-31
1472,337,7,1,2000-05-21
1473,338,10,1,2000-05-09
1474,338,10,2,2000-03-28
1475,338,7,5,2000-01-26
1476,338,13,5,2000-06-16
1477,339,2,2,2000-05-02
1478,339,6,2,2000-06-25
1479,339,4,5,2000-05-05
1480,340,2,1,2000-04-12
1481,340,3,4,2000-04-08
1482,340,2,4,2000-03-17
1483,340,11,5,2000-04-02
1484,340,1,2,2000-03-16
1485,340,4,4,2000-04-24
1486,340,13,4,2000-01-08
1487,340,5,5,2000-03-12
1488,341,11,5,2000-05-26
1489,341,4,5,2000-05-24
1490,341,3,5,2000-05-23
1491,341,2,2,2000-04-15
1492,341,6,5,2000-03-17
1493,341,10,1,2000-05-09
1494,341,10,2,2000-03-07
1495,342,2,5,2000-04-16
1496,342,9,4,2000-03-28
1497,342,7,3,2000-05-01
1498,342,7,4,2000-03-24
1499,342,10,3,2000-02-04
1500,342,13,1,2000-05-03
1501,343,12,1,2000-05-04
1502,343,3,5,2000-06-18
1503,343,2,1,2000-01-10
1504,343,5,3,2000-01-25
1505,343,3,2,2000-01-21
1506,343,7,3,2000-01-24
1507,343,13,4,2000-05-02
1508,343,10,5,2000-01-23
1509,344,1,5,2000-01-02
1510,344,8,3,2000-02-21
1511,344,12,3,2000-05-06
1512,344,11,4,2000-04-07
1513,344,3,1,2000-06-25
1514,345,7,1,2000-01-20
1515,345,13,4,2000-05-19
1516,345,3,5,2000-01-25
1517,345,3,2,2000-02-18
1518,346,14,1,2000-05-04
1519,346,13,2,2000-03-26
1520,346,4,4,2000-01-23
1521,346,4,5,2000-02-15
1522,347,6,3,2000-03-16
1523,347,8,5,2000-01-03
1524,348,7,1,2000-04-28
1525,348,9,1,2000-05-04
1526,348,12,4,2000-04-27
1527,348,7,3,2000-05-17
1528,348,4,4,2000-02-13
1529,348,5,4,2000-02-28
1530,349,8,4,2000-01-30
1531,350,10,4,2000-05-08
1532,350,3,2,2000-01-24
1533,350,14,1,2000-05-06
1534,350,6,1,2000-05-09
1535,350,5,2,2000-03-26
1536,351,5,3,2000-02-12
1537,351,3,5,2000-02-29
1538,351,2,5,2000-02-16
1539,351,7,2,2000-04-01
1540,351,9,3,2000-01-31
1541,351,5,1,2000-04-06
1542,352,13,5,2000-04-13
1543,352,9,3,2000-04-08
1544,352,8,4,2000-02-25
1545,352,4,2,2000-04-12
1546,352,13,4,2000-03-19
1547,352,1,4,2000-03-26
1548,353,12,4,2000-01-26
1549,353,10,1,2000-06-18
1550,353,14,4,2000-03-31
1551,353,7,2,2000-01-25
1552,353,9,5,2000-02-11
1553,353,10,1,2000-06-20
1554,353,11,1,2000-04-17
1555,353,9,5,2000-05-23
1556,354,14,4,2000-04-01
1557,354,5,2,2000-06-12
1558,354,14,3,2000-01-15
1559,354,7,1,2000-02-22
1560,354,3,1,2000-05-31
1561,354,9,1,2000-04-05
1562,354,9,3,2000-03-19
1563,354,11,4,2000-06-28
1564,355,10,3,2000-06-23
1565,355,13,2,2000-03-28
1566,355,6,3,2000-02-18
1567,355,10,4,2000-02-12
1568,356,7,4,2000-03-04
1569,356,13,5,2000-01-20
1570,356,12,5,2000-03-15
1571,357,5,1,2000-05-10
1572,357,13,4,2000-03-22
1573,357,9,1,2000-04-30
1574,357,10,4,2000-05-17
1575,357,5,5,2000-01-31
1576,357,4,5,2000-04-02
1577,358,12,5,2000-06-06
1578,358,10,2,2000-01-07
1579,358,4,2,2000-01-23
1580,358,10,1,2000-06-10
1581,358,14,3,2000-02-27
1582,359,12,3,2000-04-29
1583,359,13,1,2000-05-03
1584,359,8,1,2000-04-02
1585,359,4,2,2000-01-26
1586,360,4,3,2000-03-16
1587,360,8,4,2000-05-13
1588,360,12,5,2000-06-03
1589,360,12,4,2000-01-29
1590,360,12,2,2000-03-29
1591,361,1,3,2000-05-05
1592,362,7,3,2000-05-17
1593,362,9,3,2000-01-19
1594,362,13,1,2000-02-04
1595,362,10,1,2000-01-04
1596,362,13,2,2000-06-10
1597,362,8,4,2000-05-31
1598,362,12,4,2000-03-22
1599,363,11,3,2000-06-22
1600,364,12,1,2000-03-25
1601,364,7,5,2000-05-03
1602,364,5,2,2000-05-09
1603,364,9,3,2000-03-02
1604,364,12,1,2000-06-01
1605,364,1,5,2000-01-16
1606,365,9,5,2000-01-17
1607,365,13,5,2000-02-01
1608,365,8,5,2000-06-26
1609,365,6,1,2000-03-22
1610,365,12,2,2000-04-19
1611,365,2,3,2000-04-23
1612,365,9,5,2000-05-26
1613,365,3,2,2000-05-28
1614,366,10,3,2000-02-04
1615,366,14,1,2000-04-11
1616,366,2,5,2000-01-07
1617,366,6,5,2000-04-14
1618,366,7,3,2000-04-07
1619,367,3,3,2000-04-05
1620,367,14,3,2000-01-06
1621,367,6,2,2000-03-31
1622,367,5,4,2000-01-06
1623,367,13,2,2000-01-26
1624,368,7,4,2000-05-07
1625,368,5,5,2000-06-04
1626,368,1,5,2000-03-19
1627,368,12,1,2000-01-22
1628,369,14,4,2000-04-08
1629,369,12,3,2000-03-01
1630,369,4,2,2000-06-17
1631,369,1,4,2000-03-17
1632,369,12,2,2000-02-16
1633,370,10,4,2000-05-29
1634,370,2,1,2000-06-08
1635,370,6,3,2000-02-11
1636,370,10,1,2000-04-29
1637,371,5,2,2000-05-09
1638,371,6,2,2000-01-23
1639,371,3,1,2000-05-22
1640,371,7,5,2000-05-19
1641,372,5,3,2000-06-09
1642,372,9,4,2000-06-19
1643,372,2,5,2000-02-22
1644,373,13,3,2000-02-14
1645,373,1,3,2000-04-29
1646,374,4,2,2000-06-14
1647,374,6,1,2000-03-05
1648,374,1,5,2000-04-16
1649,374,14,1,2000-04-07
1650,375,3,3,2000-02-09
1651,375,9,4,2000-05-14
1652,375,7,1,2000-05-29
1653,375,7,4,2000-02-16
1654,375,1,2,2000-02-05
1655,375,4,5,2000-03-17
1656,375,5,3,2000-04-10
1657,375,2,2,2000-04-28
1658,376,3,3,2000-02-12
1659,376,8,2,2000-01-09
1660,377,13,3,2000-03-31
1661,377,10,2,2000-02-20
1662,377,10,5,2000-02-11
1663,377,10,2,2000-04-01
1664,377,9,4,2000-01-19
1665,377,11,1,2000-05-30
1666,378,13,5,2000-02-02
1667,379,12,4,2000-02-02
1668,379,9,5,2000-04-29
1669,379,3,1,2000-05-20
1670,379,3,4,2000-05-19
1671,379,3,2,2000-06-09
1672,379,5,2,2000-01-22
1673,379,12,3,2000-05-21
1674,379,13,3,2000-06-12
1675,380,9,1,2000-05-24
1676,380,10,5,2000-04-04
1677,380,4,1,2000-05-20
1678,381,1,3,2000-04-03
1679,381,2,5,2000-05-20
1680,381,14,3,2000-04-27
1681,381,13,3,2000-05-26
1682,381,6,1,2000-02-17
1683,381,4,2,2000-06-06
1684,381,2,3,2000-03-29
1685,381,13,3,2000-01-04
1686,382,6,1,2000-05-23
1687,382,12,5,2000-06-28
1688,383,13,3,2000-03-15
1689,383,14,4,2000-03-01
1690,383,6,4,2000-05-14
1691,383,13,2,2000-06-17
1692,383,13,4,2000-02-27
1693,383,2,1,2000-05-20
1694,383,9,5,2000-04-29
1695,384,12,2,2000-02-17
1696,384,8,2,2000-01-16
1697,384,8,3,2000-03-28
1698,385,9,1,2000-03-26
1699,385,10,1,2000-06-03
1700,385,14,1,2000-01-12
1701,385,4,5,2000-05-12
1702,386,5,5,2000-02-17
1703,386,4,1,2000-06-26
1704,386,14,5,2000-03-25
1705,387,1,1,2000-05-14
1706,387,11,1,2000-03-18
1707,387,3,4,2000-02-11
1708,387,6,2,2000-06-11
1709,387,4,1,2000-06-11
1710,387,4,4,2000-03-28
1711,387,5,2,2000-05-04
1712,387,11,1,2000-03-15
1713,388,5,2,2000-05-05
1714,388,7,1,2000-01-13
1715,388,12,5,2000-02-18
1716,389,8,4,2000-05-08
1717,390,10,1,2000-04-24
1718,390,8,3,2000-06-23
1719,390,1,2,2000-06-18
1720,390,13,,2000-04-13
1721,390,7,2,2000-05-18
1722,390,1,2,2000-02-05
1723,390,11,4,2000-02-25
1724,390,14,4,2000-03-27
1725,391,14,2,2000-05-03
1726,391,3,3,2000-03-14
1727,391,3,1,2000-06-05
1728,391,13,2,2000-06-28
1729,392,1,3,2000-01-18
1730,392,1,2,2000-02-05
1731,392,9,5,2000-05-27
1732,392,5,1,2000-04-08
1733,393,11,5,2000-02-28
1734,393,2,4,2000-01-27
1735,394,1,1,2000-02-13
1736,394,1,1,2000-03-26
1737,394,4,2,2000-03-14
1738,394,10,2,2000-04-07
1739,395,4,3,2000-01-10
1740,395,6,1,2000-04-21
1741,395,12,5,2000-04-05
1742,395,4,3,2000-01-28
1743,395,10,1,2000-01-19
1744,395,14,3,2000-05-15
1745,395,8,2,2000-01-05
1746,395,11,1,2000-04-21
1747,396,12,2,2000-02-04
1748,396,14,2,2000-04-25
1749,396,2,5,2000-02-11
1750,396,5,5,2000-02-04
1751,397,10,4,2000-06-26
1752,397,8,4,2000-04-08
1753,397,14,4,2000-06-01
1754,397,13,3,2000-06-10
1755,397,8,3,2000-01-14
1756,397,6,2,2000-03-21
1757,397,12,1,2000-04-22
1758,398,1,3,2000-03-20
1759,398,14,3,2000-04-27
1760,398,5,5,2000-02-28
1761,399,6,5,2000-03-29
1762,400,8,4,2000-03-07
1763,401,3,1,2000-04-02
1764,401,7,2,2000-02-11
1765,401,10,5,2000-04-08
1766,401,11,1,2000-02-26
1767,401,1,2,2000-03-21
1768,401,10,4,2000-06-27
1769,401,4,5,2000-03-14
1770,402,2,1,2000-02-29
1771,402,2,3,2000-01-24
1772,402,14,5,2000-05-31
1773,403,3,1,2000-06-12
1774,404,4,1,2000-04-29
1775,404,10,5,2000-01-29
1776,404,6,4,2000-02-19
1777,404,3,1,2000-01-21
1778,405,8,1,2000-03-24
1779,406,5,5,2000-05-20
1780,406,5,4,2000-06-07
1781,406,7,3,2000-02-02
1782,407,8,5,2000-02-16
1783,407,10,5,2000-03-29
1784,407,7,5,2000-01-05
1785,407,10,4,2000-03-26
1786,407,13,3,2000-02-11
1787,407,2,5,2000-04-09
1788,407,3,3,2000-04-20
1789,408,1,2,2000-06-25
1790,408,12,1,2000-04-15
1791,408,1,4,2000-01-14
1792,408,8,2,2000-02-18
1793,408,14,4,2000-01-05
1794,409,5,1,2000-04-14
1795,409,4,3,2000-02-21
1796,410,11,3,2000-05-04
1797,410,14,2,2000-04-30
1798,411,2,5,2000-06-23
1799,411,4,3,2000-01-07
1800,411,13,5,2000-01-14
1801,411,13,2,2000-03-15
1802,411,10,5,2000-06-24
1803,411,10,1,2000-05-07
1804,411,8,1,2000-05-05
1805,411,6,2,2000-01-11
1806,412,2,4,2000-01-02
1807,412,1,4,2000-01-24
1808,412,4,1,2000-02-18
1809,412,5,2,2000-05-29
1810,412,14,4,2000-05-12
1811,412,2,4,2000-01-14
1812,413,6,5,2000-03-28
1813,413,1,3,2000-01-26
1814,413,6,5,2000-02-23
1815,413,2,1,2000-03-24
1816,413,2,5,2000-06-16
1817,413,6,4,2000-04-10
1818,413,13,4,2000-04-28
1819,413,6,4,2000-03-17
1820,414,4,5,2000-03-02
1821,414,5,4,2000-06-12
1822,414,8,1,2000-03-28
1823,414,2,4,2000-05-13
1824,415,1,2,2000-05-09
1825,416,3,2,2000-04-09
1826,417,7,2,2000-06-28
1827,417,1,3,2000-03-07
1828,417,14,2,2000-06-23
1829,417,9,3,2000-02-11
1830,417,12,4,2000-04-28
1831,417,6,3,2000-01-16
1832,417,12,3,2000-06-25
1833,417,14,4,2000-01-18
1834,418,7,2,2000-05-11
1835,418,7,1,2000-03-19
1836,418,3,5,2000-02-19
1837,418,10,2,2000-05-19
1838,419,2,4,2000-06-27
1839,419,7,2,2000-03-22
1840,419,3,5,2000-05-11
1841,419,2,2,2000-04-07
1842,419,7,3,2000-01-27
1843,420,1,2,2000-01-01
1844,420,5,2,2000-06-21
1845,420,9,2,2000-01-05
1846,420,14,4,2000-05-16
1847,420,10,5,2000-04-10
1848,420,5,3,2000-03-07
1849,421,4,3,2000-01-08
1850,421,6,3,2000-05-11
1851,421,14,4,2000-05-22
1852,421,5,3,2000-06-17
1853,421,7,5,2000-02-29
1854,422,4,2,2000-04-21
1855,423,4,1,2000-03-12
1856,423,6,1,2000-02-19
1857,424,11,1,2000-03-20
1858,424,2,2,2000-03-08
1859,424,9,4,2000-06-07
1860,424,9,1,2000-04-07
1861,424,12,2,2000-01-04
1862,424,9,1,2000-02-14
1863,424,7,3,2000-02-28
1864,424,6,5,2000-02-02
1865,425,7,1,2000-01-28
1866,425,9,4,2000-06-16
1867,425,3,2,2000-03-01
1868,426,13,3,2000-04-19
1869,426,4,1,2000-04-19
1870,426,4,5,2000-02-16
1871,427,12,4,2000-05-04
1872,427,13,3,2000-03-06
1873,427,11,4,2000-01-22
1874,427,4,4,2000-06-25
1875,427,2,5,2000-03-09
1876,427,14,3,2000-02-19
1877,427,6,4,2000-01-04
1878,428,3,5,2000-03-18
1879,428,11,1,2000-01-11
1880,428,14,4,2000-04-27
1881,428,13,1,2000-06-05
1882,428,10,1,2000-01-11
1883,429,13,2,2000-01-22
1884,429,11,2,2000-04-28
1885,429,5,2,2000-06-16
1886,429,11,3,2000-02-21
1887,430,5,3,2000-06-15
1888,430,12,3,2000-02-13
1889,430,6,3,2000-04-16
1890,430,12,2,2000-01-08
1891,431,14,5,2000-05-29
1892,431,1,3,2000-03-04
1893,431,4,1,2000-01-20
1894,431,1,5,2000-06-17
1895,431,9,3,2000-01-18
1896,432,4,2,2000-03-01
1897,432,9,1,2000-02-20
1898,432,2,1,2000-06-24
1899,432,2,5,2000-05-30
1900,432,11,1,2000-05-03
1901,432,10,2,2000-06-05
1902,433,6,4,2000-02-17
1903,433,12,1,2000-04-09
1904,433,12,5,2000-04-13
1905,434,14,4,2000-06-23
1906,434,1,4,2000-01-21
1907,435,9,2,2000-06-13
1908,435,9,4,2000-05-29
1909,435,10,2,2000-04-12
1910,435,3,3,2000-03-16
1911,435,8,3,2000-06-08
1912,435,13,2,2000-02-24
1913,435,6,2,2000-01-02
1914,435,9,3,2000-03-03
1915,436,4,5,2000-02-20
1916,436,11,2,2000-05-11
1917,437,11,3,2000-01-29
1918,437,8,3,2000-04-20
1919,438,7,4,2000-03-04
1920,438,14,3,2000-04-23
1921,438,12,1,2000-03-13
1922,438,3,3,2000-06-11
1923,438,9,1,2000-01-24
1924,439,11,3,2000-05-21
1925,439,1,4,2000-05-28
1926,440,10,1,2000-02-13
1927,441,2,2,2000-03-14
1928,441,5,1,2000-02-27
1929,441,6,4,2000-02-06
1930,441,9,3,2000-03-05
1931,441,7,5,2000-05-15
1932,441,9,2,2000-03-21
1933,441,7,3,2000-04-27
1934,441,6,5,2000-02-25
1935,442,6,2,2000-06-06
1936,442,3,2,2000-03-25
1937,443,13,2,2000-01-01
1938,443,1,1,2000-06-25
1939,443,9,1,2000-02-07
1940,443,6,2,2000-04-01
1941,443,7,2,2000-03-09
1942,443,3,1,2000-01-31
1943,443,7,4,2000-04-21
1944,443,8,1,2000-01-07
1945,444,9,2,2000-03-20
1946,444,1,4,2000-03-08
1947,444,13,2,2000-04-05
1948,444,14,1,2000-02-26
1949,445,13,3,2000-02-12
1950,445,14,2,2000-04-11
1951,445,1,4,2000-06-01
1952,445,8,5,2000-01-26
1953,445,5,3,2000-05-23
1954,446,9,3,2000-03-20
1955,446,14,3,2000-04-11
1956,446,13,3,2000-05-04
1957,446,1,2,2000-05-17
1958,446,9,2,2000-01-06
1959,447,3,3,2000-06-10
1960,447,10,3,2000-02-05
1961,447,2,3,2000-04-30
1962,448,2,5,2000-04-26
1963,448,13,5,2000-02-21
1964,448,14,1,2000-05-21
1965,448,1,3,2000-05-23
1966,448,12,1,2000-04-03
1967,448,14,3,2000-04-27
1968,448,1,5,2000-06-03
1969,448,12,2,2000-04-27
1970,449,13,1,2000-04-19
1971,449,11,4,2000-05-13
1972,449,1,2,2000-04-22
1973,449,6,4,2000-03-20
1974,449,13,5,2000-03-20
1975,449,10,4,2000-03-25
1976,449,4,1,2000-05-21
1977,450,12,3,2000-01-29
1978,450,1,3,2000-06-27
1979,450,3,3,2000-04-04
1980,450,6,2,2000-04-05
1981,450,2,5,2000-01-26
1982,451,4,5,2000-06-15
1983,451,5,3,2000-05-09
1984,451,3,3,2000-02-05
1985,452,1,2,2000-02-09
1986,453,10,5,2000-05-08
1987,453,3,2,2000-05-28
1988,453,5,3,2000-03-06
1989,453,7,1,2000-05-21
1990,454,8,4,2000-03-25
1991,454,9,5,2000-06-01
1992,454,12,5,2000-02-15
1993,454,11,1,2000-03-17
1994,454,11,3,2000-03-27
1995,454,3,1,2000-01-06
1996,455,12,5,2000-04-10
1997,455,6,5,2000-06-15
1998,455,7,1,2000-05-31
1999,456,8,2,2000-01-02
2000,456,5,3,2000-02-16
2001,457,12,2,2000-06-04
2002,457,9,1,2000-04-17
2003,457,13,3,2000-06-11
2004,457,10,3,2000-06-19
2005,458,13,5,2000-06-27
2006,458,9,4,2000-02-29
2007,459,6,2,2000-02-20
2008,459,6,3,2000-05-01
2009,460,12,3,2000-01-31
2010,460,8,1,2000-01-24
2011,460,7,2,2000-02-23
2012,460,2,3,2000-03-23
2013,460,4,2,2000-04-21
2014,460,13,4,2000-02-25
2015,461,3,4,2000-03-15
2016,462,11,2,2000-06-11
2017,462,3,4,2000-04-20
2018,462,10,3,2000-03-07
2019,462,12,5,2000-03-28
2020,462,4,3,2000-04-10
2021,462,4,2,2000-01-04
2022,462,9,2,2000-01-14
2023,463,4,5,2000-02-01
2024,463,1,3,2000-06-21
2025,463,11,5,2000-02-12
2026,463,3,1,2000-04-15
2027,463,10,2,2000-06-24
2028,463,5,3,2000-04-10
2029,463,7,2,2000-03-16
2030,463,10,1,2000-01-10
2031,464,1,2,2000-02-09
2032,465,9,2,2000-06-08
2033,465,11,3,2000-01-17
2034,465,4,4,2000-01-24
2035,465,10,2,2000-06-21
2036,466,5,1,2000-05-08
2037,466,10,5,2000-04-07
2038,466,10,5,2000-02-18
2039,467,5,3,2000-04-08
2040,467,14,3,2000-01-06
2041,467,5,1,2000-04-02
2042,467,6,1,2000-05-25
2043,468,10,2,2000-02-21
2044,468,3,5,2000-01-22
2045,468,1,5,2000-02-04
2046,468,13,3,2000-01-29
2047,468,5,5,2000-04-03
2048,468,14,4,2000-01-16
2049,468,14,4,2000-03-22
2050,468,3,2,2000-04-22
2051,469,3,4,2000-01-02
2052,469,6,4,2000-03-25
2053,469,9,5,2000-06-03
2054,469,14,3,2000-05-03
2055,469,3,5,2000-03-20
2056,469,8,1,2000-01-01
2057,469,11,5,2000-06-10
2058,470,6,5,2000-05-17
2059,470,7,2,2000-03-28
2060,470,12,5,2000-04-07
2061,470,1,4,2000-03-16
2062,471,3,4,2000-05-17
2063,471,5,2,2000-05-03
2064,471,14,1,2000-04-28
2065,472,9,2,2000-02-27
2066,472,4,5,2000-06-21
2067,472,1,1,2000-01-13
2068,472,1,3,2000-04-16
2069,472,13,5,2000-06-04
2070,472,9,2,2000-06-28
2071,473,4,2,2000-03-12
2072,473,8,2,2000-03-10
2073,473,7,5,2000-02-09
2074,473,11,3,2000-01-20
2075,473,2,3,2000-02-24
2076,473,4,5,2000-03-31
2077,473,14,3,2000-01-24
2078,473,4,4,2000-05-13
2079,474,3,4,2000-05-18
2080,474,6,3,2000-02-17
2081,474,8,4,2000-05-09
2082,474,6,2,2000-02-18
2083,474,10,3,2000-05-15
2084,475,7,3,2000-05-16
2085,475,5,2,2000-06-21
2086,475,11,1,2000-03-24
2087,475,14,2,2000-06-02
2088,475,7,2,2000-02-17
2089,475,5,1,2000-02-06
2090,475,11,5,2000-06-08
2091,475,13,4,2000-03-02
2092,476,14,4,2000-02-08
2093,476,11,3,2000-05-30
2094,477,1,2,2000-03-13
2095,477,4,3,2000-06-22
2096,477,12,5,2000-02-06
2097,478,11,1,2000-01-07
2098,478,7,2,2000-03-16
2099,478,9,4,2000-02-21
2100,478,14,1,2000-05-10
2101,479,4,5,2000-01-01
2102,479,12,4,2000-04-18
2103,479,7,4,2000-04-19
2104,479,2,5,2000-03-27
2105,479,13,1,2000-03-05
2106,480,5,4,2000-02-06
2107,480,14,4,2000-04-11
2108,480,2,3,2000-04-07
2109,480,2,3,2000-03-27
2110,480,7,5,2000-01-30
2111,480,7,2,2000-01-06
2112,480,12,1,2000-04-28
2113,481,6,3,2000-06-14
2114,481,9,1,2000-05-02
2115,481,9,5,2000-06-22
2116,481,7,4,2000-04-06
2117,481,11,1,2000-02-13
2118,481,6,5,2000-06-10
2119,481,4,2,2000-02-14
2120,482,10,4,2000-05-30
2121,482,9,4,2000-06-23
2122,482,10,5,2000-06-13
2123,482,6,4,2000-05-05
2124,482,3,4,2000-02-12
2125,482,5,5,2000-03-05
2126,483,3,5,2000-02-13
2127,483,6,2,2000-05-12
2128,483,8,3,2000-05-31
2129,483,8,5,2000-02-14
2130,483,3,2,2000-03-17
2131,483,2,2,2000-04-10
2132,483,6,4,2000-05-04
2133,484,5,3,2000-02-16
2134,484,13,1,2000-03-28
2135,484,3,5,2000-04-16
2136,484,2,3,2000-02-16
2137,485,6,3,2000-06-28
2138,485,5,1,2000-02-29
2139,485,12,5,2000-05-01
2140,485,7,4,2000-01-21
2141,485,4,1,2000-01-11
2142,485,1,1,2000-03-03
2143,485,5,2,2000-02-25
2144,486,7,3,2000-02-07
2145,487,7,1,2000-01-11
2146,487,9,3,2000-05-25
2147,487,1,2,2000-05-20
2148,487,5,1,2000-03-06
2149,487,11,2,2000-06-11
2150,487,10,5,2000-05-27
2151,487,9,5,2000-01-21
2152,487,11,3,2000-01-02
2153,488,11,4,2000-01-06
2154,488,8,1,2000-06-07
2155,488,8,3,2000-01-17
2156,488,9,1,2000-02-10
2157,488,1,1,2000-03-15
2158,488,13,4,2000-03-06
2159,489,1,2,2000-05-31
2160,489,4,4,2000-04-19
2161,490,1,4,2000-03-27
2162,490,1,2,2000-03-25
2163,491,11,5,2000-05-07
2164,491,10,3,2000-04-07
2165,491,13,3,2000-02-08
2166,491,6,1,2000-03-10
2167,492,10,2,2000-03-12
2168,492,1,4,2000-06-02
2169,492,12,1,2000-02-10
2170,492,2,4,2000-05-27
2171,492,5,2,2000-04-21
2172,493,8,1,2000-01-13
2173,493,2,2,2000-03-19
2174,493,12,2,2000-01-09
2175,494,10,3,2000-05-17
2176,494,9,1,2000-04-05
2177,494,12,4,2000-04-30
2178,494,3,5,2000-02-04
2179,494,7,2,2000-02-11
2180,495,3,5,2000-02-16
2181,495,5,3,2000-03-11
2182,496,9,5,2000-03-08
2183,496,14,5,2000-04-12
2184,496,14,4,2000-02-19
2185,496,13,4,2000-02-11
2186,497,3,4,2000-06-11
2187,497,3,2,2000-03-25
2188,497,9,4,2000-05-14
2189,497,14,3,2000-02-10
2190,497,13,1,2000-05-05
2191,498,9,1,2000-02-14
2192,499,2,2,2000-02-12
2193,499,5,1,2000-05-18
2194,499,3,1,2000-04-22
2195,500,3,3,2000-03-25
2196,500,13,3,2000-05-15
2197,500,10,3,2000-05-05
2198,500,6,5,2000-03-07
2199,501,5,5,2000-05-10
2200,501,2,4,2000-04-21
2201,501,6,2,2000-01-27
2202,501,12,5,2000-01-13
2203,501,14,4,2000-05-22
2204,502,11,4,2000-02-05
2205,502,5,2,2000-06-20
2206,502,12,4,2000-06-02
2207,502,12,2,2000-05-02
2208,502,7,1,2000-06-24
2209,502,2,1,2000-05-25
2210,502,6,4,2000-06-17
2211,503,10,2,2000-02-11
2212,503,8,1,2000-05-03
2213,503,10,2,2000-03-17
2214,503,12,5,2000-01-08
2215,503,7,3,2000-03-09
2216,503,14,2,2000-02-29
2217,504,13,5,2000-03-19
2218,504,5,2,2000-01-30
2219,504,4,5,2000-01-29
2220,504,5,2,2000-02-28
2221,504,12,2,2000-05-17
2222,504,12,3,2000-06-25
2223,504,7,5,2000-01-13
2224,504,13,4,2000-01-29
2225,505,8,3,2000-05-01
2226,505,2,1,2000-04-05
2227,505,9,5,2000-03-21
2228,506,4,5,2000-02-21
2229,506,1,2,2000-05-27
2230,506,14,3,2000-05-29
2231,506,3,5,2000-06-11
2232,506,1,1,2000-01-19
2233,507,5,3,2000-06-08
2234,507,12,5,2000-04-11
2235,507,7,1,2000-06-22
2236,507,7,1,2000-02-13
2237,508,5,4,2000-05-10
2238,508,13,1,2000-01-31
2239,508,11,3,2000-03-30
2240,509,4,1,2000-04-11
2241,509,11,4,2000-01-06
2242,509,10,3,2000-05-10
2243,510,6,4,2000-04-17
2244,510,3,2,2000-04-13
2245,510,6,5,2000-01-01
2246,510,2,2,2000-04-22
2247,510,2,1,2000-06-20
2248,511,4,4,2000-01-15
2249,511,5,4,2000-04-04
2250,511,10,5,2000-06-17
2251,511,10,2,2000-06-07
2252,512,14,1,2000-03-16
2253,512,6,5,2000-05-17
2254,512,6,1,2000-05-23
2255,512,4,4,2000-04-09
2256,512,12,1,2000-04-02
2257,512,4,1,2000-02-16
2258,512,3,4,2000-03-17
2259,513,9,3,2000-01-28
2260,513,8,4,2000-04-05
2261,513,5,3,2000-06-18
2262,514,13,1,2000-03-27
2263,514,6,5,2000-06-13
2264,514,9,2,2000-01-10
2265,514,6,3,2000-04-14
2266,514,14,5,2000-06-03
2267,514,14,4,2000-02-23
2268,514,8,2,2000-06-11
2269,514,6,2,2000-04-20
2270,515,1,2,2000-02-12
2271,515,8,1,2000-05-20
2272,515,7,4,2000-01-10
2273,515,6,5,2000-03-15
2274,515,4,5,2000-05-28
2275,516,13,1,2000-01-05
2276,516,14,2,2000-02-22
2277,516,6,2,2000-03-06
2278,516,5,1,2000-02-16
2279,516,14,3,2000-03-01
2280,516,9,2,2000-04-23
2281,516,12,1,2000-03-12
2282,517,14,1,2000-04-11
2283,517,10,4,2000-05-13
2284,517,8,1,2000-03-25
2285,517,9,3,2000-05-12
2286,517,3,4,2000-04-07
2287,518,5,2,2000-01-18
2288,518,3,4,2000-01-27
2289,518,11,5,2000-01-22
2290,518,5,4,2000-01-18
2291,518,8,3,2000-06-25
2292,519,3,1,2000-03-02
2293,519,11,1,2000-05-06
2294,519,12,5,2000-03-07
2295,519,11,2,2000-03-07
2296,519,5,3,2000-03-18
2297,519,14,3,2000-03-09
2298,519,4,1,2000-04-16
2299,519,13,4,2000-03-03
2300,520,11,1,2000-05-31
2301,520,4,2,2000-02-17
2302,520,7,1,2000-01-23
2303,520,12,4,2000-02-15
2304,520,12,5,2000-06-05
2305,520,12,4,2000-04-08
2306,521,2,2,2000-01-15
2307,521,10,1,2000-01-19
2308,521,1,5,2000-05-01
2309,522,7,1,2000-01-07
2310,522,3,3,2000-03-14
2311,522,12,3,2000-02-08
2312,523,1,2,2000-02-20
2313,523,4,4,2000-06-20
2314,523,13,1,2000-03-27
2315,523,1,4,2000-02-14
2316,524,13,1,2000-06-02
2317,524,8,4,2000-06-19
2318,525,9,4,2000-03-22
2319,525,1,2,2000-02-12
2320,525,9,2,2000-04-17
2321,525,4,4,2000-03-03
2322,525,5,3,2000-06-18
2323,525,7,4,2000-02-08
2324,525,1,4,2000-01-04
2325,525,9,4,2000-01-02
2326,526,6,3,2000-06-06
2327,526,2,1,2000-04-05
2328,526,3,5,2000-03-11
2329,526,12,4,2000-03-22
2330,526,12,1,2000-03-26
2331,526,9,4,2000-01-12
2332,526,14,3,2000-04-27
2333,527,13,4,2000-01-15
2334,527,11,2,2000-05-11
2335,527,8,1,2000-05-16
2336,528,5,1,2000-02-01
2337,528,12,1,2000-04-09
2338,528,12,2,2000-06-12
2339,528,13,2,2000-02-26
2340,528,3,1,2000-01-01
2341,528,5,3,2000-05-22
2342,529,13,1,2000-06-03
2343,529,10,5,2000-06-12
2344,529,6,5,2000-04-08
2345,530,3,4,2000-01-22
2346,530,9,2,2000-02-03
2347,530,13,4,2000-02-22
2348,530,6,4,2000-06-09
2349,530,13,3,2000-03-20
2350,530,3,5,2000-04-15
2351,531,13,2,2000-04-26
2352,531,14,2,2000-01-23
2353,531,9,4,2000-04-11
2354,531,5,1,2000-06-13
2355,531,9,1,2000-01-06
2356,531,12,2,2000-02-29
2357,531,14,2,2000-01-03
2358,531,6,5,2000-05-07
2359,532,1,4,2000-02-21
2360,532,12,5,2000-02-23
2361,532,11,5,2000-06-26
2362,532,2,4,2000-02-23
2363,532,6,1,2000-05-19
2364,532,12,2,2000-06-11
2365,532,8,5,2000-02-11
2366,532,10,5,2000-05-19
2367,533,1,3,2000-02-24
2368,533,14,4,2000-05-26
2369,533,4,3,2000-01-09
2370,533,8,2,2000-02-26
2371,534,14,5,2000-01-06
2372,534,1,2,2000-01-02
2373,534,6,3,2000-05-03
2374,534,5,5,2000-05-11
2375,534,14,3,2000-03-11
2376,534,4,3,2000-01-26
2377,534,6,5,2000-05-31
2378,534,12,4,2000-02-16
2379,535,14,2,2000-01-27
2380,536,13,5,2000-06-08
2381,536,10,3,2000-01-03
2382,536,1,2,2000-05-30
2383,536,12,4,2000-01-25
2384,536,3,2,2000-04-30
2385,536,13,1,2000-06-10
2386,536,6,5,2000-04-09
2387,537,13,1,2000-03-30
2388,537,10,3,2000-03-27
2389,537,2,4,2000-01-29
2390,538,13,5,2000-06-09
2391,538,10,5,2000-02-02
2392,538,11,2,2000-05-08
2393,538,13,4,2000-02-01
2394,538,12,1,2000-06-17
2395,538,6,4,2000-02-09
2396,538,10,1,2000-01-19
2397,539,12,4,2000-04-27
2398,539,4,1,2000-05-26
2399,540,10,3,2000-01-03
2400,540,8,5,2000-03-01
2401,540,2,3,2000-01-31
2402,540,5,4,2000-06-06
2403,540,9,5,2000-04-03
2404,541,3,5,2000-06-06
2405,541,12,1,2000-01-06
2406,541,9,1,2000-03-26
2407,541,3,3,2000-02-19
2408,542,6,5,2000-06-24
2409,542,5,4,2000-01-15
2410,543,14,1,2000-03-04
2411,543,9,2,2000-03-29
2412,543,5,3,2000-01-12
2413,543,2,1,2000-02-13
2414,544,13,2,2000-06-13
2415,544,1,1,2000-04-30
2416,544,2,2,2000-06-08
2417,544,9,2,2000-01-01
2418,544,13,3,2000-06-24
2419,544,11,1,2000-04-12
2420,545,11,4,2000-01-25
2421,545,2,4,2000-01-24
2422,545,1,4,2000-05-22
2423,545,10,4,2000-03-12
2424,545,7,3,2000-03-13
2425,545,4,3,2000-02-11
2426,546,7,5,2000-03-01
2427,546,6,3,2000-04-02
2428,546,2,5,2000-05-08
2429,547,13,4,2000-01-09
2430,547,10,5,2000-02-09
2431,547,7,3,2000-01-31
2432,547,10,3,2000-01-01
2433,548,6,1,2000-04-14
2434,548,2,2,2000-05-13
2435,548,10,2,2000-06-15
2436,548,11,5,2000-02-15
2437,548,7,5,2000-03-15
2438,549,3,4,2000-06-04
2439,549,6,4,2000-05-24
2440,549,4,3,2000-02-01
2441,549,11,2,2000-05-23
2442,549,12,3,2000-02-09
2443,550,1,5,2000-03-10
2444,550,11,2,2000-04-21
2445,550,14,4,2000-03-21
2446,550,3,1,2000-03-06
2447,550,6,3,2000-03-01
2448,550,8,2,2000-01-26
2449,550,5,4,2000-01-08
2450,551,10,5,2000-06-07
2451,551,4,3,2000-01-19
2452,551,12,5,2000-03-15
2453,551,4,5,2000-06-11
2454,551,8,2,2000-01-18
2455,551,6,5,2000-05-13
2456,551,1,2,2000-03-03
2457,552,6,3,2000-03-11
2458,552,9,5,2000-04-04
2459,553,6,2,2000-01-29
2460,553,14,4,2000-01-29
2461,554,11,2,2000-06-06
2462,554,3,4,2000-02-08
2463,554,6,4,2000-02-04
2464,554,6,1,2000-05-18
2465,555,5,1,2000-03-21
2466,555,3,2,2000-04-26
2467,555,4,4,2000-02-23
2468,555,10,3,2000-02-11
2469,555,8,5,2000-04-30
2470,555,7,5,2000-06-28
2471,555,11,2,2000-06-05
2472,555,3,1,2000-01-11
2473,556,13,1,2000-06-27
2474,557,11,1,2000-04-29
2475,557,5,4,2000-02-21
2476,557,4,1,2000-05-05
2477,557,6,5,2000-05-13
2478,557,4,4,2000-04-10
2479,557,7,2,2000-03-09
2480,558,1,1,2000-03-29
2481,558,8,1,2000-05-04
2482,558,4,3,2000-04-05
2483,558,11,1,2000-05-29
2484,559,7,4,2000-06-08
2485,560,1,3,2000-05-06
2486,560,3,1,2000-05-28
2487,560,5,1,2000-05-03
2488,561,12,5,2000-05-08
2489,561,12,2,2000-06-10
2490,561,8,3,2000-04-19
2491,561,5,2,2000-01-11
2492,561,7,2,2000-05-24
2493,561,14,3,2000-03-08
2494,562,9,3,2000-05-27
2495,562,14,5,2000-04-23
2496,562,6,2,2000-02-23
2497,562,3,2,2000-03-24
2498,562,4,1,2000-06-12
2499,562,5,4,2000-04-12
2500,563,1,4,2000-03-05
2501,564,6,5,2000-06-12
2502,564,10,4,2000-02-25
2503,564,14,1,2000-06-28
2504,564,12,4,2000-01-29
2505,564,6,3,2000-04-28
2506,564,13,2,2000-04-15
2507,565,3,3,2000-01-08
2508,565,12,3,2000-03-12
2509,565,7,4,2000-06-25
2510,565,7,1,2000-05-06
2511,565,4,1,2000-01-31
2512,565,1,3,2000-05-06
2513,566,10,4,2000-01-28
2514,566,7,5,2000-05-20
2515,566,11,3,2000-03-10
2516,566,12,5,2000-04-13
2517,566,1,1,2000-01-04
2518,566,8,1,2000-02-26
2519,567,12,5,2000-02-28
2520,567,13,1,2000-06-07
2521,567,12,1,2000-01-03
2522,567,1,1,2000-05-18
2523,567,13,5,2000-03-31
2524,567,7,3,2000-06-24
2525,568,14,5,2000-04-07
2526,568,9,5,2000-06-12
2527,569,2,3,2000-02-03
2528,569,10,2,2000-06-21
2529,570,2,2,2000-05-28
2530,570,7,3,2000-03-16
2531,570,13,3,2000-04-12
2532,570,3,1,2000-04-23
2533,570,2,4,2000-04-03
2534,571,5,4,2000-04-09
2535,571,3,4,2000-03-06
2536,571,9,2,2000-02-04
2537,571,6,2,2000-05-28
2538,571,10,3,2000-06-21
2539,571,3,5,2000-06-07
2540,572,6,3,2000-05-19
2541,573,11,5,2000-05-23
2542,573,5,3,2000-05-27
2543,573,14,2,2000-02-11
2544,573,6,2,2000-02-12
2545,573,9,3,2000-01-24
2546,574,5,5,2000-01-12
2547,574,12,1,2000-02-21
2548,574,7,2,2000-06-21
2549,574,11,1,2000-04-20
2550,574,6,5,2000-02-14
2551,574,8,5,2000-03-13
2552,575,6,2,2000-03-17
2553,576,7,5,2000-01-03
2554,576,12,3,2000-02-17
2555,576,13,2,2000-02-01
2556,576,8,1,2000-06-21
2557,576,2,2,2000-01-26
2558,576,2,2,2000-02-01
2559,576,12,5,2000-05-05
2560,576,3,2,2000-05-27
2561,577,11,5,2000-02-15
2562,577,9,4,2000-04-24
2563,577,2,2,2000-01-02
2564,578,5,3,2000-04-01
2565,579,10,3,2000-01-25
2566,579,7,2,2000-05-28
2567,580,3,1,2000-05-19
2568,580,3,5,2000-01-19
2569,580,14,3,2000-04-03
2570,580,8,4,2000-05-28
2571,580,7,1,2000-03-18
2572,581,2,1,2000-05-28
2573,581,4,4,2000-04-16
2574,581,7,1,2000-05-18
2575,581,10,2,2000-02-10
2576,581,14,5,2000-02-18
2577,581,8,3,2000-06-02
2578,581,1,5,2000-03-10
2579,581,7,3,2000-06-19
2580,582,12,5,2000-06-22
2581,582,4,4,2000-04-02
2582,582,13,5,2000-04-21
2583,582,14,1,2000-02-23
2584,583,12,3,2000-01-25
2585,584,10,2,2000-02-05
2586,584,5,5,2000-03-20
2587,584,11,2,2000-01-26
2588,585,8,1,2000-06-24
2589,585,8,2,2000-05-06
2590,586,6,2,2000-01-25
2591,586,11,2,2000-01-27
2592,586,4,4,2000-04-26
2593,586,8,3,2000-06-26
2594,586,11,2,2000-04-20
2595,587,11,4,2000-03-29
2596,587,2,3,2000-06-09
2597,587,14,1,2000-04-30
2598,587,4,5,2000-04-07
2599,587,4,4,2000-05-03
2600,588,2,1,2000-01-04
2601,588,8,4,2000-05-22
2602,589,12,3,2000-02-26
2603,589,2,3,2000-05-07
2604,590,3,5,2000-04-01
2605,591,1,5,2000-04-04
2606,591,6,2,2000-02-11
2607,591,11,1,2000-06-18
2608,592,7,2,2000-05-01
2609,592,10,5,2000-01-11
2610,592,2,4,2000-02-29
2611,592,12,2,2000-04-29
2612,592,9,3,2000-06-24
2613,593,12,3,2000-01-01
2614,593,3,5,2000-05-17
2615,593,10,1,2000-01-06
2616,593,14,3,2000-06-28
2617,593,7,1,2000-06-04
2618,593,2,5,2000-05-07
2619,593,12,4,2000-06-05
2620,594,10,2,2000-02-08
2621,594,6,4,2000-04-03
2622,595,2,2,2000-01-25
2623,595,3,5,2000-04-27
2624,596,14,5,2000-06-15
2625,596,1,3,2000-05-18
2626,597,6,4,2000-06-24
2627,597,4,1,2000-04-03
2628,597,5,1,2000-01-27
2629,597,13,2,2000-02-22
2630,597,3,5,2000-03-19
2631,598,1,5,2000-02-04
2632,598,9,5,2000-02-20
2633,598,6,2,2000-05-08
2634,599,6,5,2000-04-25
2635,599,3,4,2000-01-23
2636,599,13,5,2000-05-13
2637,599,7,5,2000-04-03
2638,600,11,3,2000-05-10
2639,601,8,1,2000-02-29
2640,601,9,5,2000-01-04
2641,601,4,4,2000-01-03
2642,602,7,1,2000-01-12
2643,602,9,4,2000-04-23
2644,602,12,5,2000-05-29
2645,602,10,1,2000-04-26
2646,602,14,5,2000-03-01
2647,603,13,4,2000-02-18
2648,604,1,2,2000-02-06
2649,604,5,5,2000-03-02
2650,605,11,3,2000-04-12
2651,605,4,5,2000-02-06
2652,605,13,3,2000-05-25
2653,605,5,1,2000-04-27
2654,605,10,5,2000-03-06
2655,605,14,5,2000-03-26
2656,606,9,3,2000-05-27
2657,606,5,3,2000-06-04
2658,606,7,2,2000-06-14
2659,607,8,2,2000-03-27
2660,607,11,2,2000-01-16
2661,608,10,1,2000-03-20
2662,608,11,2,2000-04-15
2663,608,4,5,2000-01-05
2664,608,4,4,2000-03-18
2665,609,13,2,2000-03-07
2666,609,10,1,2000-01-15
2667,610,7,5,2000-03-25
2668,610,11,3,2000-03-09
2669,610,2,2,2000-02-19
2670,611,6,1,2000-04-16
2671,612,4,1,2000-03-25
2672,613,10,1,2000-04-17
2673,614,4,3,2000-03-28
2674,614,8,2,2000-02-28
2675,614,10,2,2000-06-17
2676,614,6,3,2000-05-27
2677,614,10,3,2000-02-17
2678,614,12,5,2000-02-27
2679,615,10,2,2000-02-27
2680,615,1,5,2000-01-26
2681,615,8,2,2000-06-24
2682,615,4,3,2000-04-16
2683,615,13,3,2000-03-11
2684,616,3,1,2000-06-01
2685,616,3,3,2000-06-16
2686,616,10,2,2000-05-27
2687,617,14,5,2000-01-04
2688,617,8,2,2000-02-10
2689,617,3,5,2000-01-12
2690,617,14,3,2000-02-11
2691,617,1,5,2000-04-27
2692,618,4,4,2000-06-22
2693,618,6,4,2000-05-29
2694,618,14,3,2000-03-10
2695,619,2,1,2000-04-09
2696,619,13,5,2000-02-07
2697,619,5,5,2000-06-01
2698,619,12,4,2000-01-01
2699,619,1,1,2000-06-18
2700,620,7,5,2000-02-13
2701,620,9,2,2000-02-14
2702,621,2,3,2000-06-28
2703,621,7,1,2000-04-14
2704,622,13,5,2000-03-08
2705,623,13,2,2000-05-17
2706,623,3,1,2000-03-18
2707,623,2,3,2000-04-08
2708,623,2,4,2000-05-02
2709,623,11,3,2000-06-18
2710,623,11,4,2000-01-06
2711,623,2,3,2000-01-21
2712,623,14,1,2000-03-14
2713,624,4,4,2000-01-21
2714,624,3,4,2000-03-17
2715,624,3,1,2000-01-12
2716,624,13,1,2000-03-09
2717,624,8,4,2000-06-17
2718,624,5,,2000-02-29
2719,624,1,5,2000-05-27
2720,625,11,5,2000-05-08
2721,625,9,3,2000-04-28
2722,625,2,1,2000-02-17
2723,626,9,3,2000-02-06
2724,627,4,3,2000-04-02
2725,627,7,3,2000-03-16
2726,627,11,3,2000-04-13
2727,627,6,3,2000-05-23
2728,627,12,2,2000-04-12
2729,627,7,1,2000-02-18
2730,628,9,4,2000-06-01
2731,628,2,1,2000-01-20
2732,628,7,1,2000-01-19
2733,628,5,4,2000-04-29
2734,628,10,4,2000-06-18
2735,629,7,4,2000-01-04
2736,629,11,2,2000-01-10
2737,629,5,5,2000-04-27
2738,630,14,1,2000-02-21
2739,630,4,4,2000-02-28
2740,630,8,5,2000-04-20
2741,630,10,3,2000-01-07
2742,631,2,2,2000-01-21
2743,631,14,1,2000-02-15
2744,631,5,3,2000-05-24
2745,631,11,5,2000-01-23
2746,631,13,4,2000-05-25
2747,631,11,2,2000-02-15
2748,631,6,1,2000-03-13
2749,632,6,3,2000-01-07
2750,632,9,1,2000-04-12
2751,633,2,5,2000-04-10
2752,633,4,1,2000-04-14
2753,634,7,2,2000-03-22
2754,634,12,1,2000-06-22
2755,634,2,2,2000-02-03
2756,634,1,4,2000-06-11
2757,634,5,2,2000-03-21
2758,634,10,1,2000-02-06
2759,634,6,1,2000-03-15
2760,635,2,2,2000-04-29
2761,635,13,1,2000-05-16
2762,636,2,2,2000-01-23
2763,636,3,5,2000-06-19
2764,636,9,3,2000-05-01
2765,636,6,1,2000-04-01
2766,636,2,1,2000-02-14
2767,636,1,4,2000-02-24
2768,636,10,5,2000-01-04
2769,636,1,5,2000-03-26
2770,637,2,5,2000-03-06
2771,637,14,1,2000-01-07
2772,637,4,2,2000-02-18
2773,637,12,1,2000-01-29
2774,638,7,1,2000-04-06
2775,638,11,1,2000-06-19
2776,638,3,2,2000-02-29
2777,638,14,1,2000-03-14
2778,638,11,5,2000-04-08
2779,638,4,1,2000-03-06
2780,639,12,4,2000-06-04
2781,640,2,3,2000-03-03
2782,640,13,3,2000-01-03
2783,640,3,5,2000-01-13
2784,640,5,3,2000-05-26
2785,640,13,4,2000-05-22
2786,640,2,5,2000-05-30
2787,641,12,3,2000-04-10
2788,641,2,5,2000-05-16
2789,641,14,3,2000-03-16
2790,641,8,1,2000-04-26
2791,641,2,5,2000-05-04
2792,642,3,5,2000-05-30
2793,642,11,3,2000-03-23
2794,642,2,1,2000-03-20
2795,642,3,3,2000-05-27
2796,642,1,2,2000-04-26
2797,642,14,1,2000-04-07
2798,642,7,3,2000-04-13
2799,643,13,3,2000-01-11
2800,643,5,5,2000-03-04
2801,643,2,5,2000-01-12
2802,643,9,1,2000-05-08
2803,643,7,3,2000-02-26
2804,643,13,4,2000-05-14
2805,643,13,4,2000-02-06
2806,644,11,3,2000-04-16
2807,645,9,4,2000-01-14
2808,645,3,4,2000-02-05
2809,645,10,3,2000-03-04
2810,645,11,4,2000-04-03
2811,645,14,4,2000-02-07
2812,646,10,5,2000-04-28
2813,646,14,4,2000-05-17
2814,646,6,1,2000-06-27
2815,646,13,4,2000-02-24
2816,646,2,4,2000-01-21
2817,646,2,2,2000-03-31
2818,646,8,2,2000-06-25
2819,647,8,4,2000-01-30
2820,647,1,3,2000-01-28
2821,647,7,3,2000-01-19
2822,648,4,5,2000-04-23
2823,649,3,4,2000-04-12
2824,649,1,5,2000-04-26
2825,650,2,4,2000-04-06
2826,650,10,5,2000-03-26
2827,650,4,5,2000-03-25
2828,650,3,5,2000-04-25
2829,650,6,1,2000-02-21
2830,650,1,5,2000-03-12
2831,650,2,4,2000-01-15
2832,650,1,5,2000-06-04
2833,651,2,3,2000-05-19
2834,651,7,2,2000-06-24
2835,651,5,2,2000-05-06
2836,652,7,2,2000-04-17
2837,653,1,1,2000-02-26
2838,653,2,3,2000-06-14
2839,653,14,4,2000-01-25
2840,653,11,4,2000-05-25
2841,653,4,3,2000-03-09
2842,654,4,4,2000-05-05
2843,654,4,1,2000-06-25
2844,654,3,4,2000-04-27
2845,654,7,5,2000-06-17
2846,654,12,2,2000-04-25
2847,655,12,4,2000-03-08
2848,655,13,3,2000-06-04
2849,656,2,4,2000-06-20
2850,656,13,4,2000-01-12
2851,656,5,5,2000-05-10
2852,656,13,4,2000-04-21
2853,656,5,5,2000-04-05
2854,657,2,2,2000-02-04
2855,657,10,5,2000-04-23
2856,657,10,3,2000-06-04
2857,657,7,1,2000-01-29
2858,657,8,5,2000-06-22
2859,658,3,2,2000-01-08
2860,658,10,4,2000-02-14
2861,658,11,5,2000-01-05
2862,658,4,1,2000-01-05
2863,658,7,2,2000-02-22
2864,659,4,1,2000-01-08
2865,659,2,1,2000-03-25
2866,659,12,1,2000-03-04
2867,660,1,4,2000-04-23
2868,660,8,3,2000-05-30
2869,660,12,2,2000-06-12
2870,660,10,2,2000-03-23
2871,660,3,2,2000-02-19
2872,660,1,5,2000-05-19
2873,660,14,2,2000-06-16
2874,661,11,2,2000-01-22
2875,661,8,5,2000-02-18
2876,661,10,2,2000-04-27
2877,662,10,1,2000-02-21
2878,662,12,2,2000-06-18
2879,662,10,2,2000-04-04
2880,662,12,5,2000-02-01
2881,663,5,2,2000-01-04
2882,663,6,5,2000-03-02
2883,663,1,4,2000-06-05
2884,663,13,1,2000-01-27
2885,663,11,2,2000-06-28
2886,663,5,3,2000-05-04
2887,663,13,3,2000-01-16
2888,664,5,4,2000-03-21
2889,665,6,2,2000-04-04
2890,665,2,5,2000-05-16
2891,666,6,2,2000-01-13
2892,666,13,2,2000-06-26
2893,666,10,1,2000-05-26
2894,666,9,2,2000-04-18
2895,666,3,1,2000-05-16
2896,666,12,3,2000-01-17
2897,666,7,1,2000-04-05
2898,667,4,4,2000-04-24
2899,667,12,3,2000-03-13
2900,667,3,2,2000-06-14
2901,667,9,3,2000-04-30
2902,667,14,5,2000-03-31
2903,667,6,4,2000-02-21
2904,667,7,4,2000-06-14
2905,668,8,5,2000-03-21
2906,668,7,5,2000-06-12
2907,668,8,2,2000-01-09
2908,668,9,3,2000-03-16
2909,668,11,2,2000-06-28
2910,669,12,3,2000-05-05
2911,669,10,3,2000-01-25
2912,669,8,4,2000-06-01
2913,669,3,2,2000-01-16
2914,669,1,1,2000-04-23
2915,669,2,5,2000-01-20
2916,669,14,3,2000-01-31
2917,669,3,3,2000-01-13
2918,670,3,5,2000-05-30
2919,670,3,3,2000-05-22
2920,670,2,1,2000-04-10
2921,670,11,3,2000-05-30
2922,670,11,3,2000-05-15
2923,670,13,2,2000-03-26
2924,670,14,2,2000-03-05
2925,671,8,2,2000-03-24
2926,671,3,3,2000-01-17
2927,671,5,4,2000-05-02
2928,671,4,2,2000-06-14
2929,671,11,1,2000-06-03
2930,672,2,3,2000-02-05
2931,672,3,1,2000-02-13
2932,672,13,1,2000-05-17
2933,672,9,5,2000-04-08
2934,672,11,4,2000-04-28
2935,672,8,1,2000-04-18
2936,672,1,3,2000-02-14
2937,673,14,3,2000-03-11
2938,673,12,2,2000-02-17
2939,673,12,5,2000-05-04
2940,673,7,5,2000-04-29
2941,673,14,5,2000-01-04
2942,674,11,1,2000-04-05
2943,674,10,2,2000-05-13
2944,674,7,2,2000-03-10
2945,674,14,2,2000-01-12
2946,675,2,2,2000-03-03
2947,675,14,3,2000-06-01
2948,675,14,4,2000-04-15
2949,675,5,4,2000-04-14
2950,675,5,5,2000-04-25
2951,676,9,2,2000-02-15
2952,676,6,4,2000-04-12
2953,676,6,5,2000-02-26
2954,676,14,1,2000-06-18
2955,676,13,1,2000-04-12
2956,676,7,2,2000-05-25
2957,677,2,1,2000-04-12
2958,677,14,5,2000-02-22
2959,677,6,2,2000-03-15
2960,677,10,5,2000-01-23
2961,677,9,4,2000-06-05
2962,677,4,1,2000-06-23
2963,678,6,2,2000-02-11
2964,678,4,2,2000-05-12
2965,679,6,2,2000-05-14
2966,679,8,1,2000-06-04
2967,680,8,4,2000-02-20
2968,680,9,2,2000-06-26
2969,680,13,5,2000-02-14
2970,680,13,4,2000-03-24
2971,680,10,4,2000-06-19
2972,680,11,2,2000-01-12
2973,681,5,2,2000-01-14
2974,681,1,3,2000-06-11
2975,681,10,5,2000-06-28
2976,681,1,4,2000-06-28
2977,681,2,2,2000-03-07
2978,682,4,4,2000-03-26
2979,682,8,4,2000-03-08
2980,682,3,5,2000-05-11
2981,682,8,4,2000-04-21
2982,682,12,4,2000-03-25
2983,682,9,3,2000-04-19
2984,682,12,2,2000-01-10
4599,1041,8,4,2000-04-07
4600,1041,4,,2000-01-26
4601,1041,1,5,2000-01-28
4602,1042,2,5,2000-02-12
4603,1042,1,2,2000-06-15
4604,1042,7,3,2000-05-11
4605,1042,10,5,2000-04-20
4606,1043,5,,2000-06-27
4607,1043,4,3,2000-05-02
4608,1043,13,2,2000-04-21
4609,1043,2,2,2000-02-15
4610,1043,11,3,2000-02-03
4611,1043,6,1,2000-06-27
4612,1043,14,4,2000-01-16
4613,1043,4,2,2000-05-28
4614,1044,5,2,2000-05-17
4615,1045,1,1,2000-03-15
4616,1045,5,4,2000-04-18
4617,1045,10,2,2000-06-24
4618,1045,2,3,2000-03-16
4619,1045,14,4,2000-03-27
4620,1045,9,3,2000-06-04
4621,1045,13,1,2000-02-22
4622,1046,4,3,2000-02-17
4623,1046,3,5,2000-02-13
4624,1046,11,1,2000-04-07
4625,1046,4,1,2000-04-22
4626,1046,5,2,2000-05-28
4627,1046,10,5,2000-04-05
4628,1046,2,2,2000-02-28
4629,1047,6,1,2000-01-04
4630,1047,10,2,2000-02-05
4631,1047,9,5,2000-05-22
4632,1047,6,3,2000-02-06
4633,1047,3,3,2000-06-12
4634,1048,2,4,2000-03-02
4635,1048,8,4,2000-06-06
4636,1048,11,5,2000-02-09
4637,1048,6,1,2000-03-03
4638,1048,6,5,2000-06-09
4639,1048,10,3,2000-01-23
4640,1048,5,5,2000-06-27
4641,1048,11,2,2000-04-04
4642,1049,8,3,2000-06-16
4643,1049,6,4,2000-04-23
4644,1049,6,2,2000-05-22
4645,1049,9,1,2000-05-20
4646,1049,14,3,2000-04-27
4647,1050,12,2,2000-04-04
4648,1050,13,5,2000-01-13
4649,1050,4,1,2000-05-27
4650,1051,5,5,2000-05-28
4651,1051,14,1,2000-04-25
4652,1051,8,5,2000-04-05
4653,1051,9,4,2000-06-21
4654,1051,2,3,2000-03-23
4655,1051,6,2,2000-06-15
4656,1051,9,5,2000-02-26
4657,1051,10,4,2000-03-30
4658,1052,14,1,2000-01-26
4659,1052,9,5,2000-03-17
4660,1052,1,2,2000-05-22
4661,1052,7,2,2000-04-21
4662,1052,7,3,2000-06-17
4663,1052,12,3,2000-05-27
4664,1053,13,3,2000-01-13
4665,1053,6,3,2000-03-11
4666,1053,7,4,2000-05-16
4667,1053,14,2,2000-04-24
4668,1053,7,2,2000-02-06
4669,1053,8,1,2000-05-07
4670,1053,5,5,2000-04-30
4671,1054,10,4,2000-05-25
4672,1054,5,3,2000-05-07
4673,1054,10,1,2000-03-02
4674,1054,6,1,2000-04-03
4675,1054,14,1,2000-01-21
4676,1054,13,4,2000-06-09
4677,1054,5,1,2000-03-21
4678,1055,11,4,2000-05-25
4679,1056,13,2,2000-04-28
4680,1056,10,1,2000-01-06
4681,1056,2,1,2000-01-11
4682,1056,6,1,2000-05-19
4683,1056,9,1,2000-03-30
4684,1056,8,5,2000-04-03
4685,1056,4,4,2000-04-09
4686,1057,7,2,2000-01-04
4687,1058,8,2,2000-06-20
4688,1059,11,5,2000-03-18
4689,1059,11,2,2000-01-19
4690,1059,12,5,2000-02-07
4691,1059,10,4,2000-03-09
4692,1060,10,4,2000-01-24
4693,1061,3,2,2000-03-28
4694,1061,5,4,2000-05-03
4695,1061,13,4,2000-02-19
4696,1062,9,3,2000-06-14
4697,1062,2,5,2000-06-16
4698,1062,12,5,2000-06-23
4699,1063,3,5,2000-01-12
4700,1063,12,3,2000-05-27
4701,1063,11,3,2000-05-14
4702,1063,5,5,2000-03-31
4703,1063,8,1,2000-06-26
4704,1063,8,4,2000-06-20
4705,1064,5,2,2000-06-23
4706,1065,7,4,2000-01-28
4707,1065,8,5,2000-05-30
4708,1065,12,2,2000-02-05
4709,1065,5,2,2000-02-15
4710,1065,14,4,2000-02-25
4711,1065,4,4,2000-04-08
4712,1065,4,1,2000-01-06
4713,1066,11,1,2000-05-17
4714,1066,1,1,2000-04-10
4715,1067,1,2,2000-05-30
4716,1068,4,2,2000-05-04
4717,1068,2,4,2000-05-19
4718,1068,11,1,2000-02-21
4719,1068,14,4,2000-03-15
4720,1068,6,3,2000-01-31
4721,1068,3,4,2000-02-09
4722,1069,11,1,2000-05-17
4723,1069,10,5,2000-03-25
4724,1069,1,3,2000-04-22
4725,1069,3,1,2000-03-21
4726,1070,7,1,2000-03-20
4727,1070,7,3,2000-03-25
4728,1070,1,2,2000-01-29
4729,1071,14,5,2000-06-04
4730,1071,10,1,2000-04-10
4731,1071,14,3,2000-03-12
4732,1071,4,3,2000-01-28
4733,1071,14,5,2000-02-23
4734,1071,5,4,2000-03-13
4735,1072,10,5,2000-01-11
4736,1072,3,2,2000-04-17
4737,1072,5,2,2000-02-02
4738,1072,11,4,2000-04-20
4739,1072,10,1,2000-01-13
4740,1072,9,1,2000-06-24
4741,1073,14,3,2000-06-13
4742,1073,6,5,2000-04-08
4743,1073,3,3,2000-04-11
4744,1073,1,4,2000-05-25
4745,1073,13,1,2000-01-08
4746,1073,5,3,2000-04-04
4747,1073,10,5,2000-06-02
4748,1074,12,1,2000-06-03
4749,1075,8,3,2000-01-16
4750,1075,12,3,2000-03-18
4751,1075,14,5,2000-04-03
4752,1075,11,1,2000-04-03
4753,1075,14,2,2000-01-25
4754,1075,10,5,2000-01-24
4755,1075,11,1,2000-05-01
4756,1076,13,3,2000-01-04
4757,1076,13,4,2000-04-14
4758,1077,12,5,2000-03-31
4759,1077,10,5,2000-03-02
4760,1077,11,4,2000-03-07
4761,1077,14,1,2000-04-07
4762,1078,1,5,2000-02-01
4763,1079,13,2,2000-02-19
4764,1079,14,3,2000-02-15
4765,1080,11,3,2000-06-20
4766,1080,9,1,2000-02-05
4767,1080,10,4,2000-04-13
4768,1080,3,2,2000-02-10
4769,1080,3,5,2000-02-21
4770,1081,8,1,2000-02-17
4771,1081,12,2,2000-06-27
4772,1081,6,1,2000-06-17
4773,1081,1,5,2000-03-11
4774,1081,5,3,2000-02-16
4775,1081,7,5,2000-05-10
4776,1082,11,2,2000-02-26
4777,1082,4,4,2000-06-28
4778,1082,5,3,2000-01-23
4779,1082,1,1,2000-01-23
4780,1083,10,2,2000-05-23
4781,1083,3,2,2000-05-06
4782,1083,13,2,2000-03-21
4783,1083,3,1,2000-04-25
4784,1083,3,2,2000-01-29
4785,1083,8,3,2000-04-28
4786,1083,13,3,2000-02-06
4787,1083,3,5,2000-06-02
4788,1084,5,4,2000-03-31
4789,1085,8,1,2000-02-14
4790,1085,5,3,2000-04-04
4791,1085,6,3,2000-03-28
4792,1085,9,1,2000-03-06
4793,1085,10,2,2000-03-02
4794,1086,14,3,2000-04-08
4795,1086,11,3,2000-05-08
4796,1086,9,2,2000-01-21
4797,1087,12,4,2000-01-11
4798,1087,11,1,2000-04-08
4799,1087,5,2,2000-02-08
4800,1087,13,5,2000-01-24
4801,1087,3,5,2000-01-16
4802,1087,13,3,2000-01-07
4803,1087,7,1,2000-04-27
4804,1088,11,3,2000-02-17
4805,1088,12,2,2000-06-17
4806,1088,8,1,2000-03-28
4807,1088,4,4,2000-05-03
4808,1088,5,5,2000-05-05
4809,1088,11,2,2000-05-18
4810,1089,1,1,2000-06-06
4811,1089,2,1,2000-04-22
4812,1089,2,2,2000-02-10
4813,1089,8,4,2000-04-21
4814,1089,6,5,2000-01-30
4815,1089,2,1,2000-02-20
4816,1090,6,3,2000-03-28
4817,1090,2,3,2000-01-19
4818,1090,10,1,2000-03-22
4819,1090,9,4,2000-05-17
4820,1090,9,4,2000-05-12
4821,1090,1,1,2000-01-12
4822,1090,2,3,2000-03-25
4823,1090,1,1,2000-01-22
4824,1091,2,2,2000-01-24
4825,1091,5,2,2000-04-27
4826,1091,4,3,2000-03-27
4827,1091,5,2,2000-01-25
4828,1092,9,2,2000-05-03
4829,1092,8,3,2000-05-15
4830,1092,1,3,2000-06-19
4831,1092,6,2,2000-05-23
4832,1092,13,1,2000-02-24
4833,1092,9,1,2000-06-13
4834,1092,12,4,2000-03-20
4835,1093,11,2,2000-01-02
4836,1094,9,5,2000-04-14
4837,1094,4,5,2000-01-06
4838,1094,10,3,2000-04-23
4839,1094,1,1,2000-05-13
4840,1095,8,3,2000-02-26
4841,1095,3,1,2000-03-29
4842,1095,7,5,2000-03-07
4843,1096,14,4,2000-05-06
4844,1096,6,4,2000-05-27
4845,1096,5,3,2000-04-15
4846,1096,6,3,2000-02-11
4847,1096,14,4,2000-01-15
4848,1096,6,5,2000-04-14
4849,1096,6,5,2000-02-25
4850,1097,8,2,2000-06-19
4851,1097,10,1,2000-01-10
4852,1097,14,5,2000-05-25
4853,1098,3,1,2000-06-14
4854,1098,8,1,2000-04-25
4855,1098,7,2,2000-01-20
4856,1098,2,5,2000-06-09
4857,1098,13,4,2000-06-04
4858,1099,6,4,2000-06-04
4859,1099,1,4,2000-03-03
4860,1099,9,3,2000-06-05
4861,1099,12,5,2000-06-13
4862,1100,4,3,2000-05-08
4863,1100,7,1,2000-02-21
4864,1100,4,3,2000-03-18
4865,1101,1,3,2000-04-20
4866,1101,11,2,2000-04-14
4867,1101,8,4,2000-06-09
4868,1101,9,3,2000-06-22
4869,1101,7,3,2000-03-23
4870,1101,2,1,2000-03-11
4871,1102,9,3,2000-05-28
4872,1102,10,2,2000-05-09
4873,1102,6,2,2000-03-01
4874,1102,7,5,2000-02-22
4875,1102,6,1,2000-01-22
4876,1102,2,1,2000-02-08
4877,1103,3,1,2000-01-25
4878,1103,11,4,2000-01-25
4879,1103,13,2,2000-05-28
4880,1103,12,5,2000-02-15
4881,1103,2,3,2000-04-22
4882,1103,5,1,2000-02-24
4883,1103,7,4,2000-02-15
4884,1103,7,5,2000-02-21
4885,1104,6,4,2000-06-21
4886,1104,13,5,2000-04-28
4887,1104,7,4,2000-06-22
4888,1104,2,1,2000-01-08
4889,1104,6,1,2000-03-14
4890,1105,7,5,2000-04-29
4891,1105,10,1,2000-04-07
4892,1106,4,5,2000-04-04
4893,1106,11,3,2000-02-05
4894,1107,11,2,2000-06-26
4895,1107,10,1,2000-05-22
4896,1107,2,3,2000-06-14
4897,1107,1,3,2000-04-07
4898,1107,10,4,2000-01-22
4899,1107,13,4,2000-01-09
4900,1107,11,3,2000-06-18
4901,1107,2,2,2000-02-13
4902,1108,9,5,2000-05-26
4903,1108,6,5,2000-04-03
4904,1108,11,1,2000-05-01
4905,1108,5,2,2000-03-25
4906,1109,1,2,2000-03-10
4907,1109,14,2,2000-01-04
4908,1110,8,4,2000-06-26
4909,1110,9,1,2000-04-07
4910,1110,9,3,2000-02-03
4911,1110,4,4,2000-03-18
4912,1111,6,4,2000-06-26
4913,1111,2,1,2000-06-14
4914,1111,3,4,2000-05-13
4915,1111,3,3,2000-05-23
4916,1111,13,5,2000-01-31
4917,1111,9,3,2000-04-17
4918,1112,10,4,2000-03-28
4919,1112,4,2,2000-05-29
4920,1112,8,4,2000-02-05
4921,1112,7,2,2000-05-07
4922,1113,1,2,2000-06-14
4923,1113,3,3,2000-02-24
4924,1113,14,1,2000-03-23
4925,1113,14,1,2000-01-05
4926,1113,10,1,2000-05-14
4927,1114,2,4,2000-04-09
4928,1115,9,3,2000-06-03
4929,1115,3,4,2000-04-13
4930,1115,4,4,2000-02-26
4931,1116,3,5,2000-01-16
4932,1116,4,4,2000-03-31
4933,1116,9,3,2000-05-04
4934,1116,12,1,2000-02-17
4935,1116,6,5,2000-01-08
4936,1117,13,4,2000-01-26
4937,1117,9,5,2000-01-15
4938,1118,4,3,2000-03-29
4939,1118,13,2,2000-06-14
4940,1118,11,2,2000-05-01
4941,1118,5,2,2000-06-05
4942,1119,2,5,2000-04-02
4943,1119,4,5,2000-06-24
4944,1119,5,4,2000-06-27
4945,1119,1,5,2000-04-12
4946,1120,5,3,2000-01-10
4947,1120,7,3,2000-06-27
4948,1121,6,4,2000-06-15
4949,1122,3,1,2000-04-03
4950,1122,2,1,2000-03-12
4951,1122,3,4,2000-03-31
4952,1122,14,4,2000-02-01
4953,1123,13,1,2000-02-09
4954,1123,14,1,2000-05-15
4955,1123,2,4,2000-04-19
4956,1123,14,2,2000-03-18
4957,1124,2,5,2000-04-15
4958,1124,9,1,2000-05-23
4959,1124,5,4,2000-06-21
4960,1124,2,1,2000-01-12
4961,1124,8,5,2000-01-20
4962,1124,4,4,2000-06-25
4963,1125,3,1,2000-04-04
4964,1125,2,4,2000-01-15
4965,1125,9,5,2000-03-05
4966,1125,4,4,2000-03-21
4967,1125,2,4,2000-02-13
4968,1125,10,3,2000-02-21
4969,1125,13,5,2000-03-10
4970,1125,2,4,2000-04-01
4971,1126,13,5,2000-05-16
4972,1126,1,4,2000-05-17
4973,1126,5,1,2000-06-15
4974,1126,1,1,2000-01-17
4975,1126,1,3,2000-04-28
4976,1126,9,1,2000-01-31
4977,1127,14,3,2000-03-28
4978,1127,5,4,2000-04-16
4979,1128,12,4,2000-01-10
4980,1128,3,1,2000-03-23
4981,1128,7,5,2000-05-01
4982,1128,4,1,2000-01-01
4983,1128,1,5,2000-03-12
4984,1128,9,5,2000-06-26
4985,1128,1,3,2000-03-13
4986,1129,6,3,2000-03-06
4987,1129,8,5,2000-05-30
4988,1130,14,1,2000-01-29
4989,1130,4,4,2000-05-27
4990,1130,4,5,2000-05-17
4991,1130,6,5,2000-04-06
4992,1130,12,4,2000-01-06
4993,1130,5,2,2000-01-08
4994,1130,11,2,2000-04-06
4995,1131,13,3,2000-05-17
4996,1131,3,4,2000-04-13
4997,1131,1,4,2000-01-15
4998,1131,1,2,2000-03-08
4999,1131,8,3,2000-04-23
5000,1132,9,4,2000-03-27
5001,1133,5,4,2000-04-18
5002,1133,1,4,2000-03-18
5003,1133,7,4,2000-05-31
5004,1133,7,5,2000-05-06
5005,1133,5,3,2000-02-24
5006,1134,1,1,2000-05-08
5007,1134,14,4,2000-05-28
5008,1134,7,4,2000-01-25
5009,1135,10,5,2000-01-14
5010,1135,12,2,2000-02-26
5011,1135,9,4,2000-01-14
5012,1135,13,1,2000-01-28
5013,1135,13,3,2000-02-18
5014,1136,9,2,2000-02-15
5015,1136,1,1,2000-04-16
5016,1136,3,2,2000-06-04
5017,1136,5,3,2000-05-13
5018,1136,14,1,2000-01-05
5019,1136,12,2,2000-05-11
5020,1137,14,5,2000-02-25
5021,1137,7,2,2000-03-23
5022,1137,14,4,2000-01-19
5023,1137,8,2,2000-06-20
5024,1137,11,4,2000-06-23
5025,1137,9,2,2000-05-23
5026,1137,8,2,2000-06-21
5027,1137,8,5,2000-01-18
5028,1138,2,2,2000-02-27
5029,1138,5,5,2000-06-19
5030,1138,7,2,2000-03-14
5031,1138,8,1,2000-03-01
5032,1138,9,3,2000-02-23
5033,1138,9,5,2000-06-23
5034,1139,3,3,2000-02-28
5035,1139,5,3,2000-06-05
5036,1139,10,1,2000-06-07
5037,1140,10,5,2000-03-03
5038,1141,12,2,2000-01-01
5039,1141,13,1,2000-06-23
5040,1141,4,1,2000-02-03
5041,1141,12,3,2000-02-17
5042,1141,1,5,2000-05-12
5043,1141,6,3,2000-01-10
5044,1141,9,5,2000-05-26
5045,1142,5,4,2000-05-21
5046,1142,14,4,2000-03-13
5047,1142,13,5,2000-05-22
5048,1142,2,1,2000-02-09
5049,1142,7,3,2000-05-11
5050,1142,13,5,2000-01-17
5051,1142,9,2,2000-03-22
5052,1142,1,2,2000-03-31
5053,1143,13,4,2000-06-23
5054,1143,8,1,2000-01-20
5055,1144,8,4,2000-01-02
5056,1145,6,3,2000-05-23
5057,1145,12,4,2000-02-26
5058,1145,7,5,2000-05-26
5059,1145,9,5,2000-05-08
5060,1145,12,2,2000-01-22
5061,1145,8,1,2000-02-29
5062,1146,10,2,2000-02-11
5063,1147,12,1,2000-01-28
5064,1147,7,3,2000-04-02
5065,1147,7,2,2000-05-12
5066,1148,13,3,2000-03-01
5067,1148,6,1,2000-06-19
5068,1149,1,1,2000-04-26
5069,1149,14,1,2000-02-01
5070,1149,1,5,2000-03-14
5071,1149,4,1,2000-05-07
5072,1149,2,4,2000-03-04
5073,1150,8,2,2000-03-30
5074,1150,4,3,2000-06-21
5075,1150,13,5,2000-06-03
5076,1151,10,1,2000-05-09
5077,1151,14,1,2000-06-22
5078,1151,10,4,2000-01-09
5079,1152,11,2,2000-03-03
5080,1152,14,4,2000-05-04
5081,1153,13,3,2000-06-07
5082,1153,6,2,2000-01-01
5083,1153,3,4,2000-04-06
5084,1154,3,5,2000-02-27
5085,1154,13,5,2000-04-20
5086,1154,9,5,2000-06-08
5087,1154,13,5,2000-04-28
5088,1155,8,5,2000-01-24
5089,1155,11,1,2000-01-08
5090,1155,6,4,2000-02-12
5091,1156,5,3,2000-05-04
5092,1156,5,1,2000-02-10
5093,1156,7,4,2000-06-01
5094,1156,12,3,2000-05-31
5095,1156,6,4,2000-03-28
5096,1156,9,3,2000-01-19
5097,1157,13,5,2000-02-02
5098,1157,9,2,2000-05-02
5099,1157,9,5,2000-04-09
5100,1158,14,1,2000-02-23
5101,1158,4,4,2000-04-29
5102,1158,6,3,2000-02-07
5103,1158,13,4,2000-05-28
5104,1159,14,1,2000-03-01
5105,1159,4,2,2000-05-14
5106,1159,3,2,2000-04-30
5107,1159,12,3,2000-02-18
5108,1159,13,2,2000-04-17
5109,1159,1,2,2000-05-28
5110,1159,6,5,2000-01-22
5111,1160,6,1,2000-02-16
5112,1160,13,2,2000-01-19
5113,1161,14,1,2000-05-09
5114,1161,5,4,2000-02-17
5115,1161,4,5,2000-06-13
5116,1161,1,1,2000-02-21
5117,1162,5,5,2000-03-11
5118,1162,3,4,2000-03-10
5119,1162,13,2,2000-06-27
5120,1162,8,4,2000-02-20
5121,1162,9,1,2000-06-20
5122,1163,2,3,2000-06-19
5123,1163,9,3,2000-06-25
5124,1163,14,3,2000-03-01
5125,1163,2,3,2000-03-11
5126,1163,11,5,2000-04-16
5127,1163,5,5,2000-03-14
5128,1163,10,5,2000-02-14
5129,1164,6,5,2000-04-14
5130,1164,13,2,2000-04-28
5131,1164,7,5,2000-04-10
5132,1164,6,2,2000-01-18
5133,1164,7,4,2000-03-24
5134,1164,4,2,2000-04-01
5135,1164,8,4,2000-02-08
5136,1164,4,5,2000-04-12
5137,1165,11,5,2000-03-26
5138,1165,6,4,2000-01-21
5139,1165,9,2,2000-06-19
5140,1165,4,2,2000-04-24
5141,1165,6,1,2000-04-23
5142,1165,6,5,2000-06-04
5143,1166,12,5,2000-01-27
5144,1166,13,5,2000-03-28
5145,1166,13,4,2000-05-22
5146,1166,12,2,2000-03-24
5147,1166,4,3,2000-06-11
5148,1166,9,4,2000-06-06
5149,1166,14,3,2000-01-17
5150,1167,10,2,2000-03-09
5151,1167,8,5,2000-02-11
5152,1167,5,4,2000-02-19
5153,1168,9,5,2000-04-06
5154,1168,9,3,2000-02-13
5155,1168,2,2,2000-03-22
5156,1168,12,2,2000-04-19
5157,1168,7,2,2000-01-23
5158,1169,12,1,2000-01-24
5159,1169,4,2,2000-04-20
5160,1169,6,3,2000-03-02
5161,1170,11,1,2000-02-13
5162,1170,4,1,2000-04-27
5163,1170,8,4,2000-02-13
5164,1170,2,4,2000-02-14
5165,1170,4,3,2000-06-26
5166,1170,11,1,2000-02-13
5167,1170,7,4,2000-06-16
5168,1170,14,5,2000-01-30
5169,1171,3,4,2000-05-03
5170,1171,7,5,2000-01-25
5171,1171,5,2,2000-03-18
5172,1171,2,1,2000-03-22
5173,1171,12,4,2000-06-15
5174,1171,11,4,2000-06-03
5175,1171,13,5,2000-02-21
5176,1171,8,3,2000-01-16
5177,1172,5,3,2000-04-27
5178,1172,12,5,2000-02-19
5179,1172,7,1,2000-02-09
5180,1172,7,4,2000-04-05
5181,1173,2,4,2000-02-16
5182,1173,2,2,2000-03-23
5183,1173,7,2,2000-05-16
5184,1173,2,5,2000-05-31
5185,1173,7,2,2000-05-20
5186,1174,11,3,2000-06-28
5187,1174,5,1,2000-06-02
5188,1174,6,5,2000-04-27
5189,1174,13,3,2000-03-25
5190,1174,7,1,2000-03-24
5191,1174,8,4,2000-03-21
5192,1175,5,4,2000-06-22
5193,1175,9,2,2000-03-27
5194,1175,8,2,2000-01-22
5195,1175,2,4,2000-02-15
5196,1175,8,4,2000-06-12
5197,1175,13,1,2000-03-13
5198,1175,3,3,2000-02-02
5199,1175,6,1,2000-01-31
5200,1176,14,2,2000-06-21
5201,1176,6,2,2000-06-07
5202,1176,9,3,2000-01-27
5203,1176,8,3,2000-02-02
5204,1176,3,2,2000-01-27
5205,1176,12,3,2000-04-03
5206,1176,11,5,2000-01-03
5207,1177,8,5,2000-04-17
5208,1177,14,2,2000-03-01
5209,1177,11,4,2000-06-06
5210,1177,11,4,2000-03-19
5211,1177,6,2,2000-06-22
5212,1178,4,1,2000-04-23
5213,1178,14,4,2000-02-06
5214,1178,11,1,2000-01-10
5215,1179,2,4,2000-01-13
5216,1179,6,5,2000-03-13
5217,1179,3,2,2000-02-07
5218,1179,7,1,2000-04-29
5219,1179,9,3,2000-05-25
5220,1179,5,3,2000-04-06
5221,1179,14,1,2000-01-21
5222,1180,14,3,2000-06-12
5223,1180,3,4,2000-06-10
5224,1180,5,1,2000-06-11
5225,1180,10,4,2000-04-21
5226,1180,2,1,2000-04-16
5227,1180,6,4,2000-04-24
5228,1180,13,2,2000-02-05
5229,1181,6,5,2000-04-29
5230,1181,1,2,2000-06-12
5231,1181,5,4,2000-02-15
5232,1181,3,4,2000-03-26
5233,1181,11,1,2000-01-15
5234,1182,2,4,2000-01-24
5235,1182,6,1,2000-04-02
5236,1182,7,5,2000-02-15
5237,1182,7,3,2000-03-28
5238,1182,8,4,2000-04-12
5239,1183,5,5,2000-04-22
5240,1183,13,1,2000-06-07
5241,1183,4,4,2000-01-10
5242,1183,4,1,2000-05-19
5243,1183,5,3,2000-04-23
5244,1184,2,1,2000-04-04
5245,1184,12,2,2000-06-27
5246,1184,1,2,2000-03-17
5247,1184,1,3,2000-05-28
5248,1184,5,2,2000-01-17
5249,1185,11,2,2000-06-01
5250,1185,7,4,2000-02-19
5251,1185,5,5,2000-06-03
5252,1185,9,5,2000-05-17
5253,1185,3,3,2000-01-03
5254,1185,4,3,2000-01-22
5255,1185,4,4,2000-04-15
5256,1186,6,1,2000-01-31
5257,1186,1,3,2000-01-04
5258,1186,6,2,2000-05-02
5259,1186,14,2,2000-05-30
5260,1186,5,4,2000-02-01
5261,1186,6,2,2000-03-27
5262,1187,2,1,2000-05-31
5263,1187,1,1,2000-04-28
5264,1188,3,4,2000-06-19
5265,1188,11,3,2000-05-29
5266,1188,1,5,2000-04-30
5267,1189,2,4,2000-04-29
5268,1189,5,1,2000-05-16
5269,1189,7,1,2000-01-29
5270,1189,8,4,2000-01-15
5271,1189,2,5,2000-04-11
5272,1190,14,5,2000-04-11
5273,1190,9,3,2000-05-22
5274,1190,8,5,2000-02-04
5275,1190,1,1,2000-01-20
5276,1190,6,3,2000-03-31
5277,1190,3,5,2000-03-26
5278,1190,13,2,2000-04-26
5279,1191,1,3,2000-05-27
5280,1191,2,1,2000-05-13
5281,1191,11,3,2000-02-15
5282,1192,13,3,2000-03-19
5283,1192,8,1,2000-03-16
5284,1192,10,3,2000-02-27
5285,1192,9,5,2000-03-11
5286,1192,4,5,2000-01-12
5287,1192,3,5,2000-05-18
5288,1192,2,1,2000-06-18
5289,1192,14,3,2000-01-07
5290,1193,11,2,2000-01-15
5291,1193,10,4,2000-05-03
5292,1193,12,4,2000-06-04
5293,1194,10,3,2000-02-27
5294,1194,7,5,2000-02-12
5295,1194,12,5,2000-01-01
5296,1195,10,2,2000-02-26
5297,1195,8,2,2000-02-02
5298,1195,8,3,2000-06-11
5299,1196,3,4,2000-05-13
5300,1196,14,1,2000-01-22
5301,1196,6,3,2000-01-26
5302,1196,13,3,2000-03-21
5303,1196,12,2,2000-02-16
5304,1197,5,5,2000-03-19
5305,1197,9,5,2000-05-08
5306,1197,12,5,2000-04-30
5307,1197,2,3,2000-04-28
5308,1198,11,5,2000-05-25
5309,1198,7,1,2000-02-17
5310,1198,5,1,2000-04-24
5311,1198,6,5,2000-06-24
5312,1198,5,3,2000-06-09
5313,1198,4,1,2000-03-26
5314,1198,12,4,2000-02-29
5315,1198,7,5,2000-05-23
5316,1199,7,4,2000-04-20
5317,1199,11,3,2000-05-11
5318,1199,5,1,2000-01-11
5319,1199,10,5,2000-03-06
5320,1199,13,3,2000-04-24
5321,1199,2,4,2000-01-09
5322,1200,4,3,2000-04-10
5323,1200,2,4,2000-03-11
5324,1200,10,2,2000-02-13
5325,1200,2,4,2000-03-17
5326,1201,5,3,2000-01-30
5327,1201,8,3,2000-01-05
5328,1201,4,5,2000-02-08
5329,1201,13,5,2000-05-06
5330,1201,3,5,2000-04-11
5331,1201,9,5,2000-05-14
5332,1201,7,4,2000-02-11
5333,1201,9,5,2000-02-24
5334,1202,2,4,2000-06-07
5335,1202,4,5,2000-01-31
5336,1202,4,2,2000-05-15
5337,1202,12,3,2000-03-21
5338,1203,8,5,2000-02-17
5339,1203,8,3,2000-06-21
5340,1204,11,1,2000-04-25
5341,1204,10,3,2000-05-09
5342,1204,12,5,2000-01-25
5343,1205,6,2,2000-03-08
5344,1205,1,1,2000-05-20
5345,1205,5,4,2000-01-18
5346,1205,2,2,2000-05-11
5347,1205,2,3,2000-02-04
5348,1205,14,2,2000-04-05
5349,1205,13,2,2000-05-20
5350,1205,14,1,2000-05-11
5351,1206,3,4,2000-06-12
5352,1206,6,4,2000-06-01
5353,1206,8,5,2000-03-21
5354,1206,11,5,2000-06-21
5355,1207,4,5,2000-04-13
5356,1207,9,3,2000-02-11
5357,1207,3,3,2000-05-23
5358,1207,12,2,2000-04-05
5359,1207,3,2,2000-04-23
5360,1207,4,3,2000-06-26
5361,1207,7,1,2000-03-27
5362,1208,12,1,2000-06-19
5363,1208,5,1,2000-04-15
5364,1208,13,4,2000-03-19
5365,1208,13,4,2000-05-20
5366,1209,13,1,2000-06-17
5367,1210,2,4,2000-03-17
5368,1210,1,3,2000-06-23
5369,1210,13,4,2000-04-27
5370,1210,13,2,2000-01-21
5371,1210,14,5,2000-01-10
5372,1210,3,4,2000-01-29
5373,1211,8,4,2000-06-26
5374,1211,7,1,2000-05-07
5375,1211,4,4,2000-02-10
5376,1211,4,5,2000-03-04
5377,1211,10,1,2000-02-08
5378,1212,5,4,2000-06-25
5379,1212,14,5,2000-05-05
5380,1212,7,5,2000-03-11
5381,1212,8,2,2000-04-11
5382,1213,11,2,2000-01-09
5383,1213,4,2,2000-04-16
5384,1213,1,5,2000-03-09
5385,1213,6,1,2000-04-27
5386,1214,14,2,2000-02-07
5387,1214,5,2,2000-02-11
5388,1214,9,2,2000-05-06
5389,1214,12,5,2000-02-09
5390,1214,11,5,2000-01-12
5391,1214,5,1,2000-06-01
5392,1215,4,2,2000-05-02
5393,1215,5,4,2000-01-22
5394,1216,9,1,2000-06-18
5395,1216,8,2,2000-01-07
5396,1216,10,4,2000-04-09
5397,1216,8,5,2000-06-24
5398,1216,10,4,2000-03-29
5399,1216,6,1,2000-05-19
5400,1216,5,4,2000-05-12
5401,1216,13,1,2000-06-27
5402,1217,1,3,2000-03-17
5403,1217,11,3,2000-03-12
5404,1217,5,3,2000-03-23
5405,1217,6,5,2000-06-24
3523,805,2,4,2000-02-14
3524,805,3,4,2000-01-01
3525,805,14,5,2000-02-09
3526,805,14,3,2000-01-06
3527,805,5,5,2000-02-19
3528,805,13,1,2000-04-23
3529,806,1,4,2000-02-08
3530,806,2,5,2000-06-18
3531,806,1,2,2000-04-05
3532,806,4,5,2000-02-04
3533,806,5,3,2000-03-07
3534,806,4,2,2000-04-18
3535,806,3,3,2000-01-26
3536,807,14,3,2000-04-13
3537,807,11,1,2000-03-14
3538,807,1,3,2000-02-24
3539,808,3,3,2000-06-04
3540,808,14,2,2000-01-24
3541,808,8,4,2000-03-01
3542,808,2,5,2000-03-03
3543,808,12,2,2000-03-26
3544,808,1,4,2000-03-03
3545,809,12,2,2000-05-11
3546,809,12,1,2000-06-20
3547,809,4,1,2000-02-09
3548,809,4,3,2000-02-18
3549,809,3,4,2000-03-09
3550,809,6,2,2000-05-24
3551,810,1,3,2000-06-19
3552,810,10,4,2000-06-20
3553,810,8,4,2000-03-08
3554,810,1,1,2000-06-15
3555,810,1,3,2000-04-14
3556,810,9,5,2000-05-10
3557,810,12,1,2000-06-26
3558,811,10,4,2000-04-16
3559,811,9,4,2000-06-05
3560,811,10,5,2000-01-20
3561,811,9,5,2000-06-25
3562,812,13,1,2000-03-07
3563,812,13,4,2000-05-27
3564,812,11,1,2000-04-17
3565,812,13,2,2000-02-15
3566,813,9,1,2000-04-11
3567,813,11,3,2000-01-12
3568,813,9,3,2000-05-07
3569,813,2,3,2000-05-22
3570,813,2,4,2000-04-22
3571,813,9,5,2000-01-21
3572,814,14,3,2000-01-06
3573,815,7,3,2000-03-18
3574,815,8,4,2000-02-24
3575,815,7,2,2000-02-28
3576,816,2,5,2000-01-11
3577,816,1,4,2000-06-21
3578,816,1,1,2000-04-22
3579,816,12,5,2000-06-13
3580,816,11,4,2000-01-29
3581,816,5,1,2000-03-21
3582,817,12,2,2000-06-16
3583,817,3,2,2000-03-19
3584,817,9,4,2000-06-19
3585,817,1,3,2000-06-09
3586,818,5,2,2000-04-20
3587,818,13,2,2000-03-31
3588,819,1,3,2000-05-26
3589,819,13,2,2000-04-12
3590,820,7,4,2000-02-10
3591,820,10,2,2000-05-11
3592,821,8,3,2000-04-05
3593,822,6,2,2000-04-27
3594,822,9,2,2000-01-28
3595,822,4,4,2000-01-18
3596,822,10,4,2000-01-12
3597,822,10,1,2000-01-08
3598,823,7,1,2000-01-04
3599,823,1,3,2000-02-16
3600,823,11,5,2000-01-08
3601,823,12,1,2000-03-14
3602,823,8,2,2000-03-24
3603,823,6,3,2000-04-03
3604,823,13,3,2000-04-11
3605,824,2,3,2000-06-07
3606,824,12,2,2000-06-27
3607,824,9,1,2000-03-24
3608,824,11,4,2000-02-16
3609,824,11,5,2000-06-27
3610,824,4,4,2000-01-14
3611,824,2,4,2000-03-19
3612,824,11,5,2000-05-10
3613,825,2,5,2000-04-28
3614,825,13,5,2000-05-01
3615,825,3,3,2000-03-21
3616,825,10,2,2000-06-03
3617,825,1,2,2000-03-23
3618,825,8,4,2000-05-21
3619,825,9,2,2000-01-23
3620,826,7,4,2000-05-01
3621,826,11,1,2000-03-08
3622,826,5,2,2000-05-30
3623,826,14,4,2000-05-25
3624,827,8,1,2000-04-06
3625,827,6,5,2000-05-19
3626,827,8,4,2000-06-13
3627,827,14,4,2000-06-07
3628,827,7,1,2000-01-10
3629,827,11,1,2000-03-13
3630,827,1,1,2000-01-30
3631,827,8,1,2000-01-05
3632,828,9,5,2000-06-18
3633,828,11,4,2000-04-02
3634,828,10,1,2000-06-12
3635,828,3,3,2000-06-09
3636,828,2,3,2000-04-21
3637,829,13,3,2000-03-29
3638,829,6,3,2000-02-14
3639,829,11,2,2000-03-13
3640,829,8,3,2000-03-19
3641,829,3,4,2000-04-23
3642,830,10,3,2000-02-11
3643,830,1,4,2000-05-13
3644,831,7,5,2000-04-26
3645,831,6,1,2000-05-25
3646,831,5,2,2000-06-06
3647,831,13,1,2000-04-18
3648,831,13,2,2000-04-30
3649,832,12,2,2000-02-27
3650,832,6,3,2000-04-12
3651,832,8,2,2000-03-21
3652,832,14,5,2000-01-30
3653,832,10,4,2000-01-15
3654,832,12,5,2000-05-01
3655,833,8,5,2000-05-03
3656,834,10,5,2000-06-22
3657,834,13,4,2000-06-14
3658,835,6,4,2000-03-06
3659,835,1,5,2000-01-15
3660,835,5,5,2000-06-24
3661,835,10,1,2000-05-17
3662,835,2,4,2000-01-01
3663,836,5,2,2000-05-22
3664,836,2,3,2000-03-28
3665,836,12,2,2000-06-02
3666,836,10,5,2000-04-21
3667,837,3,1,2000-06-13
3668,837,3,2,2000-04-05
3669,837,12,4,2000-02-25
3670,837,8,3,2000-02-09
3671,837,7,5,2000-02-26
3672,837,12,1,2000-02-19
3673,837,4,5,2000-05-05
3674,837,2,1,2000-01-15
3675,838,12,2,2000-02-02
3676,838,12,3,2000-04-11
3677,839,4,1,2000-03-23
3678,840,13,3,2000-02-09
3679,841,13,2,2000-04-29
3680,841,7,3,2000-01-10
3681,841,7,3,2000-02-13
3682,841,9,3,2000-05-01
3683,841,7,4,2000-03-03
3684,842,1,4,2000-04-17
3685,842,9,4,2000-04-21
3686,842,6,2,2000-02-26
3687,842,13,4,2000-04-19
3688,842,4,1,2000-06-01
3689,842,11,2,2000-04-28
3690,842,4,1,2000-02-21
3691,842,11,4,2000-06-26
3692,843,3,5,2000-02-04
3693,843,13,2,2000-02-26
3694,843,1,2,2000-03-09
3695,843,10,1,2000-01-28
3696,844,9,4,2000-03-22
3697,844,10,4,2000-05-08
3698,844,14,5,2000-05-30
3699,844,10,1,2000-02-01
3700,844,12,2,2000-01-15
3701,844,9,5,2000-04-28
3702,844,13,3,2000-03-13
3703,845,8,1,2000-06-28
3704,845,2,2,2000-05-01
3705,845,3,1,2000-01-08
3706,845,10,1,2000-05-05
3707,845,10,5,2000-04-01
3708,845,11,1,2000-01-12
3709,845,12,1,2000-06-17
3710,846,10,5,2000-02-07
3711,846,2,5,2000-04-06
3712,846,13,1,2000-03-10
3713,846,4,4,2000-04-02
3714,846,10,3,2000-03-08
3715,847,9,4,2000-04-20
3716,847,13,1,2000-05-12
3717,848,12,4,2000-02-07
3718,848,12,5,2000-04-26
3719,848,3,4,2000-03-21
3720,848,11,2,2000-03-20
3721,848,9,1,2000-04-17
3722,849,4,1,2000-04-07
3723,849,4,4,2000-02-22
3724,849,5,4,2000-01-04
3725,849,8,4,2000-01-04
3726,849,4,3,2000-06-23
3727,849,13,1,2000-05-28
3728,850,13,4,2000-02-29
3729,850,1,5,2000-06-06
3730,850,2,5,2000-03-10
3731,850,11,5,2000-01-26
3732,851,14,4,2000-04-04
3733,852,11,2,2000-01-24
3734,852,3,4,2000-04-18
3735,852,6,3,2000-06-10
3736,852,6,4,2000-05-10
3737,852,10,3,2000-04-02
3738,852,1,3,2000-02-12
3739,853,9,1,2000-05-31
3740,854,10,3,2000-05-05
3741,854,5,3,2000-02-28
3742,854,12,4,2000-02-01
3743,854,11,4,2000-02-15
3744,854,2,1,2000-05-16
3745,854,9,2,2000-06-15
3746,855,14,4,2000-04-04
3747,855,9,1,2000-06-13
3748,855,13,5,2000-05-25
3749,855,11,5,2000-02-24
3750,855,1,5,2000-06-12
3751,855,13,4,2000-05-07
3752,855,8,1,2000-02-03
3753,856,2,1,2000-03-04
3754,856,5,5,2000-01-14
3755,856,7,2,2000-01-14
3756,856,10,4,2000-05-11
3757,857,14,3,2000-04-17
3758,858,9,4,2000-02-17
3759,858,6,3,2000-05-01
3760,858,4,2,2000-02-24
3761,859,7,2,2000-04-25
3762,860,14,4,2000-04-29
3763,860,13,2,2000-02-03
3764,860,9,2,2000-04-08
3765,860,11,3,2000-04-12
3766,860,8,3,2000-06-22
3767,860,4,1,2000-01-18
3768,860,3,1,2000-05-11
3769,860,9,2,2000-06-26
3770,861,2,3,2000-06-15
3771,862,5,5,2000-05-09
3772,862,9,3,2000-06-19
3773,863,2,3,2000-03-29
3774,863,12,3,2000-02-20
3775,863,10,3,2000-01-02
3776,863,9,5,2000-06-21
3777,863,2,5,2000-05-21
3778,863,14,4,2000-04-13
3779,864,1,1,2000-05-23
3780,864,2,3,2000-03-26
3781,864,10,1,2000-04-27
3782,865,13,5,2000-04-26
3783,865,5,1,2000-04-10
3784,865,10,1,2000-05-12
3785,865,3,3,2000-04-07
3786,865,14,2,2000-06-11
3787,866,3,5,2000-05-24
3788,866,7,1,2000-04-08
3789,866,13,3,2000-04-07
3790,866,9,1,2000-04-15
3791,866,5,4,2000-05-04
3792,867,5,3,2000-02-16
3793,868,11,5,2000-05-30
3794,868,1,4,2000-04-25
3795,868,10,3,2000-04-10
3796,868,12,4,2000-02-24
3797,868,13,5,2000-01-19
3798,868,7,2,2000-06-22
3799,868,9,3,2000-02-28
3800,869,11,5,2000-02-05
3801,869,1,5,2000-03-02
3802,870,11,5,2000-01-14
3803,870,14,5,2000-01-10
3804,870,2,4,2000-02-19
3805,870,6,3,2000-01-11
3806,871,5,4,2000-04-03
3807,871,7,1,2000-01-21
3808,871,13,3,2000-03-26
3809,871,11,1,2000-06-16
3810,871,8,4,2000-04-04
3811,871,9,4,2000-05-10
3812,872,4,1,2000-06-06
3813,872,8,3,2000-02-14
3814,872,4,5,2000-05-15
3815,872,3,1,2000-05-22
3816,872,5,1,2000-06-18
3817,872,12,4,2000-05-27
3818,872,2,2,2000-01-23
3819,873,6,5,2000-03-02
3820,873,14,4,2000-04-25
3821,873,2,5,2000-01-19
3822,873,7,5,2000-01-18
3823,874,14,3,2000-01-07
3824,874,14,1,2000-05-22
3825,874,5,2,2000-05-23
3826,874,7,1,2000-06-06
3827,874,7,3,2000-03-14
3828,874,2,2,2000-03-10
3829,874,10,2,2000-01-21
3830,874,14,4,2000-03-10
3831,875,9,3,2000-06-19
3832,875,9,4,2000-05-27
3833,875,11,2,2000-03-28
3834,875,2,4,2000-01-12
3835,875,10,2,2000-01-26
3836,875,13,1,2000-01-15
3837,876,2,5,2000-03-14
3838,876,6,5,2000-05-06
3839,876,4,3,2000-01-08
3840,876,9,1,2000-03-31
3841,876,13,1,2000-05-05
3842,877,6,3,2000-06-25
3843,877,9,4,2000-01-06
3844,877,6,3,2000-04-13
3845,877,6,5,2000-03-07
3846,878,10,1,2000-03-19
3847,878,6,2,2000-05-30
3848,879,11,2,2000-06-04
3849,879,8,2,2000-05-31
3850,879,1,3,2000-06-12
3851,879,10,5,2000-06-18
3852,879,11,5,2000-01-27
3853,879,6,4,2000-02-26
3854,879,9,3,2000-05-18
3855,879,3,5,2000-06-25
3856,880,12,5,2000-02-04
3857,880,3,5,2000-03-07
3858,880,13,3,2000-03-30
3859,880,2,2,2000-05-17
3860,880,1,5,2000-06-04
3861,880,8,5,2000-02-15
3862,881,8,5,2000-03-08
3863,882,9,1,2000-06-23
3864,882,13,1,2000-04-02
3865,882,11,4,2000-02-29
3866,882,10,1,2000-03-06
3867,882,1,2,2000-05-03
3868,882,1,4,2000-05-08
3869,882,14,5,2000-05-05
3870,883,9,4,2000-03-26
3871,884,8,3,2000-03-11
3872,884,12,4,2000-06-16
3873,884,4,3,2000-06-20
3874,884,14,1,2000-01-19
3875,884,2,2,2000-06-20
3876,885,7,2,2000-04-19
3877,885,3,3,2000-04-06
3878,885,8,2,2000-02-13
3879,885,1,5,2000-05-19
3880,885,8,2,2000-05-17
3881,885,10,3,2000-02-20
3882,885,6,4,2000-04-03
3883,886,2,5,2000-02-12
3884,886,9,5,2000-01-27
3885,886,11,2,2000-06-19
3886,886,10,3,2000-03-16
3887,886,8,3,2000-06-20
3888,886,14,4,2000-03-23
3889,886,11,5,2000-06-15
3890,887,5,3,2000-02-09
3891,887,12,3,2000-04-10
3892,888,2,3,2000-02-12
3893,888,8,3,2000-03-18
3894,888,5,5,2000-03-07
3895,888,3,2,2000-01-07
3896,888,13,2,2000-03-10
3897,888,11,1,2000-05-27
3898,889,12,5,2000-04-03
3899,889,3,2,2000-05-19
3900,890,2,5,2000-03-29
3901,890,5,5,2000-06-02
3902,890,12,5,2000-02-27
3903,890,13,2,2000-06-12
3904,891,7,2,2000-03-07
3905,891,4,2,2000-01-12
3906,891,8,1,2000-04-27
3907,891,3,3,2000-04-19
3908,891,9,1,2000-03-24
3909,891,1,3,2000-04-09
3910,891,12,5,2000-01-06
3911,892,1,3,2000-02-28
3912,892,11,3,2000-01-18
3913,892,1,3,2000-05-29
3914,892,7,3,2000-02-19
3915,892,9,2,2000-02-17
3916,893,8,5,2000-05-01
3917,893,5,3,2000-04-11
3918,893,9,1,2000-05-03
3919,893,8,3,2000-04-03
3920,893,10,1,2000-02-24
3921,893,10,3,2000-03-03
3922,894,8,5,2000-02-28
3923,894,9,3,2000-04-19
3924,894,7,1,2000-03-25
3925,894,14,2,2000-05-30
3926,894,6,2,2000-01-29
3927,894,13,5,2000-03-19
3928,895,5,1,2000-05-16
3929,895,12,3,2000-06-09
3930,895,14,1,2000-01-26
3931,895,1,4,2000-06-07
3932,895,2,5,2000-05-01
3933,895,10,3,2000-04-08
3934,895,9,2,2000-04-05
3935,895,5,5,2000-03-27
3936,896,2,5,2000-01-22
3937,896,2,1,2000-06-15
3938,896,6,5,2000-06-19
3939,896,10,4,2000-01-02
3940,896,12,3,2000-01-15
3941,896,10,4,2000-03-28
3942,896,3,1,2000-01-01
3943,897,4,3,2000-05-31
3944,897,11,3,2000-04-07
3945,897,12,4,2000-02-06
3946,897,13,4,2000-04-17
3947,898,13,4,2000-03-21
3948,899,4,5,2000-05-09
3949,899,2,3,2000-03-28
3950,899,8,1,2000-01-07
3951,899,12,1,2000-03-10
3952,899,2,1,2000-01-21
3953,899,5,2,2000-01-06
3954,900,10,4,2000-05-03
3955,901,14,5,2000-04-21
3956,901,5,5,2000-06-24
3957,901,13,3,2000-06-13
3958,902,11,5,2000-06-02
3959,902,11,2,2000-01-19
3960,903,2,2,2000-01-26
3961,904,6,3,2000-04-03
3962,904,6,4,2000-06-17
3963,905,11,2,2000-06-06
3964,906,8,4,2000-03-26
3965,906,11,4,2000-02-13
3966,907,7,4,2000-02-14
3967,907,4,3,2000-01-25
3968,907,11,2,2000-02-03
3969,907,14,2,2000-06-18
3970,907,1,1,2000-06-09
3971,907,14,2,2000-01-11
3972,907,14,2,2000-06-01
3973,908,9,2,2000-04-29
3974,908,7,2,2000-05-03
3975,908,3,3,2000-02-29
3976,909,8,1,2000-06-21
3977,909,6,5,2000-01-21
3978,910,6,5,2000-06-22
3979,910,13,1,2000-04-17
3980,910,8,4,2000-02-10
3981,910,3,4,2000-05-21
3982,910,9,1,2000-05-16
3983,911,6,1,2000-03-12
3984,911,5,1,2000-01-03
3985,911,11,5,2000-06-09
3986,911,10,1,2000-05-14
3987,911,2,3,2000-02-04
3988,911,12,4,2000-04-20
3989,912,9,1,2000-03-08
3990,912,7,3,2000-06-09
3991,912,5,1,2000-04-18
3992,912,3,4,2000-02-17
3993,913,14,3,2000-05-02
3994,913,9,3,2000-05-02
3995,914,3,3,2000-01-03
3996,914,6,1,2000-01-12
3997,914,12,2,2000-01-27
3998,914,2,2,2000-03-15
3999,914,3,1,2000-01-07
4000,914,5,3,2000-02-19
4001,914,6,5,2000-01-07
4002,915,6,4,2000-06-25
4003,915,7,1,2000-04-09
4004,915,10,1,2000-04-18
4005,915,4,3,2000-05-02
4006,916,13,5,2000-06-16
4007,916,9,2,2000-03-17
4008,916,3,2,2000-03-16
4009,917,6,1,2000-02-24
4010,917,2,1,2000-06-19
4011,917,2,4,2000-06-15
4012,917,8,1,2000-01-15
4013,917,11,1,2000-02-28
4014,917,3,5,2000-06-25
4015,917,6,4,2000-04-07
4016,918,8,4,2000-05-25
4017,918,13,3,2000-03-05
4018,918,6,4,2000-04-05
4019,918,9,2,2000-05-25
4020,919,9,2,2000-05-09
4021,919,5,1,2000-02-05
4022,919,14,3,2000-01-08
4023,919,12,5,2000-01-26
4024,920,6,2,2000-01-08
4025,920,8,3,2000-03-07
4026,920,7,3,2000-02-09
4027,920,4,2,2000-06-20
4028,921,2,3,2000-04-10
4029,921,2,3,2000-02-14
4030,921,7,4,2000-05-29
4031,921,13,1,2000-03-28
4032,921,12,1,2000-05-24
4033,921,14,2,2000-04-25
4034,922,3,3,2000-02-17
4035,922,10,3,2000-02-01
4036,922,5,4,2000-04-27
4037,922,9,2,2000-03-13
4038,922,11,2,2000-06-13
4039,922,3,4,2000-03-14
4040,922,7,3,2000-02-06
4041,922,11,4,2000-04-04
4042,923,8,4,2000-02-04
4043,924,11,5,2000-01-03
4044,925,7,5,2000-01-26
4045,925,14,4,2000-05-07
4046,925,1,2,2000-04-26
4047,925,11,2,2000-06-19
4048,926,6,3,2000-01-01
4049,926,4,1,2000-03-09
4050,926,2,2,2000-04-24
4051,926,4,3,2000-06-03
4052,926,11,3,2000-01-11
4053,926,1,1,2000-04-22
4054,926,1,2,2000-03-11
4055,927,3,5,2000-04-14
4056,927,13,3,2000-04-19
4057,928,4,4,2000-04-18
4058,928,4,5,2000-03-30
4059,928,8,5,2000-05-10
4060,928,2,3,2000-01-07
4061,929,10,5,2000-02-23
4062,929,12,3,2000-01-19
4063,929,1,5,2000-06-18
4064,929,4,5,2000-06-08
4065,930,11,3,2000-05-09
4066,930,4,3,2000-03-11
4067,930,13,4,2000-03-31
4068,931,3,1,2000-05-13
4069,931,5,5,2000-06-19
4070,931,9,2,2000-01-28
4071,931,13,5,2000-02-05
4072,931,14,4,2000-05-22
4073,931,4,1,2000-04-09
4074,931,5,2,2000-03-15
4075,932,3,4,2000-06-02
4076,932,1,3,2000-02-06
4077,932,10,1,2000-02-28
4078,932,13,2,2000-04-07
4079,933,8,5,2000-06-08
4080,933,12,4,2000-05-29
4081,934,2,4,2000-03-15
4082,934,2,5,2000-02-13
4083,935,11,5,2000-04-19
4084,935,13,2,2000-06-03
4085,935,3,3,2000-01-31
4086,935,2,3,2000-03-08
4087,935,14,1,2000-03-12
4088,935,7,1,2000-02-22
4089,936,2,4,2000-03-12
4090,936,2,3,2000-04-04
4091,936,9,3,2000-05-17
4092,936,4,3,2000-04-04
4093,937,7,4,2000-05-23
4094,937,10,3,2000-05-01
4095,937,1,4,2000-06-27
4096,937,13,4,2000-03-01
4097,937,1,3,2000-05-12
4098,937,7,2,2000-04-13
4099,937,10,3,2000-06-28
4100,937,8,5,2000-01-15
4101,938,3,3,2000-05-09
4102,938,6,2,2000-03-26
4103,939,7,2,2000-03-05
4104,939,13,3,2000-06-04
4105,939,11,2,2000-01-30
4106,939,4,1,2000-03-16
4107,939,1,3,2000-05-28
4108,940,5,1,2000-01-04
4109,940,7,2,2000-02-27
4110,940,10,4,2000-02-18
4111,940,4,4,2000-05-16
4112,941,8,2,2000-02-05
4113,941,13,4,2000-03-19
4114,941,12,4,2000-01-20
4115,942,9,1,2000-02-09
4116,942,12,3,2000-05-23
4117,942,5,1,2000-04-19
4118,942,4,5,2000-05-13
4119,943,2,1,2000-05-11
4120,943,14,4,2000-04-23
4121,943,8,4,2000-05-25
4122,943,5,1,2000-03-09
4123,943,10,2,2000-06-08
4124,944,9,3,2000-01-01
4125,944,8,5,2000-01-07
4126,944,5,2,2000-05-28
4127,944,9,1,2000-03-06
4128,944,12,2,2000-05-03
4129,944,8,2,2000-04-30
4130,945,7,2,2000-04-20
4131,946,3,3,2000-01-04
4132,946,10,5,2000-02-26
4133,946,9,1,2000-03-06
4134,946,3,2,2000-01-10
4135,947,11,4,2000-01-17
4136,947,13,2,2000-02-24
4137,947,6,2,2000-01-30
4138,947,7,2,2000-01-15
4139,947,5,2,2000-05-03
4140,947,14,2,2000-02-24
4141,948,5,4,2000-04-17
4142,948,3,4,2000-02-17
4143,948,6,3,2000-01-22
4144,948,14,1,2000-05-12
4145,949,9,3,2000-06-17
4146,949,14,4,2000-04-12
4147,949,13,4,2000-05-14
4148,949,13,1,2000-01-03
4149,949,7,4,2000-06-24
4150,949,7,2,2000-04-11
4151,950,3,3,2000-03-04
4152,950,5,5,2000-03-04
4153,950,9,3,2000-06-08
4154,950,9,5,2000-02-13
4155,951,1,4,2000-02-25
4156,951,14,5,2000-03-15
4157,951,11,3,2000-01-11
4158,951,9,1,2000-04-25
4159,952,4,3,2000-06-14
4160,952,2,1,2000-01-28
4161,952,12,5,2000-01-04
4162,952,14,5,2000-06-06
4163,953,13,2,2000-05-26
4164,954,3,3,2000-04-11
4165,954,11,1,2000-05-26
4166,954,13,5,2000-03-09
4167,954,3,4,2000-02-12
4168,955,11,4,2000-02-05
4169,955,5,3,2000-03-07
4170,955,13,4,2000-03-05
4171,955,6,1,2000-04-18
4172,955,13,4,2000-05-07
4173,955,3,2,2000-05-31
4174,956,5,3,2000-05-22
4175,956,14,3,2000-04-29
4176,956,7,5,2000-05-19
4177,956,3,3,2000-06-15
4178,956,2,5,2000-04-06
4179,956,3,1,2000-01-23
4180,956,7,3,2000-01-17
4181,957,11,5,2000-04-15
4182,957,10,2,2000-02-16
4183,957,11,1,2000-05-02
4184,957,13,2,2000-03-13
4185,957,4,3,2000-05-07
4186,957,6,3,2000-03-04
4187,957,5,2,2000-04-24
4188,958,13,3,2000-04-23
4189,958,1,1,2000-04-30
4190,959,10,2,2000-01-11
4191,960,8,1,2000-05-02
4192,960,7,4,2000-04-30
4193,960,13,5,2000-05-26
4194,960,13,1,2000-02-28
4195,960,10,1,2000-04-02
4196,960,7,5,2000-03-10
4197,961,7,4,2000-02-16
4198,961,1,1,2000-02-19
4199,961,7,3,2000-02-21
4200,961,3,2,2000-05-31
4201,961,11,2,2000-04-19
4202,961,14,2,2000-02-21
4203,961,7,1,2000-01-22
4204,962,8,4,2000-06-02
4205,962,11,2,2000-03-29
4206,962,9,1,2000-06-19
4207,962,14,1,2000-02-08
4208,962,5,4,2000-02-29
4209,962,7,1,2000-06-16
4210,962,3,2,2000-03-31
4211,962,9,2,2000-02-04
4212,963,4,1,2000-01-13
4213,963,3,3,2000-01-01
4214,963,6,1,2000-04-09
4215,963,4,1,2000-05-16
4216,963,11,1,2000-06-14
4217,963,2,5,2000-03-05
4218,963,8,5,2000-01-07
4219,964,9,1,2000-06-02
4220,964,7,5,2000-03-31
4221,964,8,3,2000-03-21
4222,964,3,3,2000-05-29
4223,964,2,2,2000-05-23
4224,964,13,5,2000-06-03
4225,964,8,2,2000-04-12
4226,964,10,4,2000-03-27
4227,965,12,5,2000-01-29
4228,965,6,4,2000-05-23
4229,965,7,5,2000-01-26
4230,965,6,4,2000-06-09
4231,965,3,2,2000-03-04
4232,965,14,4,2000-05-11
4233,965,12,1,2000-05-12
4234,965,10,2,2000-06-25
4235,966,9,3,2000-01-31
4236,966,13,1,2000-02-25
4237,966,9,3,2000-05-17
4238,966,12,1,2000-04-25
4239,966,12,1,2000-05-13
4240,966,8,5,2000-01-27
4241,966,4,2,2000-06-26
4242,966,1,5,2000-04-06
4243,967,6,5,2000-04-30
4244,967,7,3,2000-03-19
4245,967,10,5,2000-01-13
4246,967,12,5,2000-04-02
4247,967,7,5,2000-02-21
4248,967,12,1,2000-02-16
4249,967,10,5,2000-06-20
4250,967,1,2,2000-05-04
4251,968,3,4,2000-03-04
4252,968,4,3,2000-05-27
4253,968,7,5,2000-05-12
4254,968,6,1,2000-04-06
4255,968,4,5,2000-04-09
4256,968,5,4,2000-01-12
4257,968,12,4,2000-03-02
4258,969,1,5,2000-03-24
4259,969,1,4,2000-04-27
4260,969,4,4,2000-02-18
4261,969,1,1,2000-02-05
4262,969,13,5,2000-05-06
4263,969,8,5,2000-02-06
4264,970,7,5,2000-04-10
4265,970,13,4,2000-04-18
4266,970,10,3,2000-04-22
4267,970,12,1,2000-01-16
4268,970,4,3,2000-04-15
4269,970,13,4,2000-04-22
4270,970,4,4,2000-04-21
4271,970,6,4,2000-03-07
4272,971,2,5,2000-04-28
4273,971,7,2,2000-04-26
4274,971,8,1,2000-02-21
4275,971,12,2,2000-01-31
4276,971,10,4,2000-01-27
4277,971,5,2,2000-06-09
4278,971,10,1,2000-04-05
4279,971,14,5,2000-04-17
4280,972,8,3,2000-06-21
4281,972,5,1,2000-04-18
4282,972,8,3,2000-05-23
4283,972,2,2,2000-06-11
4284,972,2,1,2000-02-29
4285,973,2,1,2000-04-24
4286,973,10,1,2000-04-17
4287,973,5,1,2000-03-11
4288,973,14,5,2000-02-27
4289,973,10,4,2000-05-03
4290,973,3,5,2000-06-19
4291,973,6,2,2000-05-27
4292,974,11,5,2000-05-09
4293,975,3,3,2000-03-14
4294,975,3,4,2000-04-03
4295,975,8,5,2000-02-15
4296,975,1,3,2000-02-11
4297,975,3,3,2000-01-19
4298,976,13,5,2000-03-29
4299,976,12,1,2000-04-16
4300,976,12,3,2000-01-29
4301,976,4,3,2000-05-28
4302,976,9,2,2000-03-25
4303,977,4,4,2000-03-01
4304,977,7,3,2000-06-28
4305,977,11,3,2000-06-25
4306,977,10,1,2000-06-25
4307,977,13,3,2000-02-06
4308,978,13,3,2000-04-16
4309,978,8,5,2000-05-29
4310,979,12,3,2000-02-29
4311,979,8,4,2000-04-30
4312,979,1,,2000-05-20
4313,980,11,2,2000-03-21
4314,981,12,1,2000-06-14
4315,982,4,5,2000-04-30
4316,982,10,2,2000-05-11
4317,982,2,3,2000-01-06
4318,982,13,5,2000-02-13
4319,982,1,4,2000-06-06
4320,982,11,5,2000-03-07
4321,982,11,4,2000-05-04
4322,983,5,2,2000-02-07
4323,983,10,5,2000-03-04
4324,984,12,3,2000-04-05
4325,984,8,2,2000-01-04
4326,984,10,4,2000-03-25
4327,985,12,1,2000-04-05
4328,985,12,5,2000-06-01
4329,985,1,2,2000-01-22
4330,985,14,4,2000-06-15
4331,986,6,3,2000-05-22
4332,986,9,4,2000-03-23
4333,986,13,1,2000-06-02
4334,986,1,4,2000-04-15
4335,986,10,2,2000-01-09
4336,986,6,5,2000-01-04
4337,986,11,3,2000-04-14
4338,986,13,5,2000-03-16
4339,987,1,4,2000-01-30
4340,987,14,4,2000-04-22
4341,987,8,1,2000-04-05
4342,987,9,1,2000-06-21
4343,988,11,4,2000-01-22
4344,988,11,3,2000-05-01
4345,988,8,3,2000-04-25
4346,988,9,2,2000-05-03
4347,988,2,1,2000-02-07
4348,988,11,5,2000-05-02
4349,988,8,4,2000-04-09
4350,989,12,4,2000-04-07
4351,990,9,2,2000-05-10
4352,990,14,4,2000-04-26
4353,990,14,4,2000-06-18
4354,990,12,3,2000-01-15
4355,991,10,2,2000-05-30
4356,991,7,5,2000-04-03
4357,991,7,5,2000-04-10
4358,991,11,3,2000-01-04
4359,991,11,4,2000-05-13
4360,991,11,1,2000-05-08
4361,991,7,5,2000-04-11
4362,992,6,3,2000-03-05
4363,992,7,5,2000-02-04
4364,992,6,1,2000-06-04
4365,992,6,4,2000-06-28
4366,992,5,1,2000-02-06
4367,992,6,4,2000-01-06
4368,992,14,2,2000-02-15
4369,993,11,3,2000-04-07
4370,993,14,4,2000-06-27
4371,993,13,4,2000-02-29
4372,993,5,1,2000-04-10
4373,993,10,2,2000-06-08
4374,993,9,1,2000-05-21
4375,993,3,1,2000-02-05
4376,993,2,4,2000-05-23
4377,994,13,1,2000-03-04
4378,994,3,1,2000-05-26
4379,994,10,5,2000-03-25
4380,995,9,3,2000-05-19
4381,995,10,3,2000-04-19
4382,995,4,1,2000-03-12
4383,995,7,3,2000-05-22
4384,995,12,5,2000-02-25
4385,995,6,3,2000-04-08
4386,996,12,2,2000-06-27
4387,996,13,1,2000-05-17
4388,997,3,3,2000-06-25
4389,997,11,4,2000-05-24
4390,997,12,1,2000-06-22
4391,997,12,4,2000-02-05
4392,997,14,4,2000-03-02
4393,997,11,5,2000-03-06
4394,997,10,3,2000-02-21
4395,998,3,3,2000-05-02
4396,999,12,1,2000-05-06
4397,999,11,1,2000-02-21
4398,999,6,3,2000-03-09
4399,999,2,4,2000-06-22
4400,999,11,3,2000-06-21
4401,999,14,3,2000-03-27
4402,999,1,4,2000-04-26
4403,1000,7,4,2000-06-08
4404,1000,9,1,2000-01-25
4405,1000,10,3,2000-01-11
4406,1000,14,1,2000-04-04
4407,1000,6,1,2000-05-24
4408,1000,4,4,2000-04-02
4409,1000,5,4,2000-05-17
4410,1000,14,5,2000-01-18
4411,1001,2,2,2000-05-21
4412,1001,2,2,2000-04-15
4413,1001,2,3,2000-03-06
4414,1001,4,1,2000-04-05
4415,1001,3,1,2000-01-14
4416,1001,7,4,2000-02-06
4417,1001,14,5,2000-01-25
4418,1001,4,4,2000-06-17
4419,1002,4,3,2000-03-31
4420,1002,8,2,2000-04-25
4421,1002,13,4,2000-05-23
4422,1003,5,4,2000-03-15
4423,1003,7,4,2000-06-05
4424,1003,12,3,2000-03-21
4425,1003,14,2,2000-03-24
4426,1003,1,1,2000-02-23
4427,1003,10,3,2000-04-06
4428,1003,8,1,2000-02-17
4429,1003,9,2,2000-04-04
4430,1004,1,4,2000-01-02
4431,1004,6,4,2000-04-28
4432,1004,13,4,2000-01-16
4433,1004,7,1,2000-04-06
4434,1004,4,2,2000-06-17
4435,1005,13,5,2000-06-11
4436,1005,11,5,2000-04-15
4437,1006,6,2,2000-03-28
4438,1006,2,4,2000-02-06
4439,1006,4,2,2000-03-27
4440,1006,6,5,2000-03-11
4441,1006,1,1,2000-01-14
4442,1006,13,1,2000-03-13
4443,1007,14,4,2000-06-07
4444,1007,5,4,2000-04-20
4445,1007,9,1,2000-05-15
4446,1007,5,5,2000-03-28
4447,1007,11,3,2000-05-06
4448,1007,14,2,2000-06-07
4449,1008,10,1,2000-06-01
4450,1008,11,2,2000-03-30
4451,1008,11,2,2000-02-26
4452,1008,8,1,2000-05-05
4453,1008,12,3,2000-06-04
4454,1008,12,4,2000-05-26
4455,1008,12,3,2000-03-08
4456,1009,13,4,2000-06-18
4457,1009,12,1,2000-05-27
4458,1009,3,3,2000-01-08
4459,1009,13,1,2000-03-19
4460,1010,1,3,2000-05-20
4461,1010,7,5,2000-02-20
4462,1010,8,2,2000-05-24
4463,1010,2,1,2000-01-14
4464,1010,2,5,2000-02-21
4465,1011,4,5,2000-03-03
4466,1011,9,1,2000-06-22
4467,1011,3,5,2000-02-29
4468,1011,9,2,2000-04-10
4469,1011,2,4,2000-06-05
4470,1011,11,5,2000-02-03
4471,1011,1,1,2000-03-13
4472,1011,8,1,2000-02-05
4473,1012,12,3,2000-03-29
4474,1012,11,3,2000-05-02
4475,1012,9,1,2000-06-07
4476,1013,2,5,2000-02-29
4477,1013,12,1,2000-03-28
4478,1013,2,3,2000-04-27
4479,1013,9,4,2000-06-21
4480,1013,11,4,2000-04-18
4481,1013,9,2,2000-03-01
4482,1013,13,1,2000-05-28
4483,1013,1,5,2000-03-03
4484,1014,2,1,2000-05-19
4485,1014,10,2,2000-04-14
4486,1015,9,4,2000-06-20
4487,1015,14,5,2000-06-20
4488,1015,6,4,2000-06-20
4489,1015,9,3,2000-03-12
4490,1016,7,5,2000-02-18
4491,1016,13,4,2000-03-20
4492,1016,10,1,2000-03-23
4493,1017,9,1,2000-06-08
4494,1017,7,2,2000-02-24
4495,1017,1,1,2000-02-25
4496,1017,11,4,2000-06-14
4497,1017,13,1,2000-01-16
4498,1018,12,5,2000-03-18
4499,1019,2,4,2000-01-04
4500,1019,1,5,2000-02-01
4501,1019,3,3,2000-01-30
4502,1019,5,1,2000-01-28
4503,1019,11,5,2000-03-10
4504,1020,10,5,2000-06-10
4505,1020,1,2,2000-02-16
4506,1020,11,4,2000-06-21
4507,1020,3,3,2000-02-22
4508,1020,13,3,2000-01-28
4509,1020,12,2,2000-01-05
4510,1021,6,2,2000-02-12
4511,1022,11,1,2000-02-16
4512,1022,13,2,2000-02-27
4513,1022,14,2,2000-05-20
4514,1022,1,1,2000-04-28
4515,1022,12,4,2000-04-27
4516,1022,14,1,2000-06-25
4517,1022,3,3,2000-05-22
4518,1022,10,3,2000-06-14
4519,1023,8,5,2000-03-29
4520,1023,7,1,2000-05-23
4521,1023,14,3,2000-02-04
4522,1023,13,4,2000-05-21
4523,1023,10,1,2000-01-02
4524,1023,8,2,2000-03-17
4525,1023,2,3,2000-03-20
4526,1024,7,5,2000-06-07
4527,1024,4,5,2000-04-16
4528,1024,2,5,2000-01-09
4529,1024,4,1,2000-03-18
4530,1024,5,2,2000-04-20
4531,1024,9,4,2000-05-07
4532,1024,8,4,2000-01-03
4533,1025,8,3,2000-04-17
4534,1025,5,2,2000-01-24
4535,1025,8,4,2000-06-10
4536,1026,4,4,2000-04-30
4537,1026,14,1,2000-04-20
4538,1026,9,5,2000-03-02
4539,1027,12,2,2000-01-03
4540,1028,4,4,2000-03-22
4541,1028,14,1,2000-04-17
4542,1028,9,2,2000-02-19
4543,1028,14,4,2000-01-28
4544,1028,13,5,2000-05-06
4545,1028,3,5,2000-06-03
4546,1029,8,4,2000-02-25
4547,1029,3,1,2000-01-30
4548,1029,4,1,2000-06-03
4549,1030,1,3,2000-04-19
4550,1030,4,4,2000-01-27
4551,1030,13,3,2000-04-05
4552,1030,7,2,2000-06-28
4553,1030,1,4,2000-02-06
4554,1030,9,2,2000-03-28
4555,1030,9,4,2000-06-26
4556,1031,12,5,2000-05-22
4557,1031,3,3,2000-05-26
4558,1031,7,1,2000-05-14
4559,1032,2,3,2000-02-24
4560,1033,2,4,2000-03-18
4561,1033,9,5,2000-04-13
4562,1033,14,4,2000-03-05
4563,1033,8,1,2000-01-05
4564,1034,11,2,2000-01-16
4565,1034,1,4,2000-04-30
4566,1034,3,4,2000-03-23
4567,1034,5,4,2000-01-07
4568,1034,6,5,2000-06-09
4569,1034,1,5,2000-05-27
4570,1035,4,4,2000-01-03
4571,1035,1,2,2000-02-29
4572,1035,13,1,2000-04-09
4573,1036,4,3,2000-02-06
4574,1036,3,1,2000-04-23
4575,1036,14,3,2000-03-03
4576,1036,11,3,2000-01-20
4577,1036,1,3,2000-05-19
4578,1036,2,5,2000-04-28
4579,1036,12,3,2000-05-07
4580,1036,4,3,2000-03-14
4581,1037,7,4,2000-03-13
4582,1037,6,3,2000-03-13
4583,1037,12,2,2000-02-12
4584,1037,11,4,2000-02-22
4585,1037,14,5,2000-03-22
4586,1037,8,5,2000-03-04
4587,1038,12,4,2000-04-17
4588,1038,6,2,2000-04-18
4589,1039,8,3,2000-04-23
4590,1039,4,5,2000-06-14
4591,1039,13,1,2000-06-23
4592,1039,14,3,2000-04-06
4593,1039,7,1,2000-02-11
4594,1039,4,2,2000-01-17
4595,1040,6,2,2000-03-30
4596,1040,13,3,2000-06-07
4597,1040,9,1,2000-01-25
4598,1041,14,5,2000-05-26
7020,1577,1,5,2000-06-12
7021,1577,3,2,2000-01-15
7022,1577,2,5,2000-04-09
7023,1577,1,4,2000-06-14
7024,1578,2,3,2000-06-02
7025,1578,12,4,2000-02-13
7026,1578,13,2,2000-04-24
7027,1578,12,5,2000-01-17
7028,1578,8,2,2000-02-18
7029,1578,3,4,2000-03-06
7030,1578,2,5,2000-02-03
7031,1579,9,1,2000-03-04
7032,1580,6,3,2000-04-05
7033,1580,4,5,2000-03-16
7034,1580,6,2,2000-03-27
7035,1580,6,5,2000-01-14
7036,1580,11,2,2000-01-25
7037,1580,4,3,2000-01-12
7038,1580,2,4,2000-02-06
7039,1580,4,2,2000-03-07
7040,1581,13,5,2000-06-01
7041,1581,13,4,2000-06-10
7042,1581,3,4,2000-01-22
7043,1581,11,4,2000-04-27
7044,1582,8,4,2000-03-17
7045,1582,9,4,2000-06-09
7046,1582,9,2,2000-05-04
7047,1582,6,4,2000-06-13
7048,1583,3,4,2000-06-19
7049,1583,10,1,2000-04-25
7050,1583,6,5,2000-05-04
7051,1583,7,1,2000-06-21
7052,1583,10,5,2000-05-30
7053,1584,14,4,2000-02-11
7054,1584,4,1,2000-01-18
7055,1584,14,5,2000-01-05
7056,1584,8,5,2000-01-13
7057,1584,6,1,2000-06-11
7058,1584,7,2,2000-05-23
7059,1585,11,4,2000-04-25
7060,1586,2,5,2000-02-01
7061,1587,7,3,2000-06-03
7062,1587,4,3,2000-06-24
7063,1587,11,1,2000-04-10
7064,1587,12,4,2000-01-08
7065,1587,7,2,2000-05-13
7066,1587,14,5,2000-01-20
7067,1587,10,3,2000-01-21
7068,1588,2,4,2000-04-07
7069,1588,6,5,2000-05-20
7070,1588,11,2,2000-01-03
7071,1588,4,3,2000-03-19
7072,1588,6,4,2000-04-20
7073,1588,2,1,2000-04-17
7074,1589,6,3,2000-03-02
7075,1589,14,4,2000-02-23
7076,1589,2,2,2000-02-20
7077,1589,1,4,2000-01-17
7078,1589,5,5,2000-03-19
7079,1589,10,1,2000-03-26
7080,1590,4,2,2000-04-17
7081,1590,9,5,2000-06-26
7082,1590,7,4,2000-04-06
7083,1590,9,4,2000-01-06
7084,1590,14,2,2000-05-20
7085,1591,10,5,2000-06-13
7086,1591,9,1,2000-04-26
7087,1591,5,5,2000-05-21
7088,1591,9,3,2000-05-19
7089,1591,13,4,2000-01-30
7090,1591,6,4,2000-04-22
7091,1592,13,1,2000-06-21
7092,1592,10,3,2000-01-15
7093,1592,1,3,2000-03-10
7094,1592,3,2,2000-02-14
7095,1592,4,5,2000-05-06
7096,1593,7,3,2000-05-02
7097,1593,5,3,2000-06-20
7098,1594,6,2,2000-03-04
7099,1594,11,3,2000-01-05
7100,1594,7,4,2000-02-17
7101,1595,13,2,2000-05-13
7102,1595,2,5,2000-02-27
7103,1595,10,3,2000-02-29
7104,1596,5,3,2000-01-31
7105,1596,12,2,2000-04-09
7106,1596,5,5,2000-03-22
7107,1596,10,3,2000-04-04
7108,1596,14,2,2000-05-06
7109,1596,8,5,2000-03-16
7110,1597,6,1,2000-01-09
7111,1597,12,2,2000-04-13
7112,1597,2,3,2000-05-22
7113,1597,5,3,2000-03-26
7114,1598,10,1,2000-02-05
7115,1598,10,4,2000-05-05
7116,1598,2,2,2000-01-16
7117,1598,3,3,2000-02-14
7118,1598,14,2,2000-04-26
7119,1598,8,5,2000-05-28
7120,1598,12,3,2000-06-26
7121,1599,3,2,2000-03-23
7122,1599,1,1,2000-02-09
7123,1599,4,5,2000-06-11
7124,1599,14,5,2000-02-14
7125,1599,10,4,2000-05-05
7126,1600,10,3,2000-04-19
7127,1600,8,1,2000-01-25
7128,1600,9,1,2000-01-15
7129,1600,7,5,2000-04-11
7130,1600,9,5,2000-04-26
7131,1601,7,4,2000-03-05
7132,1601,14,2,2000-06-07
7133,1601,4,4,2000-02-05
7134,1601,6,5,2000-02-13
7135,1601,6,4,2000-06-27
7136,1601,9,3,2000-01-23
7137,1602,7,4,2000-02-09
7138,1603,14,1,2000-04-17
7139,1603,14,1,2000-03-15
7140,1604,12,4,2000-06-21
7141,1604,13,2,2000-03-30
7142,1604,10,5,2000-04-07
7143,1604,6,2,2000-04-21
7144,1604,1,2,2000-04-02
7145,1605,5,5,2000-03-08
7146,1605,12,1,2000-06-12
7147,1605,5,2,2000-03-22
7148,1605,14,4,2000-01-10
7149,1605,8,3,2000-01-20
7150,1605,11,1,2000-03-09
7151,1606,12,1,2000-06-13
7152,1606,12,4,2000-03-16
7153,1606,3,5,2000-05-16
7154,1606,3,2,2000-02-15
7155,1606,8,3,2000-02-16
7156,1607,6,4,2000-03-16
7157,1607,2,4,2000-05-24
7158,1607,12,5,2000-06-24
7159,1608,10,2,2000-06-01
7160,1609,11,3,2000-01-13
7161,1609,2,5,2000-01-21
7162,1609,5,5,2000-04-01
7163,1609,11,4,2000-01-07
7164,1609,14,2,2000-06-14
7165,1609,10,1,2000-01-30
7166,1609,1,2,2000-05-08
7167,1610,3,5,2000-04-02
7168,1611,2,5,2000-05-23
7169,1611,6,2,2000-04-09
7170,1611,9,2,2000-03-29
7171,1611,8,3,2000-06-16
7172,1611,3,5,2000-05-13
7173,1611,14,2,2000-02-10
7174,1611,12,3,2000-02-15
7175,1612,10,1,2000-05-03
7176,1612,8,1,2000-06-17
7177,1612,5,2,2000-06-25
7178,1612,14,3,2000-06-23
7179,1612,4,3,2000-01-31
7180,1612,9,2,2000-06-17
7181,1612,7,2,2000-01-28
7182,1612,13,5,2000-06-19
7183,1613,11,3,2000-06-22
7184,1613,3,2,2000-03-30
7185,1613,14,1,2000-04-06
7186,1613,2,2,2000-06-26
7187,1614,7,1,2000-05-02
7188,1614,8,4,2000-05-17
7189,1614,2,2,2000-06-24
7190,1614,2,1,2000-04-18
7191,1614,6,2,2000-03-25
7192,1614,10,1,2000-05-02
7193,1614,11,2,2000-01-24
7194,1615,9,4,2000-04-02
7195,1615,8,2,2000-03-09
7196,1615,13,2,2000-06-03
7197,1616,3,3,2000-03-15
7198,1616,7,3,2000-04-03
7199,1617,5,2,2000-01-24
7200,1617,10,5,2000-02-08
7201,1618,4,5,2000-01-09
7202,1618,8,4,2000-03-18
7203,1619,11,4,2000-06-16
7204,1619,3,2,2000-02-08
7205,1620,12,5,2000-05-16
7206,1621,11,1,2000-06-01
7207,1621,10,4,2000-03-24
7208,1621,9,3,2000-03-22
7209,1621,3,4,2000-04-15
7210,1621,2,4,2000-05-15
7211,1621,6,5,2000-01-20
7212,1622,5,2,2000-06-18
7213,1622,2,5,2000-05-20
7214,1622,14,3,2000-02-22
7215,1622,10,2,2000-01-03
7216,1622,9,5,2000-03-02
7217,1622,7,1,2000-05-20
7218,1622,4,3,2000-02-15
7219,1622,6,2,2000-05-10
7220,1623,4,5,2000-06-13
7221,1623,5,4,2000-05-15
7222,1623,4,1,2000-01-13
7223,1623,3,3,2000-02-19
7224,1623,8,4,2000-01-29
7225,1623,12,4,2000-02-03
7226,1623,1,2,2000-03-03
7227,1623,12,3,2000-01-20
7228,1624,8,2,2000-01-24
7229,1624,10,4,2000-03-30
7230,1624,8,3,2000-02-14
7231,1624,8,4,2000-02-06
7232,1625,1,4,2000-01-18
7233,1625,8,3,2000-05-06
7234,1625,14,4,2000-02-22
7235,1625,2,1,2000-01-29
7236,1625,8,3,2000-06-24
7237,1625,4,2,2000-04-03
7238,1626,3,1,2000-02-27
7239,1626,11,3,2000-02-24
7240,1626,3,1,2000-04-27
7241,1626,7,3,2000-04-01
7242,1626,5,3,2000-05-09
7243,1626,8,5,2000-06-16
7244,1627,14,5,2000-02-12
7245,1627,1,5,2000-02-01
7246,1627,11,2,2000-01-31
7247,1627,14,5,2000-02-18
7248,1627,10,3,2000-05-19
7249,1627,10,1,2000-01-01
7250,1627,4,3,2000-03-25
7251,1627,13,3,2000-05-29
7252,1628,9,5,2000-06-22
7253,1628,5,2,2000-06-19
7254,1629,9,2,2000-02-21
7255,1629,1,2,2000-02-01
7256,1629,10,3,2000-06-16
7257,1629,4,5,2000-05-31
7258,1629,14,3,2000-05-13
7259,1630,9,2,2000-02-28
7260,1630,8,2,2000-01-24
7261,1630,12,5,2000-05-09
7262,1630,12,3,2000-02-28
7263,1631,9,1,2000-02-14
7264,1631,8,1,2000-06-06
7265,1632,4,1,2000-01-06
7266,1632,12,1,2000-04-03
7267,1633,6,2,2000-02-15
7268,1633,4,3,2000-01-19
7269,1633,11,3,2000-02-04
7270,1634,5,5,2000-06-26
7271,1634,2,1,2000-02-03
7272,1634,9,2,2000-02-27
7273,1634,9,1,2000-01-15
7274,1635,10,5,2000-03-13
7275,1635,2,2,2000-05-03
7276,1635,1,3,2000-06-16
7277,1635,4,1,2000-02-20
7278,1635,3,1,2000-01-31
7279,1635,9,3,2000-01-10
7280,1636,10,5,2000-03-01
7281,1636,2,1,2000-02-10
7282,1636,8,3,2000-04-23
7283,1636,8,5,2000-02-29
7284,1636,11,4,2000-03-22
7285,1636,4,1,2000-04-22
7286,1637,1,2,2000-03-27
7287,1637,7,5,2000-05-10
7288,1638,1,3,2000-04-26
7289,1638,3,5,2000-05-05
7290,1638,14,5,2000-04-03
7291,1638,5,1,2000-04-02
7292,1638,13,4,2000-02-04
7293,1639,11,1,2000-01-30
7294,1639,3,1,2000-01-03
7295,1639,10,5,2000-06-13
7296,1639,4,2,2000-05-02
7297,1639,3,5,2000-01-12
7298,1639,13,3,2000-01-29
7299,1640,6,3,2000-05-14
7300,1640,10,1,2000-01-19
7301,1640,11,1,2000-05-13
7302,1640,5,5,2000-03-31
7303,1641,12,1,2000-05-11
7304,1641,2,4,2000-03-22
7305,1641,6,5,2000-04-27
7306,1641,12,5,2000-03-15
7307,1641,3,5,2000-05-26
7308,1641,5,1,2000-01-17
7309,1642,5,2,2000-05-24
7310,1642,10,4,2000-05-09
7311,1642,9,2,2000-05-30
7312,1642,9,4,2000-02-14
7313,1642,3,3,2000-06-27
7314,1642,8,4,2000-02-23
7315,1643,6,5,2000-03-21
7316,1643,10,3,2000-03-06
7317,1643,10,3,2000-01-24
7318,1643,4,2,2000-02-09
7319,1643,13,3,2000-01-22
7320,1643,13,2,2000-01-28
7321,1643,2,4,2000-03-04
7322,1644,1,2,2000-04-16
7323,1645,6,1,2000-04-10
7324,1645,7,1,2000-04-19
7325,1645,4,2,2000-04-30
7326,1645,6,3,2000-03-11
7327,1645,9,1,2000-06-28
7328,1645,8,2,2000-03-03
7329,1645,2,3,2000-03-04
7330,1646,13,5,2000-05-24
7331,1646,1,5,2000-01-09
7332,1647,14,5,2000-06-19
7333,1647,13,1,2000-03-10
7334,1647,3,4,2000-06-01
7335,1647,8,4,2000-02-08
7336,1647,10,5,2000-02-14
7337,1647,5,3,2000-04-14
7338,1647,8,4,2000-03-21
7339,1647,1,3,2000-01-25
7340,1648,2,1,2000-05-11
7341,1648,5,2,2000-02-09
7342,1648,10,5,2000-01-12
7343,1648,14,2,2000-02-11
7344,1648,14,5,2000-03-22
7345,1648,2,1,2000-03-03
7346,1648,3,4,2000-04-22
7347,1649,8,1,2000-02-23
7348,1649,3,3,2000-01-28
7349,1649,12,4,2000-01-12
7350,1649,12,1,2000-03-12
7351,1650,9,2,2000-02-04
7352,1651,13,2,2000-03-30
7353,1651,5,3,2000-03-18
7354,1651,13,4,2000-06-16
7355,1651,6,5,2000-05-13
7356,1652,10,1,2000-04-23
7357,1652,6,3,2000-05-31
7358,1652,7,1,2000-03-08
7359,1652,3,3,2000-03-17
7360,1652,4,5,2000-03-14
7361,1652,8,4,2000-06-20
7362,1653,4,3,2000-04-26
7363,1653,14,1,2000-03-26
7364,1653,13,1,2000-01-11
7365,1653,3,5,2000-04-19
7366,1653,5,4,2000-02-28
7367,1653,2,2,2000-04-04
7368,1654,1,4,2000-01-20
7369,1654,7,4,2000-02-15
7370,1654,14,4,2000-02-17
7371,1654,8,2,2000-06-06
7372,1654,13,5,2000-05-30
7373,1654,10,5,2000-05-18
7374,1654,6,5,2000-02-19
7375,1655,9,2,2000-06-27
7376,1655,4,1,2000-04-16
7377,1655,1,3,2000-06-05
7378,1655,12,4,2000-03-01
7379,1655,9,1,2000-06-07
7380,1655,2,3,2000-05-07
7381,1655,6,5,2000-02-22
7382,1655,9,2,2000-02-11
7383,1656,12,5,2000-03-15
7384,1656,12,5,2000-06-16
7385,1657,12,2,2000-04-12
7386,1657,4,2,2000-04-18
7387,1657,12,2,2000-05-10
7388,1657,13,4,2000-03-22
7389,1658,11,5,2000-01-09
7390,1658,12,5,2000-05-06
7391,1658,9,1,2000-02-19
7392,1659,6,2,2000-01-20
7393,1659,5,3,2000-03-21
7394,1660,10,1,2000-03-23
7395,1660,9,1,2000-02-11
7396,1660,5,3,2000-02-25
7397,1660,8,3,2000-01-30
7398,1660,6,1,2000-04-11
7399,1660,3,5,2000-02-10
7400,1661,14,5,2000-04-24
7401,1661,11,5,2000-01-10
7402,1662,5,1,2000-05-10
7403,1662,13,4,2000-04-26
7404,1662,12,4,2000-02-27
7405,1663,2,5,2000-03-23
7406,1663,2,3,2000-02-17
7407,1664,12,1,2000-01-02
7408,1664,7,4,2000-06-28
7409,1664,12,1,2000-04-24
7410,1665,3,5,2000-05-12
7411,1665,9,4,2000-01-19
7412,1665,13,2,2000-03-12
7413,1665,2,2,2000-06-21
7414,1665,3,4,2000-02-19
7415,1665,1,3,2000-06-12
7416,1665,10,1,2000-06-12
7417,1665,8,5,2000-03-16
7418,1666,3,2,2000-05-12
7419,1666,2,5,2000-04-11
7420,1666,2,1,2000-02-11
7421,1667,4,3,2000-03-19
7422,1667,14,2,2000-06-17
7423,1668,2,4,2000-05-15
7424,1668,13,5,2000-03-11
7425,1668,7,2,2000-06-15
7426,1668,14,4,2000-04-12
7427,1668,2,1,2000-03-11
7428,1669,10,1,2000-01-06
7429,1669,8,3,2000-01-12
7430,1669,6,1,2000-04-06
7431,1669,10,3,2000-03-28
7432,1669,13,3,2000-04-25
7433,1669,6,2,2000-03-12
7434,1669,13,3,2000-05-13
7435,1669,5,4,2000-03-20
7436,1670,7,1,2000-01-13
7437,1670,9,2,2000-01-10
7438,1670,13,1,2000-05-15
7439,1670,7,4,2000-02-27
7440,1670,10,2,2000-05-10
7441,1670,10,2,2000-02-16
7442,1670,14,1,2000-05-06
7443,1671,2,5,2000-05-13
7444,1671,7,3,2000-01-02
7445,1671,12,2,2000-03-21
7446,1672,12,1,2000-03-13
7447,1672,1,4,2000-03-18
7448,1673,2,3,2000-01-18
7449,1673,6,1,2000-04-26
7450,1673,14,2,2000-04-07
7451,1674,14,4,2000-05-06
7452,1674,14,3,2000-01-12
7453,1674,4,3,2000-06-12
7454,1674,11,4,2000-03-26
7455,1675,9,5,2000-02-10
7456,1676,12,5,2000-06-11
7457,1676,1,3,2000-06-28
7458,1676,7,5,2000-06-13
7459,1676,10,2,2000-06-20
7460,1676,8,5,2000-01-02
7461,1676,4,5,2000-04-17
7462,1677,8,5,2000-04-03
7463,1678,2,2,2000-01-27
7464,1678,2,5,2000-01-23
7465,1679,12,5,2000-05-07
7466,1679,8,4,2000-02-28
7467,1679,4,1,2000-04-29
7468,1679,3,4,2000-06-14
7469,1679,6,4,2000-01-18
7470,1679,9,3,2000-02-24
7471,1680,6,2,2000-01-19
7472,1680,12,4,2000-04-02
7473,1680,12,1,2000-06-01
7474,1680,10,2,2000-05-06
7475,1680,11,5,2000-03-25
7476,1681,1,4,2000-05-25
7477,1681,11,2,2000-03-20
7478,1681,9,2,2000-05-26
7479,1682,14,1,2000-03-09
7480,1682,5,1,2000-03-03
7481,1682,5,5,2000-06-17
7482,1682,4,5,2000-02-28
7483,1682,10,5,2000-06-25
7484,1682,4,4,2000-01-05
7485,1682,11,1,2000-01-25
7486,1682,12,4,2000-04-08
7487,1683,5,1,2000-02-01
7488,1683,7,5,2000-06-28
7489,1683,2,1,2000-05-23
7490,1683,6,4,2000-06-26
7491,1683,2,3,2000-05-20
7492,1684,13,5,2000-03-25
7493,1684,11,1,2000-02-25
7494,1684,10,2,2000-01-27
7495,1684,10,5,2000-04-30
7496,1684,9,1,2000-02-26
7497,1684,4,4,2000-03-19
7498,1685,6,2,2000-04-09
7499,1686,9,3,2000-01-16
7500,1686,3,3,2000-04-26
7501,1686,14,2,2000-06-10
7502,1686,3,1,2000-02-26
7503,1686,13,4,2000-04-29
7504,1687,13,1,2000-05-28
7505,1687,7,1,2000-01-08
7506,1687,7,5,2000-05-19
7507,1688,1,5,2000-06-05
7508,1688,5,1,2000-04-01
7509,1689,6,2,2000-06-04
7510,1689,4,3,2000-01-08
7511,1689,7,1,2000-05-21
7512,1689,11,1,2000-05-11
7513,1689,8,4,2000-06-27
7514,1690,13,5,2000-03-21
7515,1690,5,4,2000-04-21
7516,1690,1,1,2000-01-21
7517,1691,7,1,2000-04-08
7518,1691,4,4,2000-02-05
7519,1691,6,4,2000-02-14
7520,1691,5,3,2000-05-09
7521,1691,14,2,2000-06-20
7522,1692,6,5,2000-06-04
7523,1692,11,4,2000-04-25
7524,1692,8,1,2000-01-19
7525,1692,8,4,2000-01-04
7526,1692,8,4,2000-03-04
7527,1693,13,5,2000-01-30
7528,1693,13,3,2000-04-20
7529,1693,13,3,2000-01-05
7530,1693,7,4,2000-04-15
7531,1694,10,4,2000-06-07
7532,1694,6,3,2000-06-28
7533,1694,1,4,2000-04-01
7534,1694,4,3,2000-06-26
7535,1695,8,4,2000-03-25
7536,1695,14,5,2000-05-25
7537,1695,2,5,2000-06-25
7538,1695,6,1,2000-04-04
7539,1695,2,2,2000-03-09
7540,1696,9,2,2000-02-19
7541,1696,4,1,2000-06-12
7542,1696,14,2,2000-06-20
7543,1696,3,1,2000-03-01
7544,1697,6,3,2000-04-01
7545,1697,12,2,2000-04-03
7546,1697,4,2,2000-03-05
7547,1697,11,2,2000-02-14
7548,1697,13,1,2000-02-24
7549,1697,11,5,2000-03-04
7550,1697,14,2,2000-02-26
7551,1698,3,2,2000-02-07
7552,1698,2,2,2000-05-29
7553,1698,9,3,2000-04-22
7554,1698,10,1,2000-02-05
7555,1698,12,1,2000-02-02
7556,1698,12,5,2000-01-11
7557,1699,12,4,2000-05-24
5406,1217,5,1,2000-05-14
5407,1217,4,2,2000-06-08
5408,1217,12,4,2000-02-16
5409,1218,14,3,2000-03-19
5410,1218,4,5,2000-06-27
5411,1218,13,2,2000-02-22
5412,1218,11,5,2000-06-25
5413,1218,8,5,2000-03-06
5414,1218,6,5,2000-02-23
5415,1218,10,3,2000-02-13
5416,1218,13,2,2000-02-16
5417,1219,13,4,2000-01-16
5418,1220,3,2,2000-02-26
5419,1220,4,4,2000-05-15
5420,1220,8,1,2000-03-31
5421,1220,14,4,2000-02-09
5422,1221,8,1,2000-02-28
5423,1221,9,3,2000-06-03
5424,1221,9,5,2000-01-08
5425,1221,14,2,2000-05-12
5426,1221,5,3,2000-01-02
5427,1221,9,3,2000-05-19
5428,1222,5,2,2000-05-30
5429,1222,5,1,2000-04-08
5430,1222,1,1,2000-05-14
5431,1223,5,5,2000-04-21
5432,1224,1,1,2000-06-15
5433,1224,6,2,2000-01-28
5434,1224,2,3,2000-03-30
5435,1225,12,4,2000-05-28
5436,1225,8,3,2000-04-19
5437,1225,7,3,2000-03-02
5438,1225,9,3,2000-03-27
5439,1225,8,2,2000-06-01
5440,1225,6,1,2000-05-31
5441,1225,7,1,2000-06-08
5442,1226,6,1,2000-02-18
5443,1226,8,2,2000-06-02
5444,1226,11,2,2000-04-06
5445,1226,8,2,2000-05-10
5446,1226,12,4,2000-01-18
5447,1226,8,2,2000-02-28
5448,1227,2,5,2000-05-02
5449,1227,10,4,2000-02-02
5450,1227,2,4,2000-03-05
5451,1228,14,3,2000-06-15
5452,1228,6,5,2000-03-15
5453,1228,13,5,2000-01-18
5454,1228,1,4,2000-05-06
5455,1228,14,5,2000-06-22
5456,1228,9,4,2000-04-03
5457,1228,12,5,2000-06-22
5458,1229,13,5,2000-02-01
5459,1229,5,1,2000-03-08
5460,1229,9,4,2000-06-26
5461,1229,3,2,2000-03-18
5462,1229,5,2,2000-02-12
5463,1229,14,3,2000-01-01
5464,1229,8,5,2000-04-17
5465,1229,5,2,2000-05-30
5466,1230,3,2,2000-05-06
5467,1230,6,2,2000-04-11
5468,1230,8,1,2000-04-21
5469,1230,8,3,2000-04-06
5470,1230,11,3,2000-06-22
5471,1230,14,3,2000-05-15
5472,1230,7,1,2000-01-29
5473,1230,6,5,2000-02-06
5474,1231,8,4,2000-06-10
5475,1231,6,3,2000-01-25
5476,1232,3,5,2000-05-13
5477,1232,9,1,2000-03-24
5478,1232,9,4,2000-03-11
5479,1232,4,2,2000-06-20
5480,1232,11,1,2000-01-13
5481,1232,14,2,2000-03-14
5482,1233,14,4,2000-03-29
5483,1233,3,4,2000-06-13
5484,1233,6,5,2000-01-31
5485,1233,5,1,2000-06-16
5486,1233,3,1,2000-03-15
5487,1234,6,5,2000-04-24
5488,1235,3,2,2000-02-18
5489,1235,11,4,2000-06-18
5490,1235,9,5,2000-01-14
5491,1236,14,2,2000-02-22
5492,1236,4,3,2000-02-03
5493,1236,10,2,2000-05-28
5494,1236,8,3,2000-05-26
5495,1236,2,3,2000-04-16
5496,1236,7,1,2000-01-04
5497,1236,12,5,2000-05-15
5498,1236,4,5,2000-03-28
5499,1237,2,5,2000-02-11
5500,1237,7,3,2000-03-21
5501,1237,13,5,2000-05-14
5502,1237,8,1,2000-01-13
5503,1237,10,3,2000-03-07
5504,1237,11,5,2000-06-23
5505,1237,7,1,2000-04-08
5506,1237,7,3,2000-04-03
5507,1238,11,3,2000-05-24
5508,1238,13,1,2000-05-12
5509,1238,3,1,2000-04-28
5510,1238,6,5,2000-03-24
5511,1238,10,1,2000-06-04
5512,1238,8,4,2000-01-09
5513,1239,14,2,2000-02-11
5514,1239,6,5,2000-06-21
5515,1239,9,2,2000-02-22
5516,1239,6,1,2000-03-24
5517,1239,11,3,2000-04-08
5518,1239,14,5,2000-03-31
5519,1239,4,3,2000-03-23
5520,1240,8,1,2000-01-28
5521,1241,8,3,2000-03-03
5522,1241,14,3,2000-06-09
5523,1241,12,4,2000-06-05
5524,1241,2,4,2000-01-07
5525,1242,12,1,2000-02-04
5526,1243,7,5,2000-05-02
5527,1243,6,1,2000-05-07
5528,1243,14,1,2000-04-28
5529,1243,1,5,2000-04-23
5530,1243,9,4,2000-03-07
5531,1243,1,5,2000-05-29
5532,1244,8,4,2000-01-05
5533,1244,10,5,2000-06-19
5534,1244,6,5,2000-04-02
5535,1244,4,3,2000-04-20
5536,1244,9,3,2000-05-10
5537,1244,4,3,2000-04-15
5538,1244,14,3,2000-03-08
5539,1245,13,2,2000-03-10
5540,1246,12,1,2000-01-22
5541,1246,7,2,2000-04-28
5542,1246,9,5,2000-06-12
5543,1246,2,1,2000-03-23
5544,1246,2,1,2000-03-18
5545,1247,13,1,2000-01-25
5546,1247,13,5,2000-01-13
5547,1247,11,1,2000-01-01
5548,1247,9,2,2000-06-18
5549,1247,10,5,2000-04-08
5550,1247,6,3,2000-05-31
5551,1247,14,4,2000-02-01
5552,1247,8,2,2000-05-11
5553,1248,1,3,2000-03-04
5554,1248,9,5,2000-03-12
5555,1248,14,1,2000-03-04
5556,1248,6,5,2000-04-21
5557,1249,10,2,2000-02-16
5558,1249,13,2,2000-03-03
5559,1249,3,2,2000-02-27
5560,1249,4,2,2000-02-05
5561,1249,12,3,2000-02-10
5562,1250,12,2,2000-06-23
5563,1250,6,2,2000-05-19
5564,1250,14,1,2000-02-08
5565,1250,14,5,2000-06-05
5566,1250,8,4,2000-05-29
5567,1250,11,3,2000-04-09
5568,1250,13,2,2000-04-16
5569,1250,3,1,2000-04-01
5570,1251,11,4,2000-02-20
5571,1251,1,4,2000-02-28
5572,1251,9,5,2000-06-17
5573,1252,3,3,2000-01-13
5574,1252,14,2,2000-04-28
5575,1253,12,5,2000-05-17
5576,1253,6,1,2000-02-14
5577,1253,4,1,2000-04-23
5578,1253,4,4,2000-02-11
5579,1253,7,3,2000-03-12
5580,1254,14,1,2000-02-06
5581,1254,13,2,2000-02-23
5582,1254,2,3,2000-01-23
5583,1254,6,1,2000-04-29
5584,1255,8,2,2000-02-17
5585,1255,13,3,2000-04-26
5586,1255,1,5,2000-06-19
5587,1256,3,2,2000-06-04
5588,1256,1,4,2000-03-22
5589,1256,7,1,2000-01-04
5590,1256,2,3,2000-04-28
5591,1257,13,2,2000-01-03
5592,1257,2,2,2000-04-01
5593,1258,1,1,2000-02-21
5594,1258,3,4,2000-06-21
5595,1258,2,2,2000-05-31
5596,1258,13,2,2000-05-30
5597,1259,6,5,2000-01-03
5598,1260,5,2,2000-03-09
5599,1260,4,3,2000-03-09
5600,1260,11,5,2000-03-20
5601,1260,7,5,2000-01-04
5602,1260,4,2,2000-04-21
5603,1260,10,5,2000-06-20
5604,1261,9,4,2000-05-03
5605,1261,14,4,2000-05-19
5606,1261,11,5,2000-06-25
5607,1262,1,3,2000-03-22
5608,1262,9,3,2000-05-11
5609,1262,8,3,2000-02-12
5610,1262,12,1,2000-06-10
5611,1262,9,5,2000-02-08
5612,1262,9,2,2000-05-22
5613,1263,13,3,2000-06-16
5614,1263,8,3,2000-06-09
5615,1263,3,5,2000-06-18
5616,1264,9,1,2000-05-10
5617,1264,7,5,2000-03-23
5618,1264,3,2,2000-03-25
5619,1264,11,2,2000-03-19
5620,1265,9,2,2000-04-02
5621,1265,7,5,2000-05-11
5622,1265,9,4,2000-05-21
5623,1265,5,1,2000-01-09
5624,1265,14,3,2000-05-01
5625,1265,3,3,2000-04-17
5626,1266,12,3,2000-01-19
5627,1267,9,3,2000-02-08
5628,1267,7,1,2000-05-02
5629,1267,2,2,2000-04-24
5630,1267,11,4,2000-03-05
5631,1267,11,3,2000-03-18
5632,1267,10,3,2000-05-29
5633,1267,4,3,2000-03-01
5634,1268,12,4,2000-03-05
5635,1269,1,1,2000-03-26
5636,1269,11,5,2000-02-28
5637,1270,3,3,2000-06-13
5638,1270,10,5,2000-03-22
5639,1270,6,2,2000-05-29
5640,1270,14,2,2000-02-25
5641,1271,11,4,2000-03-28
5642,1271,6,3,2000-04-23
5643,1271,7,4,2000-04-12
5644,1271,11,2,2000-02-10
5645,1271,8,4,2000-03-01
5646,1272,2,3,2000-03-30
5647,1273,14,4,2000-01-31
5648,1273,5,1,2000-05-19
5649,1273,9,2,2000-03-30
5650,1273,4,3,2000-03-26
5651,1273,14,5,2000-06-23
5652,1273,9,2,2000-02-11
5653,1273,13,1,2000-06-15
5654,1274,8,1,2000-02-12
5655,1274,14,4,2000-02-22
5656,1274,9,1,2000-06-24
5657,1274,8,3,2000-06-20
5658,1274,12,1,2000-02-13
5659,1274,13,2,2000-03-24
5660,1274,13,3,2000-03-24
5661,1275,12,1,2000-05-19
5662,1275,3,5,2000-05-21
5663,1275,4,5,2000-02-03
5664,1275,4,5,2000-01-08
5665,1275,9,3,2000-02-04
5666,1275,13,2,2000-01-10
5667,1276,8,5,2000-06-28
5668,1276,14,3,2000-02-15
5669,1276,10,2,2000-06-09
5670,1276,10,5,2000-06-27
5671,1276,10,1,2000-06-01
5672,1277,9,3,2000-04-20
5673,1277,10,4,2000-06-16
5674,1277,5,2,2000-01-11
5675,1277,4,4,2000-06-26
5676,1277,7,1,2000-06-19
5677,1277,11,4,2000-02-02
5678,1277,2,5,2000-01-22
5679,1278,9,3,2000-04-25
5680,1278,14,3,2000-05-22
5681,1278,11,5,2000-01-02
5682,1278,9,1,2000-01-08
5683,1278,11,3,2000-02-17
5684,1278,8,3,2000-03-30
5685,1278,7,2,2000-03-11
5686,1278,12,3,2000-05-30
5687,1279,4,3,2000-02-18
5688,1279,12,3,2000-06-11
5689,1279,6,4,2000-01-29
5690,1279,13,4,2000-02-22
5691,1279,11,3,2000-04-10
5692,1279,14,3,2000-06-08
5693,1279,10,4,2000-02-08
5694,1280,14,5,2000-04-01
5695,1280,14,5,2000-02-18
5696,1280,5,1,2000-01-09
5697,1280,2,1,2000-05-30
5698,1281,11,1,2000-05-26
5699,1282,9,5,2000-04-04
5700,1282,13,1,2000-03-02
5701,1282,2,3,2000-03-11
5702,1282,2,3,2000-05-31
5703,1282,1,1,2000-01-20
5704,1282,6,4,2000-03-28
5705,1282,14,4,2000-01-25
5706,1282,8,4,2000-06-08
5707,1283,12,2,2000-03-08
5708,1283,13,3,2000-03-08
5709,1283,1,4,2000-06-09
5710,1283,3,5,2000-05-19
5711,1283,8,2,2000-05-25
5712,1284,14,2,2000-06-03
5713,1284,2,1,2000-05-16
5714,1285,4,2,2000-05-30
5715,1286,10,4,2000-01-05
5716,1286,1,5,2000-04-24
5717,1286,13,5,2000-02-03
5718,1286,8,3,2000-05-13
5719,1286,9,2,2000-01-27
5720,1286,7,1,2000-01-26
5721,1286,1,1,2000-01-07
5722,1287,10,4,2000-02-13
5723,1287,13,5,2000-05-31
5724,1287,8,3,2000-04-12
5725,1287,7,2,2000-04-04
5726,1287,14,2,2000-02-08
5727,1288,4,3,2000-03-20
5728,1288,8,4,2000-04-03
5729,1288,12,2,2000-01-07
5730,1288,7,5,2000-03-05
5731,1288,14,3,2000-06-18
5732,1288,13,1,2000-06-09
5733,1288,1,4,2000-03-02
5734,1288,8,1,2000-04-14
5735,1289,14,5,2000-05-30
5736,1289,14,4,2000-06-24
5737,1289,7,5,2000-05-02
5738,1289,12,4,2000-06-09
5739,1289,4,4,2000-01-05
5740,1290,5,2,2000-06-06
5741,1290,13,3,2000-04-29
5742,1290,7,2,2000-02-24
5743,1290,10,2,2000-02-12
5744,1291,6,3,2000-05-13
5745,1291,10,5,2000-01-03
5746,1291,6,4,2000-01-19
5747,1291,9,4,2000-05-27
5748,1291,10,1,2000-03-21
5749,1292,3,1,2000-04-22
5750,1292,3,3,2000-03-19
5751,1292,4,3,2000-05-11
5752,1292,3,1,2000-04-16
5753,1292,10,4,2000-03-19
5754,1292,10,3,2000-02-02
5755,1292,2,3,2000-01-12
5756,1292,7,2,2000-01-21
5757,1293,8,1,2000-01-05
5758,1293,5,5,2000-03-12
5759,1293,2,3,2000-04-17
5760,1293,6,5,2000-06-01
5761,1293,4,4,2000-01-13
5762,1294,2,2,2000-06-21
5763,1294,6,5,2000-01-04
5764,1294,1,4,2000-05-01
5765,1294,13,1,2000-06-19
5766,1294,13,4,2000-01-18
5767,1294,11,2,2000-06-12
5768,1294,5,1,2000-02-26
5769,1295,8,5,2000-01-31
5770,1295,14,1,2000-06-19
5771,1295,6,1,2000-04-22
5772,1295,13,5,2000-05-16
5773,1295,5,2,2000-03-21
5774,1295,1,2,2000-03-09
5775,1295,13,2,2000-04-29
5776,1295,10,1,2000-06-17
5777,1296,13,3,2000-04-10
5778,1296,11,4,2000-04-28
5779,1296,5,2,2000-01-25
5780,1296,3,5,2000-01-30
5781,1296,3,4,2000-02-24
5782,1296,11,3,2000-05-13
5783,1296,3,4,2000-03-22
5784,1296,1,4,2000-03-02
5785,1297,6,3,2000-02-05
5786,1298,2,2,2000-02-14
5787,1298,12,3,2000-03-04
5788,1298,7,3,2000-01-11
5789,1298,7,3,2000-05-26
5790,1298,9,1,2000-03-11
5791,1298,5,5,2000-05-20
5792,1298,13,1,2000-01-20
5793,1298,6,1,2000-05-13
5794,1299,8,5,2000-03-26
5795,1299,4,4,2000-03-19
5796,1299,13,3,2000-06-13
5797,1299,5,2,2000-05-03
5798,1300,10,5,2000-04-23
5799,1300,10,5,2000-05-31
5800,1300,6,5,2000-06-20
5801,1300,4,5,2000-02-07
5802,1300,14,4,2000-06-27
5803,1300,4,3,2000-02-17
5804,1301,12,1,2000-02-22
5805,1301,8,1,2000-06-25
5806,1301,13,5,2000-03-30
5807,1301,13,1,2000-06-17
5808,1301,4,2,2000-04-22
5809,1301,4,1,2000-05-07
5810,1301,4,4,2000-06-11
5811,1301,2,2,2000-02-28
5812,1302,5,2,2000-03-29
5813,1302,2,1,2000-01-13
5814,1302,8,2,2000-05-22
5815,1302,6,1,2000-03-15
5816,1303,14,5,2000-05-04
5817,1303,4,5,2000-02-06
5818,1303,3,3,2000-05-01
5819,1303,8,1,2000-02-12
5820,1303,13,2,2000-06-11
5821,1303,8,5,2000-05-13
5822,1304,12,3,2000-03-06
5823,1304,4,1,2000-02-02
5824,1304,1,1,2000-01-18
5825,1304,3,4,2000-03-04
5826,1305,1,2,2000-03-02
5827,1305,11,2,2000-05-14
5828,1306,10,5,2000-02-18
5829,1306,9,1,2000-02-22
5830,1306,8,3,2000-05-10
5831,1306,4,1,2000-05-21
5832,1306,3,1,2000-04-08
5833,1306,4,5,2000-03-18
5834,1306,14,4,2000-01-07
5835,1307,14,1,2000-03-13
5836,1308,12,4,2000-05-07
5837,1308,11,5,2000-05-13
5838,1309,10,3,2000-06-25
5839,1309,12,1,2000-01-13
5840,1309,14,4,2000-05-04
5841,1309,7,5,2000-02-20
5842,1309,7,,2000-05-24
5843,1309,3,3,2000-04-27
5844,1309,1,1,2000-04-13
5845,1309,6,4,2000-01-09
5846,1310,4,4,2000-01-12
5847,1310,5,5,2000-02-28
5848,1310,6,4,2000-01-27
5849,1311,1,2,2000-03-01
5850,1311,11,4,2000-05-18
5851,1311,13,5,2000-04-22
5852,1311,4,3,2000-01-18
5853,1311,14,3,2000-03-18
5854,1311,3,4,2000-02-24
5855,1312,6,2,2000-01-21
5856,1313,6,2,2000-02-23
5857,1314,6,2,2000-05-13
5858,1314,4,2,2000-04-14
5859,1314,13,5,2000-03-14
5860,1315,2,2,2000-06-07
5861,1315,3,3,2000-05-18
5862,1315,2,5,2000-02-19
5863,1315,3,3,2000-04-07
5864,1316,1,1,2000-06-19
5865,1316,2,1,2000-03-27
5866,1316,10,4,2000-02-03
5867,1316,12,4,2000-06-11
5868,1316,3,4,2000-02-02
5869,1316,5,5,2000-06-27
5870,1317,14,1,2000-06-25
5871,1317,13,2,2000-02-05
5872,1317,10,2,2000-05-11
5873,1317,1,1,2000-04-18
5874,1317,6,4,2000-06-16
5875,1317,8,2,2000-02-16
5876,1317,12,2,2000-01-02
5877,1318,6,1,2000-04-20
5878,1318,3,5,2000-03-04
5879,1318,10,2,2000-04-11
5880,1319,3,3,2000-03-14
5881,1319,3,3,2000-03-30
5882,1320,8,4,2000-06-14
5883,1320,10,5,2000-05-29
5884,1320,13,4,2000-01-07
5885,1320,8,3,2000-02-20
5886,1320,10,5,2000-01-05
5887,1320,7,2,2000-01-08
5888,1320,4,4,2000-06-12
5889,1321,8,1,2000-02-14
5890,1321,13,1,2000-05-19
5891,1321,2,5,2000-05-14
5892,1321,7,3,2000-02-26
5893,1321,5,3,2000-03-09
5894,1321,10,3,2000-03-28
5895,1322,4,2,2000-04-08
5896,1322,13,3,2000-02-07
5897,1322,11,4,2000-01-04
5898,1322,1,5,2000-04-20
5899,1322,1,4,2000-01-03
5900,1323,6,2,2000-05-30
5901,1323,14,5,2000-05-15
5902,1323,12,2,2000-03-29
5903,1324,10,5,2000-04-20
5904,1324,9,5,2000-01-08
5905,1324,9,3,2000-04-06
5906,1325,1,1,2000-03-13
5907,1325,3,4,2000-02-01
5908,1325,11,1,2000-06-03
5909,1326,14,5,2000-03-18
5910,1327,2,5,2000-05-20
5911,1327,7,1,2000-01-24
5912,1327,10,5,2000-03-11
5913,1327,3,5,2000-04-19
5914,1328,11,1,2000-04-17
5915,1328,5,3,2000-04-07
5916,1328,12,4,2000-01-15
5917,1328,6,4,2000-03-18
5918,1328,6,1,2000-02-01
5919,1328,5,1,2000-04-13
5920,1329,10,2,2000-05-28
5921,1329,11,3,2000-05-11
5922,1329,14,3,2000-01-20
5923,1329,7,4,2000-01-02
5924,1329,8,1,2000-04-20
5925,1329,10,1,2000-04-28
5926,1329,3,5,2000-06-12
5927,1329,10,3,2000-06-05
5928,1330,2,3,2000-04-17
5929,1330,2,2,2000-05-09
5930,1330,14,5,2000-04-13
5931,1330,13,1,2000-03-10
5932,1331,14,1,2000-05-16
5933,1331,12,3,2000-05-25
5934,1331,13,3,2000-02-25
5935,1331,4,1,2000-05-12
5936,1331,6,2,2000-04-21
5937,1331,9,2,2000-03-20
5938,1331,14,4,2000-06-16
5939,1331,2,5,2000-03-01
5940,1332,14,5,2000-04-23
5941,1332,9,4,2000-03-13
5942,1332,1,4,2000-05-25
5943,1332,12,1,2000-04-30
5944,1332,8,1,2000-02-07
5945,1333,2,2,2000-04-18
5946,1333,9,2,2000-02-29
5947,1333,11,1,2000-06-02
5948,1333,12,5,2000-04-07
5949,1333,6,5,2000-05-26
5950,1333,4,4,2000-02-11
5951,1333,5,3,2000-03-23
5952,1333,6,2,2000-04-25
5953,1334,5,1,2000-04-11
5954,1334,13,1,2000-02-27
5955,1334,3,2,2000-02-25
5956,1334,5,2,2000-02-15
5957,1334,13,3,2000-03-13
5958,1334,13,1,2000-03-12
5959,1334,6,3,2000-02-11
5960,1334,6,1,2000-04-12
5961,1335,8,2,2000-02-18
5962,1335,9,5,2000-03-12
5963,1335,5,2,2000-01-08
5964,1335,12,4,2000-06-25
5965,1335,4,3,2000-05-09
5966,1336,11,1,2000-01-15
5967,1336,1,2,2000-01-24
5968,1336,11,1,2000-01-30
5969,1336,12,3,2000-02-06
5970,1336,1,1,2000-05-26
5971,1336,14,5,2000-04-10
5972,1336,8,3,2000-02-20
5973,1337,13,4,2000-05-09
5974,1337,5,4,2000-02-09
5975,1338,9,2,2000-03-27
5976,1338,9,5,2000-01-30
5977,1338,13,5,2000-03-16
5978,1338,13,2,2000-05-14
5979,1338,4,5,2000-02-13
5980,1338,12,4,2000-05-02
5981,1338,8,5,2000-01-20
5982,1339,13,4,2000-03-28
5983,1340,13,1,2000-04-13
5984,1341,11,2,2000-05-01
5985,1341,9,3,2000-04-24
5986,1341,14,3,2000-05-13
5987,1341,14,1,2000-04-28
5988,1341,14,1,2000-02-01
5989,1341,4,4,2000-05-02
5990,1342,10,2,2000-01-29
5991,1342,12,5,2000-06-28
5992,1342,13,1,2000-05-23
5993,1343,11,1,2000-03-09
5994,1343,13,2,2000-03-28
5995,1344,10,1,2000-03-13
5996,1344,11,4,2000-03-29
5997,1344,13,1,2000-05-22
5998,1344,3,4,2000-02-17
5999,1344,12,4,2000-03-31
6000,1345,7,1,2000-01-16
6001,1345,4,4,2000-02-10
6002,1345,8,1,2000-06-12
6003,1346,1,4,2000-04-07
6004,1346,6,3,2000-02-10
6005,1346,14,5,2000-05-28
6006,1346,10,1,2000-01-22
6007,1346,5,1,2000-03-27
6008,1346,9,2,2000-05-21
6009,1346,2,2,2000-01-07
6010,1347,7,4,2000-04-08
6011,1347,4,4,2000-04-12
6012,1347,4,1,2000-05-07
6013,1347,8,1,2000-05-17
6014,1347,5,1,2000-01-15
6015,1347,1,3,2000-06-19
6016,1348,6,4,2000-06-13
6017,1348,4,1,2000-03-05
6018,1348,13,5,2000-02-19
6019,1348,8,2,2000-06-21
6020,1348,1,2,2000-05-18
6021,1349,3,5,2000-05-27
6022,1349,8,1,2000-05-07
6023,1349,1,4,2000-01-29
6024,1350,10,2,2000-01-27
6025,1350,4,3,2000-05-19
6026,1350,2,5,2000-03-02
6027,1350,8,1,2000-02-22
6028,1350,13,3,2000-02-13
6029,1350,4,3,2000-01-22
6030,1350,1,1,2000-01-30
6031,1351,9,5,2000-05-06
6032,1351,11,1,2000-03-28
6033,1352,6,3,2000-03-14
6034,1352,13,2,2000-04-29
6035,1352,6,4,2000-06-10
6036,1352,7,1,2000-03-01
6037,1352,12,4,2000-03-18
6038,1352,5,2,2000-06-19
6039,1352,2,2,2000-02-13
6040,1352,1,5,2000-05-21
6041,1353,7,3,2000-03-18
6042,1353,8,4,2000-03-31
6043,1353,2,2,2000-01-18
6044,1353,12,3,2000-05-24
6045,1353,11,3,2000-01-01
6046,1353,8,4,2000-06-23
6047,1353,11,5,2000-05-15
6048,1354,7,5,2000-01-16
6049,1354,3,2,2000-04-26
6050,1354,12,3,2000-03-15
6051,1354,5,1,2000-01-03
6052,1354,3,2,2000-06-07
6053,1354,6,1,2000-03-16
6054,1354,10,4,2000-06-13
6055,1354,6,3,2000-03-05
6056,1355,10,2,2000-05-04
6057,1356,3,3,2000-02-04
6058,1356,14,2,2000-04-03
6059,1356,4,5,2000-06-12
6060,1356,6,1,2000-01-21
6061,1356,2,5,2000-04-07
6062,1357,10,1,2000-06-09
6063,1358,14,2,2000-05-08
6064,1358,14,2,2000-02-01
6065,1358,14,2,2000-02-05
6066,1358,13,3,2000-01-19
6067,1358,4,2,2000-01-19
6068,1358,5,4,2000-06-16
6069,1358,13,5,2000-04-02
6070,1359,9,4,2000-03-25
6071,1359,14,2,2000-06-25
6072,1359,13,4,2000-01-19
6073,1359,1,2,2000-04-16
6074,1359,6,3,2000-03-25
6075,1359,10,3,2000-03-26
6076,1359,3,3,2000-01-14
6077,1359,7,1,2000-05-24
6078,1360,8,3,2000-06-17
6079,1360,10,1,2000-02-22
6080,1360,12,5,2000-04-15
6081,1360,4,4,2000-06-19
6082,1360,5,2,2000-02-07
6083,1360,10,4,2000-03-30
6084,1360,14,1,2000-05-24
6085,1361,9,2,2000-03-01
6086,1362,7,3,2000-06-18
6087,1362,6,2,2000-06-06
6088,1363,10,1,2000-05-07
6089,1363,4,3,2000-03-10
6090,1363,14,2,2000-04-30
6091,1363,5,4,2000-05-31
6092,1363,13,3,2000-06-21
6093,1363,13,2,2000-05-03
6094,1364,4,2,2000-03-14
6095,1364,9,2,2000-04-30
6096,1364,1,3,2000-05-01
6097,1364,1,5,2000-04-04
6098,1364,11,3,2000-05-27
6099,1364,10,1,2000-04-07
6100,1365,8,2,2000-05-20
6101,1365,4,4,2000-02-28
6102,1366,1,1,2000-05-21
6103,1367,12,1,2000-04-06
6104,1367,5,5,2000-06-01
6105,1367,12,5,2000-04-06
6106,1367,13,2,2000-03-10
6107,1368,12,1,2000-05-14
6108,1368,12,5,2000-04-18
6109,1368,1,5,2000-06-13
6110,1368,6,4,2000-04-18
6111,1368,4,5,2000-01-02
6112,1368,8,3,2000-04-07
6113,1368,7,2,2000-02-07
6114,1369,4,1,2000-02-24
6115,1369,13,2,2000-06-27
6116,1369,8,3,2000-02-23
6117,1369,13,5,2000-05-05
6118,1369,11,2,2000-02-25
6119,1369,8,1,2000-04-22
6120,1370,10,2,2000-05-01
6121,1371,3,1,2000-01-22
6122,1372,1,3,2000-04-01
6123,1372,14,3,2000-01-16
6124,1372,6,3,2000-04-14
6125,1372,4,2,2000-06-15
6126,1372,3,4,2000-03-28
6127,1372,6,4,2000-05-29
6128,1373,1,1,2000-02-05
6129,1373,5,3,2000-06-04
6130,1374,11,4,2000-01-01
6131,1374,10,4,2000-03-28
6132,1374,12,1,2000-01-22
6133,1375,3,2,2000-03-06
6134,1375,12,4,2000-02-27
6135,1375,9,2,2000-03-14
6136,1375,8,5,2000-03-05
6137,1375,3,4,2000-02-22
6138,1375,8,4,2000-02-16
6139,1375,9,5,2000-03-01
6140,1375,1,4,2000-03-15
6141,1376,5,3,2000-06-01
6142,1376,3,3,2000-03-13
6143,1376,13,4,2000-03-30
6144,1376,9,2,2000-05-18
6145,1376,10,1,2000-06-09
6146,1377,3,3,2000-06-14
6147,1378,10,3,2000-06-22
6148,1379,3,1,2000-04-09
6149,1379,12,5,2000-06-09
6150,1379,8,4,2000-06-01
6151,1380,8,4,2000-02-02
6152,1380,10,4,2000-02-19
6153,1380,7,5,2000-02-03
6154,1380,5,5,2000-05-31
6155,1380,3,3,2000-01-02
6156,1380,13,4,2000-05-12
6157,1381,7,4,2000-03-14
6158,1381,8,2,2000-05-11
6159,1381,2,1,2000-04-20
6160,1381,4,3,2000-04-29
6161,1381,6,2,2000-02-02
6162,1381,4,2,2000-03-14
6163,1382,11,5,2000-01-18
6164,1382,2,3,2000-04-21
6165,1382,12,1,2000-03-16
6166,1382,3,4,2000-05-27
6167,1382,12,4,2000-05-10
6168,1382,11,4,2000-02-01
6169,1382,10,5,2000-06-10
6170,1383,10,5,2000-02-01
6171,1383,11,3,2000-01-13
6172,1383,4,3,2000-03-29
6173,1383,11,4,2000-06-08
6174,1383,5,2,2000-04-19
6175,1384,13,2,2000-03-28
6176,1384,11,1,2000-05-21
6177,1384,7,4,2000-06-27
6178,1384,9,1,2000-06-02
6179,1384,13,1,2000-05-16
6180,1385,7,1,2000-02-12
6181,1385,5,3,2000-04-16
6182,1385,4,3,2000-05-11
6183,1385,4,2,2000-05-12
6184,1385,3,3,2000-03-11
6185,1385,11,2,2000-03-09
6186,1385,4,5,2000-04-08
6187,1386,10,2,2000-03-09
6188,1386,7,4,2000-01-24
6189,1387,12,5,2000-01-09
6190,1387,9,2,2000-04-15
6191,1387,4,5,2000-04-11
6192,1387,1,1,2000-05-05
6193,1387,2,5,2000-06-23
6194,1387,4,4,2000-03-06
6195,1387,8,1,2000-03-17
6196,1388,7,4,2000-03-16
6197,1388,8,4,2000-04-03
6198,1388,12,2,2000-03-05
6199,1388,3,2,2000-02-17
6200,1388,11,1,2000-01-04
6201,1388,5,3,2000-03-16
6202,1388,12,4,2000-02-25
6203,1388,13,5,2000-01-28
6204,1389,4,1,2000-05-18
6205,1389,14,3,2000-01-14
6206,1389,13,2,2000-02-28
6207,1389,10,4,2000-06-01
6208,1390,13,3,2000-05-28
6209,1390,8,5,2000-01-02
6210,1390,4,5,2000-03-25
6211,1391,7,4,2000-04-24
6212,1391,8,2,2000-03-23
6213,1391,4,5,2000-05-06
6214,1391,9,2,2000-03-20
6215,1392,12,5,2000-01-25
6216,1392,13,4,2000-01-21
6217,1393,10,3,2000-04-04
6218,1393,7,1,2000-04-13
6219,1393,10,2,2000-03-05
6220,1393,11,2,2000-03-16
6221,1394,6,2,2000-04-02
6222,1394,9,4,2000-02-24
6223,1394,5,3,2000-03-07
6224,1394,6,3,2000-04-22
6225,1395,8,1,2000-02-12
6226,1396,5,3,2000-05-22
6227,1396,2,5,2000-03-15
6228,1396,1,1,2000-01-19
6229,1396,1,5,2000-06-24
6230,1396,4,5,2000-03-05
6231,1396,10,2,2000-03-18
6232,1397,6,4,2000-06-01
6233,1397,13,4,2000-06-14
6234,1398,12,1,2000-06-10
6235,1398,3,3,2000-02-05
6236,1398,6,4,2000-01-25
6237,1398,1,3,2000-02-09
6238,1398,2,5,2000-03-26
6239,1398,2,4,2000-04-16
6240,1398,8,5,2000-05-24
6241,1399,8,4,2000-06-19
6242,1399,13,2,2000-05-11
6243,1400,7,3,2000-05-10
6244,1400,12,3,2000-05-19
6245,1400,4,2,2000-03-17
6246,1401,3,1,2000-05-26
6247,1401,1,4,2000-06-04
6248,1401,13,3,2000-05-11
6249,1401,7,5,2000-03-21
6250,1401,12,3,2000-06-22
6251,1402,10,1,2000-03-29
6252,1403,11,2,2000-02-09
6253,1403,1,5,2000-02-17
6254,1404,5,5,2000-06-25
6255,1405,13,1,2000-06-05
6256,1405,11,4,2000-03-26
6257,1405,3,2,2000-04-02
6258,1405,6,4,2000-02-01
6259,1405,8,5,2000-06-09
6260,1405,9,2,2000-05-08
6261,1406,13,3,2000-03-05
6262,1406,2,5,2000-04-07
6263,1406,4,1,2000-02-20
6264,1407,13,5,2000-05-21
6265,1408,6,2,2000-03-31
6266,1408,7,5,2000-02-18
6267,1409,5,1,2000-02-03
6268,1409,9,4,2000-03-17
6269,1409,2,3,2000-06-10
6270,1409,8,4,2000-05-27
6271,1409,3,1,2000-06-05
6272,1410,12,1,2000-03-06
6273,1410,6,1,2000-03-03
6274,1410,8,5,2000-01-30
6275,1410,1,3,2000-01-11
6276,1411,3,4,2000-02-06
6277,1412,13,5,2000-02-08
6278,1412,8,5,2000-06-26
6279,1412,1,5,2000-01-09
6280,1412,5,3,2000-05-13
6281,1412,5,5,2000-06-27
6282,1413,7,3,2000-05-28
6283,1413,4,4,2000-05-09
6284,1413,7,1,2000-01-19
6285,1413,9,1,2000-03-29
6286,1413,11,5,2000-04-06
6287,1413,12,5,2000-01-05
6288,1413,11,5,2000-06-25
6289,1414,3,4,2000-05-29
6290,1414,7,4,2000-04-16
6291,1415,12,2,2000-04-15
6292,1415,5,2,2000-05-12
6293,1415,11,5,2000-04-02
6294,1415,5,5,2000-06-25
6295,1415,7,3,2000-04-01
6296,1415,14,1,2000-02-05
6297,1416,13,4,2000-02-16
6298,1417,8,1,2000-05-29
6299,1417,4,3,2000-04-01
6300,1417,11,2,2000-03-18
6301,1418,1,5,2000-03-22
6302,1418,1,1,2000-06-16
6303,1418,12,1,2000-06-22
6304,1418,6,2,2000-05-30
6305,1419,9,1,2000-02-15
6306,1419,14,5,2000-06-07
6307,1419,1,4,2000-04-08
6308,1419,13,2,2000-02-08
6309,1419,8,1,2000-05-21
6310,1419,4,5,2000-03-21
6311,1419,13,5,2000-03-20
6312,1420,2,5,2000-05-31
6313,1420,6,1,2000-01-05
6314,1420,11,4,2000-03-04
6315,1420,7,5,2000-03-06
6316,1420,14,5,2000-04-14
6317,1420,8,2,2000-02-02
6318,1420,7,2,2000-05-09
6319,1421,6,4,2000-06-20
6320,1421,13,4,2000-04-14
6321,1421,2,4,2000-05-14
6322,1421,2,2,2000-05-03
6323,1421,5,5,2000-01-21
6324,1421,10,5,2000-01-22
6325,1421,7,2,2000-04-05
6326,1421,4,3,2000-01-13
6327,1422,3,1,2000-03-22
6328,1423,2,4,2000-04-21
6329,1424,6,3,2000-02-27
6330,1424,1,4,2000-01-09
6331,1424,4,4,2000-06-18
6332,1424,11,5,2000-06-12
6333,1424,3,2,2000-06-28
6334,1424,2,1,2000-02-11
6335,1424,2,4,2000-02-27
6336,1425,14,1,2000-02-15
6337,1425,5,1,2000-02-11
6338,1425,7,3,2000-04-11
6339,1425,13,5,2000-01-03
6340,1426,5,4,2000-05-11
6341,1426,6,5,2000-01-24
6342,1426,4,4,2000-06-27
6343,1426,11,4,2000-03-23
6344,1426,1,2,2000-06-15
6345,1427,6,2,2000-03-18
6346,1427,8,2,2000-05-26
6347,1427,11,4,2000-01-28
6348,1427,14,2,2000-01-24
6349,1427,12,4,2000-01-13
6350,1427,13,2,2000-01-19
6351,1427,12,4,2000-06-12
6352,1428,11,5,2000-03-15
6353,1429,12,5,2000-02-29
6354,1429,5,3,2000-05-02
6355,1429,1,1,2000-06-24
6356,1429,5,2,2000-02-18
6357,1429,13,1,2000-05-22
6358,1429,6,1,2000-04-02
6359,1429,5,2,2000-01-16
6360,1430,8,1,2000-05-24
6361,1430,6,1,2000-05-27
6362,1430,6,2,2000-03-29
6363,1430,3,5,2000-04-25
6364,1431,11,4,2000-04-08
6365,1431,10,2,2000-03-11
6366,1431,11,2,2000-06-20
6367,1432,12,4,2000-04-01
6368,1433,3,5,2000-03-05
6369,1433,4,2,2000-03-03
6370,1433,5,3,2000-03-27
6371,1433,8,1,2000-01-28
6372,1433,5,3,2000-01-23
6373,1433,2,4,2000-03-29
6374,1433,6,2,2000-05-17
6375,1433,2,5,2000-01-26
6376,1434,13,4,2000-01-20
6377,1435,10,2,2000-01-17
6378,1435,13,2,2000-04-10
6379,1435,12,3,2000-02-04
6380,1435,14,2,2000-02-02
6381,1435,5,4,2000-04-30
6382,1435,4,5,2000-01-17
6383,1435,12,3,2000-02-21
6384,1436,13,4,2000-02-26
6385,1436,13,5,2000-01-31
6386,1437,11,3,2000-03-10
6387,1437,9,1,2000-04-11
6388,1437,14,3,2000-01-05
6389,1437,12,2,2000-06-15
6390,1437,3,4,2000-03-09
6391,1437,13,3,2000-01-05
6392,1437,12,4,2000-05-08
6393,1437,12,1,2000-06-12
6394,1438,10,2,2000-05-23
6395,1438,13,3,2000-01-31
6396,1438,6,2,2000-01-02
6397,1438,10,2,2000-02-21
6398,1438,6,2,2000-01-31
6399,1438,3,5,2000-02-12
6400,1438,3,1,2000-04-18
6401,1439,6,5,2000-02-07
6402,1439,5,5,2000-03-26
6403,1439,13,3,2000-04-08
6404,1439,3,5,2000-02-11
6405,1439,4,4,2000-03-12
6406,1439,7,1,2000-02-09
6407,1439,14,1,2000-02-01
6408,1439,5,5,2000-05-04
6409,1440,13,3,2000-06-16
6410,1440,14,3,2000-01-01
6411,1440,11,5,2000-06-25
6412,1440,11,4,2000-01-20
6413,1440,10,4,2000-02-12
6414,1440,14,2,2000-06-13
6415,1440,11,5,2000-04-20
6416,1440,9,2,2000-05-30
6417,1441,13,3,2000-03-06
6418,1442,8,5,2000-02-02
6419,1442,14,2,2000-02-01
6420,1442,1,3,2000-05-06
6421,1442,10,3,2000-05-29
6422,1442,1,1,2000-01-06
6423,1443,4,5,2000-04-03
6424,1443,1,2,2000-03-31
6425,1443,7,3,2000-05-16
6426,1443,13,2,2000-04-30
6427,1443,1,4,2000-03-26
6428,1443,12,5,2000-06-09
6429,1443,2,5,2000-01-14
6430,1444,2,2,2000-05-19
6431,1444,13,4,2000-03-06
6432,1444,5,4,2000-01-22
6433,1444,5,5,2000-06-14
6434,1444,13,4,2000-06-23
6435,1445,3,2,2000-05-04
6436,1446,1,4,2000-02-28
6437,1446,12,2,2000-04-23
6438,1447,11,2,2000-01-27
6439,1447,10,4,2000-06-09
6440,1447,10,4,2000-02-03
6441,1447,6,4,2000-06-04
6442,1447,14,5,2000-04-28
6443,1447,8,5,2000-03-15
6444,1447,5,4,2000-02-14
6445,1448,12,5,2000-05-28
6446,1448,14,2,2000-04-23
6447,1448,12,2,2000-04-12
6448,1448,10,3,2000-02-10
6449,1448,5,1,2000-04-04
6450,1448,11,5,2000-01-05
6451,1449,11,3,2000-06-23
6452,1449,13,2,2000-01-11
6453,1449,13,4,2000-05-01
6454,1449,1,1,2000-02-01
6455,1449,6,3,2000-03-27
6456,1450,8,3,2000-04-06
6457,1451,11,1,2000-04-08
6458,1451,5,5,2000-06-12
6459,1451,10,3,2000-06-09
6460,1452,10,1,2000-05-16
6461,1453,14,1,2000-06-17
6462,1453,7,2,2000-03-28
6463,1453,12,5,2000-06-07
6464,1453,12,1,2000-05-18
6465,1453,14,4,2000-01-19
6466,1453,10,1,2000-06-20
6467,1453,9,1,2000-06-19
6468,1453,5,2,2000-01-27
6469,1454,3,4,2000-02-11
6470,1454,12,4,2000-05-01
6471,1454,4,5,2000-02-16
6472,1455,12,2,2000-02-24
6473,1455,5,1,2000-05-31
6474,1456,7,5,2000-01-20
6475,1456,5,3,2000-05-19
6476,1456,4,4,2000-06-06
6477,1457,1,4,2000-02-10
6478,1457,3,4,2000-01-25
6479,1457,13,2,2000-06-23
6480,1457,12,3,2000-03-18
6481,1457,4,1,2000-05-23
6482,1457,2,4,2000-03-23
6483,1458,12,2,2000-01-06
6484,1458,4,2,2000-02-23
6485,1458,4,3,2000-06-08
6486,1458,10,4,2000-06-01
6487,1458,4,3,2000-03-19
6488,1458,2,2,2000-03-08
6489,1458,5,3,2000-03-26
6490,1458,7,4,2000-03-10
6491,1459,2,2,2000-01-26
6492,1459,7,3,2000-01-22
6493,1459,7,1,2000-05-23
6494,1459,10,1,2000-06-05
6495,1460,7,5,2000-06-16
6496,1460,8,4,2000-01-19
6497,1461,3,3,2000-06-11
6498,1461,9,4,2000-01-04
6499,1461,9,2,2000-04-14
6500,1461,6,5,2000-06-06
6501,1462,7,3,2000-04-02
6502,1463,8,1,2000-02-12
6503,1463,14,1,2000-06-07
6504,1463,9,5,2000-06-22
6505,1463,11,3,2000-05-25
6506,1463,4,5,2000-01-01
6507,1464,10,2,2000-05-11
6508,1465,7,3,2000-02-13
6509,1465,1,4,2000-01-02
6510,1465,13,3,2000-01-26
6511,1465,10,2,2000-05-17
6512,1466,6,1,2000-01-20
6513,1466,5,2,2000-05-27
6514,1467,13,1,2000-04-17
6515,1467,6,4,2000-02-25
6516,1467,7,2,2000-01-17
6517,1467,7,5,2000-01-31
6518,1467,1,5,2000-03-14
6519,1467,6,3,2000-04-12
6520,1467,13,5,2000-05-21
6521,1467,11,1,2000-05-16
6522,1468,14,5,2000-01-08
6523,1468,4,5,2000-03-04
6524,1468,4,3,2000-03-20
6525,1468,10,4,2000-03-07
6526,1468,14,1,2000-02-22
6527,1468,13,5,2000-05-21
6528,1468,3,3,2000-03-08
6529,1468,7,5,2000-06-24
6530,1469,6,1,2000-02-25
6531,1469,7,3,2000-05-13
6532,1469,6,4,2000-01-30
6533,1469,10,3,2000-01-12
6534,1470,14,5,2000-04-21
6535,1470,2,1,2000-01-02
6536,1470,1,4,2000-02-20
6537,1470,5,5,2000-05-14
6538,1470,3,1,2000-01-16
6539,1470,13,3,2000-03-03
6540,1471,3,4,2000-04-05
6541,1471,4,1,2000-04-02
6542,1471,8,2,2000-02-04
6543,1471,3,3,2000-01-11
6544,1471,13,1,2000-04-21
6545,1471,12,4,2000-05-17
6546,1471,2,5,2000-01-24
6547,1472,8,4,2000-04-27
6548,1472,10,1,2000-04-09
6549,1472,8,3,2000-03-28
6550,1472,4,5,2000-04-07
6551,1472,1,3,2000-05-04
6552,1472,14,2,2000-05-14
6553,1473,10,1,2000-04-23
6554,1473,10,3,2000-06-13
6555,1473,4,3,2000-01-05
6556,1473,4,4,2000-01-26
6557,1473,2,4,2000-01-21
6558,1473,5,2,2000-06-23
6559,1473,6,1,2000-06-03
6560,1474,13,3,2000-04-08
6561,1475,10,2,2000-03-28
6562,1475,2,4,2000-04-12
6563,1476,3,1,2000-03-28
6564,1476,8,2,2000-01-18
6565,1477,1,4,2000-05-11
6566,1477,8,1,2000-06-14
6567,1477,5,1,2000-04-05
6568,1477,5,3,2000-04-14
6569,1477,4,4,2000-04-25
6570,1477,9,3,2000-02-01
6571,1478,1,5,2000-01-15
6572,1478,4,2,2000-06-09
6573,1479,12,2,2000-05-29
6574,1479,7,2,2000-04-29
6575,1480,6,1,2000-01-16
6576,1480,7,3,2000-01-05
6577,1480,2,3,2000-02-24
6578,1480,4,4,2000-03-02
6579,1481,12,3,2000-05-24
6580,1481,10,2,2000-02-15
6581,1481,13,4,2000-01-11
6582,1481,11,1,2000-02-18
6583,1481,1,2,2000-02-19
6584,1481,5,3,2000-03-17
6585,1482,11,3,2000-02-29
6586,1482,13,5,2000-01-18
6587,1483,12,2,2000-01-11
6588,1484,6,4,2000-04-16
6589,1484,10,4,2000-02-16
6590,1484,1,1,2000-06-17
6591,1485,12,3,2000-05-08
6592,1486,3,5,2000-02-20
6593,1486,1,5,2000-01-24
6594,1487,8,3,2000-01-18
6595,1487,5,3,2000-05-11
6596,1487,11,4,2000-02-11
6597,1487,12,5,2000-04-21
6598,1487,4,1,2000-04-12
6599,1487,4,5,2000-06-24
6600,1488,8,3,2000-03-11
6601,1488,6,1,2000-03-30
6602,1488,14,1,2000-01-29
6603,1488,13,5,2000-05-19
6604,1488,8,4,2000-03-16
6605,1488,5,5,2000-05-30
6606,1488,14,4,2000-05-14
6607,1488,14,5,2000-02-10
6608,1489,2,1,2000-01-15
6609,1489,14,3,2000-04-23
6610,1489,8,4,2000-01-14
6611,1489,5,2,2000-03-10
6612,1489,13,3,2000-02-08
6613,1489,13,5,2000-03-10
6614,1490,3,3,2000-06-17
6615,1490,7,1,2000-03-14
6616,1490,1,2,2000-02-06
6617,1490,7,4,2000-01-24
6618,1490,14,3,2000-05-20
6619,1490,12,3,2000-05-15
6620,1490,13,1,2000-01-22
6621,1491,2,2,2000-05-25
6622,1491,1,5,2000-01-10
6623,1491,3,2,2000-01-09
6624,1491,11,4,2000-06-17
6625,1491,11,4,2000-01-20
6626,1492,7,5,2000-05-23
6627,1492,11,1,2000-02-26
6628,1492,13,3,2000-04-09
6629,1492,3,5,2000-01-19
6630,1492,11,1,2000-02-29
6631,1492,14,2,2000-04-03
6632,1492,13,3,2000-03-19
6633,1493,6,3,2000-03-01
6634,1493,11,3,2000-01-03
6635,1493,14,4,2000-04-29
6636,1493,10,1,2000-01-31
6637,1494,1,3,2000-01-28
6638,1494,10,2,2000-03-27
6639,1494,11,2,2000-06-27
6640,1494,2,3,2000-02-17
6641,1494,11,2,2000-03-24
6642,1495,6,2,2000-05-17
6643,1495,13,4,2000-06-16
6644,1495,2,5,2000-06-14
6645,1496,11,1,2000-02-10
6646,1496,6,4,2000-02-08
6647,1496,3,4,2000-05-31
6648,1496,10,1,2000-04-28
6649,1496,6,3,2000-02-23
6650,1496,10,1,2000-02-10
6651,1496,5,3,2000-05-19
6652,1496,13,4,2000-06-28
6653,1497,5,2,2000-04-04
6654,1497,11,5,2000-01-04
6655,1498,5,2,2000-05-04
6656,1498,11,4,2000-04-16
6657,1498,10,1,2000-01-25
6658,1499,6,4,2000-01-24
6659,1499,9,1,2000-06-19
6660,1499,10,1,2000-04-04
6661,1500,3,5,2000-05-29
6662,1500,3,4,2000-02-20
6663,1501,3,5,2000-06-23
6664,1502,11,3,2000-04-27
6665,1502,11,2,2000-02-03
6666,1502,8,1,2000-05-21
6667,1502,2,5,2000-03-08
6668,1503,9,2,2000-01-26
6669,1503,10,1,2000-02-02
6670,1503,4,4,2000-05-09
6671,1503,14,3,2000-01-09
6672,1503,7,2,2000-05-13
6673,1503,14,5,2000-01-05
6674,1504,11,3,2000-03-14
6675,1504,11,2,2000-05-30
6676,1505,13,3,2000-02-23
6677,1505,9,2,2000-04-17
6678,1505,4,4,2000-01-20
6679,1505,10,2,2000-06-20
6680,1505,10,1,2000-04-13
6681,1505,8,5,2000-01-23
6682,1506,9,5,2000-05-18
6683,1506,1,4,2000-02-07
6684,1506,1,2,2000-03-23
6685,1506,2,3,2000-06-16
6686,1506,14,1,2000-03-04
6687,1506,14,1,2000-04-24
6688,1506,1,1,2000-01-03
6689,1506,4,5,2000-03-21
6690,1507,9,2,2000-01-26
6691,1507,13,1,2000-02-12
6692,1508,4,5,2000-01-11
6693,1508,4,3,2000-05-07
6694,1508,14,1,2000-06-01
6695,1509,12,2,2000-05-19
6696,1509,10,1,2000-01-31
6697,1509,11,3,2000-01-19
6698,1510,6,4,2000-04-19
6699,1510,8,2,2000-06-14
6700,1510,4,5,2000-02-23
6701,1510,14,3,2000-01-15
6702,1510,14,1,2000-01-26
6703,1510,12,4,2000-02-03
6704,1510,14,3,2000-03-09
6705,1511,10,1,2000-01-11
6706,1511,2,5,2000-04-18
6707,1511,1,3,2000-03-15
6708,1511,4,3,2000-05-10
6709,1511,10,2,2000-05-24
6710,1511,4,4,2000-06-18
6711,1512,13,1,2000-05-17
6712,1512,10,4,2000-06-18
6713,1512,5,4,2000-06-15
6714,1513,5,3,2000-05-28
6715,1513,7,1,2000-03-31
6716,1513,11,2,2000-05-03
6717,1513,1,4,2000-03-01
6718,1513,4,4,2000-03-13
6719,1513,1,3,2000-06-27
6720,1513,6,3,2000-05-01
6721,1513,9,1,2000-05-23
6722,1514,11,4,2000-03-24
6723,1514,12,2,2000-05-02
6724,1514,3,2,2000-03-31
6725,1514,6,5,2000-06-13
6726,1514,9,5,2000-05-18
6727,1514,14,5,2000-01-07
6728,1514,13,2,2000-02-29
6729,1515,11,2,2000-01-28
6730,1515,3,5,2000-05-03
6731,1515,7,2,2000-05-08
6732,1516,3,2,2000-04-07
6733,1516,9,1,2000-05-19
6734,1516,10,4,2000-02-18
6735,1516,5,2,2000-03-05
6736,1516,2,2,2000-05-17
6737,1516,12,5,2000-05-27
6738,1516,3,4,2000-03-31
6739,1517,1,4,2000-06-01
6740,1517,13,2,2000-01-09
6741,1517,14,2,2000-03-12
6742,1517,8,4,2000-03-08
6743,1517,14,2,2000-06-17
6744,1517,5,2,2000-06-18
6745,1517,6,1,2000-01-05
6746,1518,8,3,2000-06-10
6747,1518,6,3,2000-04-03
6748,1518,13,4,2000-05-27
6749,1518,5,2,2000-05-21
6750,1518,11,3,2000-03-03
6751,1518,11,1,2000-01-06
6752,1519,13,5,2000-05-16
6753,1520,12,1,2000-03-21
6754,1520,4,5,2000-02-21
6755,1520,8,5,2000-04-29
6756,1520,7,1,2000-05-01
6757,1520,5,5,2000-06-07
6758,1520,13,5,2000-01-22
6759,1520,9,1,2000-03-27
6760,1520,2,5,2000-05-02
6761,1521,2,3,2000-03-15
6762,1521,12,1,2000-02-23
6763,1521,2,1,2000-04-08
6764,1522,9,2,2000-05-13
6765,1522,3,3,2000-06-23
6766,1523,13,2,2000-03-19
6767,1523,11,4,2000-04-24
6768,1523,11,3,2000-02-01
6769,1524,3,5,2000-01-16
6770,1524,12,1,2000-06-02
6771,1524,13,3,2000-02-11
6772,1524,5,5,2000-04-08
6773,1524,3,5,2000-02-04
6774,1524,8,4,2000-03-11
6775,1524,4,1,2000-05-20
6776,1525,14,5,2000-06-24
6777,1525,12,2,2000-05-15
6778,1525,12,3,2000-04-09
6779,1525,2,4,2000-03-31
6780,1525,13,4,2000-06-19
6781,1525,11,3,2000-01-21
6782,1526,8,1,2000-02-04
6783,1526,3,1,2000-01-26
6784,1526,12,5,2000-01-26
6785,1526,14,1,2000-02-02
6786,1526,3,1,2000-03-12
6787,1526,4,1,2000-03-24
6788,1526,8,4,2000-05-31
6789,1526,2,3,2000-02-26
6790,1527,8,5,2000-02-22
6791,1527,8,5,2000-03-28
6792,1527,1,3,2000-06-20
6793,1527,4,4,2000-06-26
6794,1527,5,5,2000-05-26
6795,1527,1,5,2000-04-20
6796,1527,3,4,2000-05-08
6797,1527,6,2,2000-01-20
6798,1528,14,1,2000-05-27
6799,1528,4,2,2000-02-14
6800,1528,14,4,2000-04-15
6801,1528,9,3,2000-01-26
6802,1528,9,3,2000-06-24
6803,1528,12,2,2000-04-04
6804,1529,1,1,2000-06-23
6805,1529,7,3,2000-02-21
6806,1529,5,2,2000-02-25
6807,1530,9,5,2000-02-11
6808,1530,11,4,2000-04-24
6809,1530,3,4,2000-03-27
6810,1530,14,4,2000-03-20
6811,1531,3,1,2000-01-15
6812,1531,6,2,2000-01-21
6813,1531,5,4,2000-06-12
6814,1531,11,4,2000-05-17
6815,1531,6,1,2000-06-05
6816,1531,13,3,2000-03-15
6817,1531,6,1,2000-02-22
6818,1532,4,4,2000-01-29
6819,1532,5,4,2000-02-15
6820,1532,4,3,2000-05-10
6821,1533,6,3,2000-02-03
6822,1533,6,2,2000-01-04
6823,1533,10,4,2000-01-12
6824,1533,4,4,2000-01-19
6825,1534,6,5,2000-06-26
6826,1534,2,2,2000-05-01
6827,1534,10,2,2000-03-29
6828,1534,9,4,2000-02-11
6829,1534,4,5,2000-03-18
6830,1534,4,1,2000-03-14
6831,1534,5,4,2000-04-09
6832,1535,5,1,2000-05-04
6833,1536,13,3,2000-05-22
6834,1536,8,2,2000-05-16
6835,1536,6,3,2000-04-18
6836,1536,12,1,2000-04-01
6837,1536,10,4,2000-01-06
6838,1536,12,3,2000-05-18
6839,1536,3,1,2000-06-07
6840,1537,2,1,2000-05-09
6841,1537,10,1,2000-04-11
6842,1537,6,5,2000-02-24
6843,1537,1,5,2000-02-19
6844,1538,14,2,2000-02-26
6845,1538,6,1,2000-04-05
6846,1538,2,1,2000-05-12
6847,1539,3,5,2000-06-11
6848,1539,10,2,2000-06-03
6849,1539,7,5,2000-04-16
6850,1539,12,1,2000-03-31
6851,1540,4,5,2000-01-17
6852,1540,7,3,2000-03-29
6853,1540,8,2,2000-05-12
6854,1541,10,2,2000-03-05
6855,1541,8,2,2000-06-05
6856,1541,13,2,2000-02-20
6857,1542,7,5,2000-04-06
6858,1542,9,3,2000-03-11
6859,1542,5,2,2000-01-26
6860,1542,4,4,2000-01-02
6861,1542,4,5,2000-06-13
6862,1542,7,4,2000-01-07
6863,1543,1,3,2000-01-09
6864,1543,4,1,2000-06-07
6865,1543,7,3,2000-03-05
6866,1543,11,1,2000-05-04
6867,1543,11,1,2000-02-09
6868,1543,4,5,2000-05-26
6869,1544,5,4,2000-01-08
6870,1544,4,1,2000-05-13
6871,1544,8,5,2000-06-19
6872,1545,11,5,2000-02-12
6873,1545,13,4,2000-03-12
6874,1546,3,3,2000-06-17
6875,1546,9,1,2000-04-01
6876,1546,12,2,2000-03-30
6877,1546,12,2,2000-01-18
6878,1546,9,1,2000-04-15
6879,1547,2,1,2000-01-11
6880,1547,5,4,2000-03-24
6881,1547,5,1,2000-03-16
6882,1547,12,2,2000-06-18
6883,1548,14,4,2000-06-15
6884,1548,8,3,2000-05-18
6885,1548,1,3,2000-03-23
6886,1548,14,5,2000-05-04
6887,1548,11,3,2000-02-05
6888,1549,12,3,2000-05-31
6889,1549,13,4,2000-05-21
6890,1549,5,5,2000-04-12
6891,1549,4,1,2000-06-17
6892,1549,1,1,2000-05-11
6893,1550,9,5,2000-02-27
6894,1550,4,5,2000-03-03
6895,1551,10,2,2000-03-10
6896,1551,8,2,2000-02-12
6897,1552,10,4,2000-05-02
6898,1552,9,1,2000-05-27
6899,1552,14,1,2000-01-03
6900,1553,3,4,2000-06-26
6901,1553,7,3,2000-02-06
6902,1554,5,1,2000-04-03
6903,1554,7,1,2000-02-25
6904,1554,7,2,2000-03-09
6905,1554,4,4,2000-03-09
6906,1555,12,4,2000-02-11
6907,1555,2,1,2000-04-15
6908,1555,12,5,2000-04-12
6909,1556,11,1,2000-03-31
6910,1556,8,1,2000-04-25
6911,1556,6,3,2000-02-25
6912,1556,1,4,2000-06-16
6913,1556,10,1,2000-04-18
6914,1556,14,3,2000-04-13
6915,1556,9,5,2000-04-17
6916,1556,10,4,2000-04-24
6917,1557,2,3,2000-01-24
6918,1557,14,5,2000-05-11
6919,1557,14,3,2000-06-27
6920,1557,3,2,2000-03-01
6921,1557,13,2,2000-06-09
6922,1558,13,3,2000-06-07
6923,1559,7,2,2000-04-22
6924,1559,7,4,2000-01-04
6925,1559,6,4,2000-01-31
6926,1559,5,2,2000-05-30
6927,1559,12,4,2000-03-03
6928,1559,6,5,2000-04-11
6929,1559,2,5,2000-01-19
6930,1559,1,4,2000-05-20
6931,1560,7,5,2000-04-04
6932,1560,3,3,2000-04-15
6933,1560,8,1,2000-04-30
6934,1560,1,3,2000-05-12
6935,1560,12,2,2000-03-23
6936,1561,11,2,2000-04-12
6937,1561,12,4,2000-06-17
6938,1561,3,3,2000-01-28
6939,1561,1,4,2000-05-05
6940,1561,13,4,2000-03-10
6941,1561,9,3,2000-03-13
6942,1561,7,5,2000-01-08
6943,1561,13,5,2000-05-14
6944,1562,14,2,2000-04-26
6945,1562,7,5,2000-04-01
6946,1562,2,3,2000-01-13
6947,1562,10,4,2000-05-30
6948,1562,14,1,2000-04-22
6949,1562,7,1,2000-05-19
6950,1562,12,3,2000-04-03
6951,1562,11,3,2000-05-27
6952,1563,1,5,2000-04-05
6953,1563,13,3,2000-01-06
6954,1563,6,4,2000-01-14
6955,1563,6,4,2000-03-02
6956,1563,8,4,2000-03-24
6957,1564,9,3,2000-05-15
6958,1564,11,1,2000-05-23
6959,1564,13,3,2000-06-03
6960,1564,3,1,2000-03-05
6961,1564,8,5,2000-03-30
6962,1564,14,4,2000-05-20
6963,1564,4,4,2000-02-03
6964,1565,13,4,2000-04-21
6965,1565,7,4,2000-06-02
6966,1565,7,4,2000-03-02
6967,1565,2,4,2000-04-08
6968,1565,10,4,2000-03-15
6969,1565,10,4,2000-03-29
6970,1566,10,5,2000-05-13
6971,1566,14,2,2000-03-18
6972,1566,10,3,2000-05-14
6973,1567,14,2,2000-02-07
6974,1567,13,4,2000-05-17
6975,1567,11,5,2000-04-21
6976,1568,7,3,2000-05-09
6977,1568,3,3,2000-01-03
6978,1568,12,5,2000-05-01
6979,1568,14,2,2000-02-18
6980,1568,13,4,2000-05-09
6981,1568,11,3,2000-05-05
6982,1569,10,5,2000-03-17
6983,1569,4,2,2000-06-11
6984,1570,13,5,2000-03-10
6985,1570,9,4,2000-03-12
6986,1570,5,5,2000-06-27
6987,1570,1,2,2000-04-21
6988,1570,11,5,2000-04-17
6989,1571,3,1,2000-01-21
6990,1571,9,2,2000-03-09
6991,1571,3,4,2000-06-25
6992,1572,12,2,2000-05-27
6993,1572,8,1,2000-02-13
6994,1573,13,1,2000-04-19
6995,1573,1,2,2000-02-24
6996,1573,4,1,2000-04-07
6997,1573,8,1,2000-03-19
6998,1573,11,4,2000-04-22
6999,1573,14,3,2000-03-07
7000,1573,9,3,2000-05-11
7001,1574,7,4,2000-03-30
7002,1574,11,4,2000-01-22
7003,1574,9,4,2000-05-18
7004,1574,14,2,2000-03-18
7005,1574,3,2,2000-01-21
7006,1575,4,2,2000-04-18
7007,1575,11,4,2000-02-27
7008,1576,14,3,2000-06-20
7009,1576,9,2,2000-04-01
7010,1576,2,1,2000-02-10
7011,1576,7,4,2000-03-14
7012,1576,9,4,2000-03-04
7013,1576,3,3,2000-03-23
7014,1576,5,2,2000-01-25
7015,1576,11,2,2000-01-19
7016,1577,13,2,2000-01-13
7017,1577,6,1,2000-02-04
7018,1577,10,5,2000-04-06
7019,1577,4,1,2000-03-10
8634,1940,14,5,2000-06-05
8635,1940,10,4,2000-02-07
8636,1941,6,4,2000-02-09
8637,1941,14,2,2000-03-06
8638,1941,5,5,2000-05-24
8639,1942,6,3,2000-02-25
8640,1943,10,3,2000-01-06
8641,1943,13,2,2000-02-21
8642,1944,3,4,2000-02-21
8643,1945,12,5,2000-02-18
8644,1945,6,4,2000-03-23
8645,1945,14,2,2000-06-18
8646,1945,6,5,2000-04-13
8647,1946,5,2,2000-02-29
8648,1946,11,4,2000-02-29
8649,1946,1,5,2000-04-08
8650,1946,10,2,2000-04-18
8651,1946,10,5,2000-03-15
8652,1946,10,1,2000-02-21
8653,1946,2,2,2000-01-10
8654,1947,1,1,2000-05-07
8655,1948,1,2,2000-06-15
8656,1948,7,4,2000-04-29
8657,1948,9,1,2000-02-26
8658,1948,14,4,2000-06-18
8659,1948,4,3,2000-03-26
8660,1948,3,4,2000-06-21
8661,1948,12,3,2000-01-30
8662,1949,8,3,2000-05-14
8663,1949,14,2,2000-03-20
8664,1949,14,2,2000-05-27
8665,1949,9,4,2000-06-18
8666,1950,8,4,2000-01-13
8667,1950,9,2,2000-05-18
8668,1951,5,2,2000-04-30
8669,1951,2,4,2000-03-04
8670,1951,13,1,2000-02-03
8671,1951,9,4,2000-02-19
8672,1952,5,4,2000-03-20
8673,1952,12,5,2000-05-26
8674,1952,6,4,2000-05-29
8675,1953,7,2,2000-03-12
8676,1953,3,2,2000-01-11
8677,1953,5,4,2000-04-21
8678,1953,6,4,2000-03-01
8679,1953,1,4,2000-02-08
8680,1954,6,3,2000-04-23
8681,1954,12,4,2000-03-25
8682,1955,4,1,2000-06-19
8683,1955,6,1,2000-01-14
8684,1955,9,5,2000-03-26
8685,1955,3,3,2000-03-07
8686,1955,11,1,2000-03-30
8687,1955,4,5,2000-02-23
8688,1956,9,1,2000-03-15
8689,1956,13,2,2000-05-28
8690,1956,2,4,2000-01-15
8691,1956,14,3,2000-04-15
8692,1957,8,5,2000-01-14
8693,1957,6,2,2000-06-06
8694,1957,3,5,2000-03-21
8695,1957,12,1,2000-02-24
8696,1957,9,1,2000-06-24
8697,1957,11,3,2000-03-20
8698,1957,14,1,2000-02-12
8699,1957,6,4,2000-05-09
8700,1958,14,4,2000-05-14
8701,1958,4,5,2000-06-06
8702,1958,13,4,2000-02-15
8703,1958,3,1,2000-05-13
8704,1958,8,4,2000-05-13
8705,1958,3,2,2000-06-09
8706,1958,12,5,2000-03-25
8707,1959,3,1,2000-06-06
8708,1959,7,3,2000-05-29
8709,1959,5,3,2000-01-28
8710,1959,12,3,2000-03-09
8711,1959,8,4,2000-03-18
8712,1959,5,5,2000-02-15
8713,1959,5,4,2000-01-28
8714,1960,11,2,2000-06-15
8715,1960,14,2,2000-01-22
8716,1960,6,4,2000-04-28
8717,1960,4,5,2000-02-16
8718,1960,11,4,2000-01-23
8719,1960,3,5,2000-04-23
8720,1960,5,5,2000-06-04
8721,1960,12,1,2000-01-10
8722,1961,2,3,2000-01-25
8723,1961,9,2,2000-06-04
8724,1961,2,3,2000-06-08
8725,1962,9,5,2000-02-13
8726,1962,1,2,2000-03-03
8727,1962,2,3,2000-05-19
8728,1962,14,2,2000-02-14
8729,1962,11,1,2000-05-31
8730,1962,2,2,2000-05-07
8731,1963,3,2,2000-01-25
8732,1963,13,4,2000-05-02
8733,1964,6,3,2000-03-23
8734,1964,4,4,2000-04-04
8735,1964,8,3,2000-05-02
8736,1965,2,1,2000-05-07
8737,1965,8,4,2000-05-14
8738,1965,8,5,2000-02-15
8739,1965,1,1,2000-02-27
8740,1965,7,1,2000-05-03
8741,1965,3,2,2000-03-22
8742,1965,3,3,2000-01-23
8743,1965,10,5,2000-03-19
8744,1966,12,3,2000-02-28
8745,1966,4,3,2000-04-24
8746,1966,8,2,2000-04-28
8747,1966,6,4,2000-04-08
8748,1967,1,1,2000-05-23
8749,1967,2,3,2000-06-09
8750,1967,14,4,2000-02-20
8751,1967,3,3,2000-05-12
8752,1968,9,4,2000-06-06
8753,1969,14,1,2000-05-15
8754,1969,4,2,2000-05-06
8755,1969,7,4,2000-04-21
8756,1969,14,1,2000-05-19
8757,1969,11,3,2000-04-09
8758,1969,4,3,2000-05-19
8759,1970,13,1,2000-06-05
8760,1971,14,5,2000-04-19
8761,1971,9,3,2000-03-24
8762,1971,10,5,2000-06-13
8763,1971,13,1,2000-03-25
8764,1971,4,5,2000-04-28
8765,1971,5,1,2000-03-13
8766,1971,1,2,2000-03-03
8767,1971,11,3,2000-02-08
8768,1972,5,5,2000-05-26
8769,1972,4,4,2000-01-24
8770,1972,8,3,2000-05-23
8771,1972,8,3,2000-02-08
8772,1972,10,1,2000-06-24
8773,1972,7,3,2000-05-05
8774,1972,10,3,2000-02-25
8775,1973,7,3,2000-02-28
8776,1974,12,2,2000-02-03
8777,1974,11,4,2000-06-28
8778,1974,4,2,2000-03-05
8779,1975,3,3,2000-05-20
8780,1975,7,2,2000-05-23
8781,1975,10,2,2000-02-04
8782,1975,10,5,2000-03-26
8783,1975,9,1,2000-04-08
8784,1976,2,5,2000-01-05
8785,1976,3,5,2000-01-31
8786,1977,6,3,2000-06-17
8787,1978,1,3,2000-01-08
8788,1978,2,5,2000-04-13
8789,1979,10,4,2000-03-07
8790,1979,2,5,2000-03-11
8791,1979,7,5,2000-02-17
8792,1979,1,4,2000-02-17
8793,1979,5,2,2000-04-21
8794,1979,11,4,2000-03-01
8795,1979,11,4,2000-04-14
8796,1979,14,2,2000-05-25
8797,1980,2,4,2000-05-17
8798,1980,3,2,2000-06-11
8799,1980,14,4,2000-04-19
8800,1980,12,1,2000-02-13
8801,1980,5,4,2000-02-24
8802,1980,8,4,2000-02-26
8803,1980,1,3,2000-06-21
8804,1981,14,2,2000-04-03
8805,1981,13,4,2000-02-27
8806,1981,7,1,2000-01-02
8807,1982,14,5,2000-05-28
8808,1982,8,5,2000-03-09
8809,1982,10,5,2000-02-26
8810,1982,3,2,2000-02-26
8811,1982,3,2,2000-04-19
8812,1983,7,2,2000-04-05
8813,1983,8,4,2000-06-02
8814,1983,6,4,2000-01-09
8815,1983,13,1,2000-01-27
8816,1983,3,3,2000-04-18
8817,1983,1,3,2000-01-15
8818,1984,5,4,2000-04-14
8819,1984,6,4,2000-02-07
8820,1984,1,5,2000-04-14
8821,1984,5,5,2000-04-01
8822,1984,11,1,2000-02-01
8823,1985,1,4,2000-02-15
8824,1985,9,2,2000-04-16
8825,1985,10,1,2000-04-27
8826,1986,1,4,2000-04-10
8827,1986,13,1,2000-05-06
8828,1986,6,4,2000-02-11
8829,1986,12,5,2000-03-06
8830,1986,13,4,2000-02-03
8831,1986,14,2,2000-02-15
8832,1987,12,1,2000-06-04
8833,1987,7,2,2000-01-10
8834,1987,7,5,2000-04-13
8835,1988,3,2,2000-05-29
8836,1988,2,3,2000-04-13
8837,1988,13,1,2000-01-06
8838,1988,8,1,2000-04-20
8839,1988,12,2,2000-02-26
8840,1988,14,1,2000-04-27
8841,1988,12,3,2000-05-03
8842,1988,2,5,2000-06-06
8843,1989,1,3,2000-02-10
8844,1989,12,4,2000-05-25
8845,1989,2,5,2000-02-29
8846,1989,13,4,2000-01-30
8847,1989,14,4,2000-05-16
8848,1989,11,3,2000-04-14
8849,1989,9,4,2000-05-19
8850,1990,7,2,2000-06-21
8851,1990,4,3,2000-01-19
8852,1990,1,4,2000-04-05
8853,1990,4,4,2000-01-11
8854,1990,8,5,2000-03-21
8855,1990,12,5,2000-05-20
8856,1990,7,3,2000-02-05
8857,1990,9,2,2000-06-14
8858,1991,14,4,2000-02-11
8859,1991,7,3,2000-03-27
8860,1991,9,3,2000-06-22
8861,1991,11,3,2000-05-24
8862,1991,7,5,2000-01-08
8863,1992,1,1,2000-05-06
8864,1993,8,5,2000-02-19
8865,1993,5,2,2000-05-01
8866,1993,1,5,2000-06-19
8867,1993,11,3,2000-06-27
8868,1993,4,3,2000-06-06
8869,1993,9,3,2000-05-22
8870,1994,9,1,2000-06-04
8871,1994,1,5,2000-05-25
8872,1994,8,2,2000-06-19
8873,1994,3,5,2000-02-09
8874,1994,1,1,2000-03-29
8875,1995,2,1,2000-02-06
8876,1996,1,1,2000-03-12
8877,1996,8,5,2000-06-01
8878,1996,10,2,2000-05-28
8879,1996,3,4,2000-05-13
8880,1996,11,3,2000-04-26
8881,1996,10,2,2000-01-11
8882,1996,1,2,2000-06-22
8883,1996,13,2,2000-04-13
8884,1997,3,4,2000-04-22
8885,1997,3,3,2000-03-09
8886,1997,3,1,2000-05-31
8887,1998,5,5,2000-03-19
8888,1998,7,1,2000-06-06
8889,1999,13,3,2000-05-21
8890,1999,3,2,2000-01-15
8891,1999,8,2,2000-06-17
8892,1999,9,1,2000-01-01
8893,1999,11,2,2000-03-19
8894,1999,7,1,2000-01-24
8895,1999,9,4,2000-04-23
8896,1999,14,1,2000-05-16
8897,2000,11,2,2000-06-25
8898,2000,5,5,2000-03-05
8899,2000,1,4,2000-03-31
8900,2000,5,5,2000-04-14
8901,2001,8,1,2000-06-02
8902,2001,13,1,2000-05-25
8903,2001,1,4,2000-06-22
8904,2001,12,3,2000-03-16
8905,2001,5,4,2000-01-10
8906,2001,6,2,2000-05-02
8907,2002,12,3,2000-04-02
8908,2002,8,3,2000-01-06
8909,2002,9,5,2000-03-13
8910,2002,10,2,2000-06-04
8911,2002,3,4,2000-04-18
8912,2002,6,1,2000-02-05
8913,2002,8,4,2000-02-14
8914,2003,14,1,2000-01-14
8915,2003,12,2,2000-03-11
8916,2003,13,2,2000-04-01
8917,2003,8,5,2000-01-15
8918,2003,3,4,2000-03-02
8919,2003,12,3,2000-03-20
8920,2004,12,1,2000-04-24
8921,2005,6,1,2000-04-26
8922,2006,7,4,2000-06-13
8923,2007,12,4,2000-03-27
8924,2007,13,3,2000-02-24
8925,2007,2,2,2000-03-10
8926,2008,12,2,2000-06-16
8927,2008,11,4,2000-06-03
8928,2008,9,2,2000-02-24
8929,2009,4,2,2000-02-23
8930,2009,8,3,2000-03-01
8931,2009,8,4,2000-02-26
8932,2009,8,5,2000-02-27
8933,2009,9,4,2000-05-06
8934,2009,8,5,2000-05-30
8935,2010,6,3,2000-01-13
8936,2010,10,5,2000-03-16
8937,2010,2,5,2000-02-28
8938,2010,7,5,2000-01-07
8939,2010,7,5,2000-04-03
8940,2010,14,4,2000-03-08
8941,2010,14,5,2000-05-14
8942,2011,12,3,2000-06-14
8943,2011,5,2,2000-06-25
8944,2011,10,4,2000-02-26
8945,2011,6,,2000-02-02
8947,2012,12,2,2000-02-05
8948,2012,5,4,2000-02-20
8949,2013,8,1,2000-01-10
8950,2013,10,5,2000-02-11
8951,2013,2,2,2000-04-29
8952,2013,14,4,2000-05-01
8953,2014,5,2,2000-06-11
8954,2014,11,3,2000-04-21
8955,2014,13,3,2000-06-14
8956,2014,14,2,2000-05-16
8957,2014,4,2,2000-04-06
8958,2015,13,3,2000-05-19
8959,2015,14,5,2000-03-05
8960,2015,2,2,2000-04-18
8961,2015,3,2,2000-03-25
8962,2015,8,1,2000-06-22
8963,2016,9,2,2000-02-19
8964,2016,3,5,2000-02-01
8965,2016,5,2,2000-01-21
8966,2016,11,5,2000-04-28
8967,2016,7,2,2000-01-12
8968,2016,11,3,2000-04-01
8969,2017,7,4,2000-02-05
8970,2017,1,4,2000-02-12
8971,2017,11,3,2000-06-24
8972,2017,10,1,2000-01-12
8973,2017,11,5,2000-03-13
8974,2018,2,4,2000-03-28
8975,2018,9,5,2000-04-28
8976,2018,11,2,2000-05-24
8977,2018,9,2,2000-02-08
8978,2018,4,2,2000-03-13
8979,2018,1,5,2000-04-03
8980,2019,11,5,2000-03-31
8981,2019,11,1,2000-03-21
8982,2020,6,2,2000-01-26
8983,2021,5,4,2000-04-19
8984,2021,12,1,2000-03-13
8985,2022,7,3,2000-06-23
8986,2022,1,2,2000-01-29
8987,2022,1,5,2000-03-21
8988,2022,12,4,2000-02-11
8989,2023,8,5,2000-04-08
8990,2023,4,5,2000-05-23
8991,2023,6,2,2000-02-11
8992,2024,2,2,2000-01-10
8993,2024,13,3,2000-06-03
8994,2024,4,5,2000-06-13
8995,2024,5,3,2000-01-19
8996,2024,1,2,2000-04-30
8997,2024,14,1,2000-01-22
8998,2024,9,5,2000-02-25
8999,2024,14,3,2000-04-05
9000,2025,10,1,2000-03-19
9001,2025,9,2,2000-06-01
9002,2025,7,1,2000-01-07
9003,2025,9,3,2000-01-02
9004,2026,5,5,2000-05-02
9005,2026,7,1,2000-04-27
9006,2027,13,1,2000-06-05
9007,2027,13,4,2000-04-12
9008,2027,12,2,2000-01-28
9009,2027,14,2,2000-02-06
9010,2027,14,1,2000-03-24
9011,2027,13,1,2000-05-23
9012,2027,7,5,2000-02-02
9013,2028,14,1,2000-05-01
9014,2028,9,3,2000-01-06
9015,2028,1,2,2000-03-17
9016,2028,9,4,2000-03-19
9017,2028,6,4,2000-02-20
9018,2028,12,3,2000-04-14
9019,2028,14,2,2000-04-28
9020,2028,10,5,2000-04-05
9021,2029,14,2,2000-05-29
9022,2029,12,3,2000-06-25
9023,2029,13,3,2000-05-10
9024,2029,4,1,2000-05-16
9025,2030,8,4,2000-03-01
9026,2030,7,2,2000-03-19
9027,2030,4,3,2000-03-18
9028,2030,2,4,2000-05-23
9029,2030,8,2,2000-01-04
9030,2031,9,1,2000-01-29
9031,2031,11,4,2000-05-02
9032,2031,14,4,2000-02-02
9033,2031,2,5,2000-03-24
9034,2031,6,4,2000-02-17
9035,2031,3,2,2000-01-31
9036,2032,7,1,2000-05-16
9037,2032,13,5,2000-04-09
9038,2032,10,3,2000-02-07
9039,2032,10,1,2000-05-18
9040,2032,1,1,2000-04-12
9041,2032,12,2,2000-04-07
9042,2033,14,4,2000-02-26
9043,2033,10,5,2000-03-01
9044,2034,11,2,2000-05-18
9045,2034,8,5,2000-03-16
9046,2034,4,2,2000-02-02
9047,2035,3,1,2000-06-11
9048,2035,13,5,2000-04-15
9049,2035,14,1,2000-02-20
9050,2035,2,3,2000-01-01
9051,2035,11,2,2000-04-04
9052,2035,2,3,2000-03-15
9053,2035,11,1,2000-04-15
9054,2036,5,5,2000-01-22
9055,2036,6,1,2000-02-09
9056,2036,3,1,2000-04-03
9057,2036,8,4,2000-02-22
9058,2037,2,1,2000-03-06
9059,2037,11,5,2000-05-17
9060,2037,8,3,2000-06-27
9061,2037,6,4,2000-03-09
9062,2037,5,5,2000-06-13
9063,2038,1,2,2000-03-08
9064,2038,13,2,2000-06-11
9065,2038,6,2,2000-02-15
9066,2038,14,1,2000-05-29
9067,2038,12,3,2000-03-07
9068,2039,10,2,2000-05-22
9069,2039,5,5,2000-06-15
9070,2039,8,5,2000-03-24
9071,2039,6,1,2000-03-25
9072,2039,12,4,2000-06-21
9073,2039,13,4,2000-01-23
9074,2039,11,3,2000-02-27
9075,2040,10,1,2000-03-03
9076,2040,9,1,2000-02-05
9077,2040,3,5,2000-04-22
9078,2040,1,3,2000-02-05
9079,2040,1,2,2000-03-25
9080,2040,9,2,2000-06-06
9081,2040,12,5,2000-03-20
9082,2040,2,5,2000-04-21
9083,2041,1,2,2000-03-15
9084,2041,10,2,2000-04-18
9085,2042,11,2,2000-05-14
9086,2042,2,3,2000-06-02
9087,2042,3,5,2000-02-13
9088,2042,1,3,2000-05-31
9089,2042,2,4,2000-04-23
9090,2043,8,2,2000-01-17
9091,2043,2,5,2000-04-02
9092,2043,7,5,2000-01-26
9093,2043,13,3,2000-01-05
9094,2043,10,3,2000-04-15
9095,2044,5,5,2000-01-20
9096,2044,6,3,2000-06-22
9097,2044,7,3,2000-03-19
9098,2044,10,4,2000-05-10
9099,2045,8,3,2000-06-14
9100,2046,13,4,2000-02-07
9101,2046,4,4,2000-03-03
9102,2047,12,4,2000-03-19
9103,2047,11,5,2000-01-03
9104,2047,5,1,2000-06-15
9105,2047,10,3,2000-03-06
9106,2047,12,1,2000-03-18
9107,2047,1,3,2000-06-17
9108,2047,7,3,2000-05-27
9109,2047,7,5,2000-04-02
9110,2048,4,5,2000-01-05
9111,2049,6,5,2000-02-04
9112,2049,9,5,2000-04-02
9113,2050,7,5,2000-02-13
9114,2050,12,1,2000-05-07
9115,2050,7,2,2000-01-17
9116,2050,11,1,2000-05-17
9117,2050,9,5,2000-01-09
9118,2050,8,3,2000-04-23
9119,2050,10,2,2000-03-23
9120,2050,14,4,2000-06-17
9121,2051,1,5,2000-05-20
9122,2051,5,3,2000-04-20
9123,2051,1,1,2000-06-22
9124,2051,13,1,2000-04-17
9125,2052,11,4,2000-01-10
9126,2052,10,2,2000-04-07
9127,2052,11,3,2000-01-05
9128,2053,4,3,2000-06-19
9129,2053,5,3,2000-02-15
9130,2053,12,1,2000-01-02
9131,2053,1,3,2000-04-05
9132,2053,4,3,2000-03-16
9133,2053,14,1,2000-01-31
9134,2054,14,1,2000-05-14
9135,2054,1,5,2000-06-09
9136,2054,9,4,2000-05-20
9137,2055,12,4,2000-02-04
9138,2055,12,4,2000-01-29
9139,2055,7,1,2000-01-15
9140,2055,9,3,2000-03-23
9141,2055,5,2,2000-04-09
9142,2055,11,3,2000-06-15
9143,2056,4,1,2000-05-20
9144,2056,2,1,2000-06-17
9145,2056,11,1,2000-02-01
9146,2056,5,3,2000-04-23
9147,2056,1,5,2000-05-05
9148,2057,13,5,2000-04-02
9149,2057,10,5,2000-06-21
9150,2057,14,4,2000-05-13
9151,2057,1,3,2000-05-02
9152,2057,10,2,2000-05-09
9153,2057,10,2,2000-05-02
9154,2058,9,5,2000-03-28
9155,2058,6,2,2000-02-25
9156,2059,14,3,2000-01-28
9157,2059,8,4,2000-05-28
9158,2060,4,1,2000-03-21
9159,2060,2,2,2000-06-12
9160,2060,5,3,2000-04-22
9161,2060,3,5,2000-06-22
9162,2060,8,2,2000-05-29
9163,2061,11,2,2000-02-23
9164,2061,4,1,2000-05-16
9165,2061,5,5,2000-04-01
9166,2061,12,2,2000-06-01
9167,2061,12,3,2000-05-10
9168,2061,14,2,2000-04-07
9169,2061,7,3,2000-01-10
9170,2061,5,4,2000-04-21
9171,2062,6,4,2000-04-30
9172,2062,3,4,2000-03-11
9173,2062,8,5,2000-03-30
9174,2063,5,3,2000-03-31
9175,2063,7,3,2000-04-15
9176,2063,3,5,2000-05-18
9177,2063,13,2,2000-05-16
9178,2063,13,4,2000-05-26
9179,2063,6,2,2000-05-19
9180,2063,11,1,2000-03-18
9181,2064,4,1,2000-05-11
9182,2065,13,3,2000-02-23
9183,2066,9,5,2000-06-03
9184,2066,5,2,2000-05-23
9185,2066,13,2,2000-05-18
9186,2067,10,2,2000-06-02
9187,2067,5,3,2000-04-20
9188,2067,10,1,2000-01-10
9189,2067,6,2,2000-06-23
9190,2067,3,1,2000-02-27
9191,2068,7,2,2000-01-31
9192,2068,12,3,2000-06-23
9193,2068,11,3,2000-05-28
9194,2068,5,1,2000-03-14
9195,2069,6,1,2000-05-06
9196,2069,8,2,2000-04-07
9197,2069,3,3,2000-02-14
9198,2069,12,5,2000-01-02
9199,2069,6,1,2000-02-22
9200,2069,1,1,2000-06-15
9201,2070,11,2,2000-06-11
9202,2070,13,4,2000-03-26
9203,2070,8,5,2000-03-25
9204,2070,14,3,2000-03-03
9205,2070,3,1,2000-03-03
9206,2070,4,4,2000-04-30
9207,2070,6,4,2000-04-18
9208,2071,8,5,2000-05-30
9209,2071,2,2,2000-04-01
9210,2071,3,5,2000-05-18
9211,2071,9,4,2000-02-15
9212,2071,14,2,2000-01-08
9213,2071,13,3,2000-03-08
9214,2072,1,5,2000-02-15
9215,2072,12,3,2000-01-14
9216,2072,1,5,2000-03-29
9217,2072,1,5,2000-01-06
9218,2072,7,3,2000-03-18
9219,2072,9,3,2000-06-02
9220,2073,5,3,2000-01-03
9221,2073,5,1,2000-03-08
9222,2073,13,2,2000-03-30
9223,2073,2,3,2000-06-06
9224,2073,13,1,2000-02-01
9225,2073,11,1,2000-01-25
9226,2074,10,1,2000-01-09
9227,2074,11,5,2000-04-22
9228,2074,12,5,2000-01-02
9229,2075,2,5,2000-01-06
9230,2075,12,2,2000-03-03
9231,2075,10,1,2000-03-30
9232,2075,7,5,2000-03-04
9233,2075,1,2,2000-02-10
9234,2075,6,1,2000-06-28
9235,2075,2,3,2000-01-26
9236,2075,6,1,2000-03-31
9237,2076,5,1,2000-03-09
9238,2076,2,3,2000-05-02
9239,2076,4,3,2000-03-22
9240,2077,14,5,2000-02-02
9241,2077,5,5,2000-06-24
9242,2077,9,3,2000-01-16
9243,2077,2,3,2000-03-23
9244,2077,4,2,2000-05-29
9245,2077,3,5,2000-05-01
9246,2077,6,2,2000-03-06
9247,2077,6,2,2000-04-10
9248,2078,10,2,2000-05-29
9249,2078,14,4,2000-06-18
9250,2078,10,3,2000-04-02
9251,2078,10,3,2000-06-07
9252,2078,5,5,2000-02-02
9253,2078,11,4,2000-02-07
9254,2078,2,1,2000-04-26
9255,2078,7,3,2000-05-10
9256,2079,6,5,2000-04-21
9257,2079,9,5,2000-02-03
9258,2080,6,3,2000-01-22
9259,2081,3,3,2000-02-28
9260,2081,8,5,2000-03-09
9261,2081,5,4,2000-02-18
9262,2081,12,5,2000-05-23
9263,2082,12,1,2000-03-10
9264,2082,2,3,2000-06-17
9265,2082,13,3,2000-01-02
9266,2082,9,4,2000-01-03
9267,2083,6,4,2000-02-12
9268,2083,8,2,2000-03-29
9269,2083,13,5,2000-01-26
9270,2083,7,1,2000-01-21
9271,2084,14,1,2000-03-17
9272,2084,12,1,2000-01-06
9273,2084,9,4,2000-05-09
9274,2084,12,3,2000-03-19
9275,2084,13,5,2000-01-19
9276,2084,13,4,2000-02-10
9277,2084,9,4,2000-02-01
9278,2085,8,5,2000-02-13
9279,2085,4,1,2000-05-03
9280,2086,5,4,2000-04-05
9281,2086,11,1,2000-04-01
9282,2086,8,1,2000-06-24
9283,2086,8,1,2000-03-20
9284,2086,5,1,2000-01-30
9285,2086,14,5,2000-06-07
9286,2087,2,3,2000-05-15
9287,2088,12,1,2000-01-13
9288,2088,1,2,2000-06-09
9289,2088,14,1,2000-02-23
9290,2088,6,1,2000-01-16
9291,2088,11,1,2000-03-23
9292,2089,8,4,2000-05-24
9293,2089,6,3,2000-01-25
9294,2089,1,4,2000-01-21
9295,2089,10,4,2000-01-29
9296,2089,5,5,2000-04-03
9297,2089,13,1,2000-05-16
9298,2089,5,3,2000-06-18
9299,2090,3,3,2000-02-06
9300,2090,4,3,2000-03-12
9301,2090,3,4,2000-03-19
9302,2090,1,1,2000-06-08
9303,2090,2,2,2000-03-15
9304,2091,4,2,2000-05-28
9305,2091,3,1,2000-02-26
9306,2091,3,4,2000-04-11
9307,2091,4,5,2000-02-20
9308,2092,13,5,2000-04-21
9309,2093,14,4,2000-02-03
9310,2093,12,2,2000-02-24
9311,2093,14,1,2000-06-21
9312,2093,14,2,2000-01-06
9313,2093,3,4,2000-02-12
9314,2093,14,5,2000-02-18
9315,2093,12,3,2000-01-31
9316,2094,14,5,2000-01-07
9317,2094,1,2,2000-01-17
9318,2094,1,2,2000-01-27
9319,2094,11,5,2000-06-07
9320,2094,11,1,2000-05-20
9321,2094,14,3,2000-05-23
9322,2095,7,4,2000-03-27
9323,2095,9,3,2000-01-16
9324,2095,8,5,2000-03-13
9325,2095,13,3,2000-04-15
9326,2095,4,1,2000-06-09
9327,2095,11,4,2000-01-25
9328,2095,3,5,2000-04-21
9329,2095,1,4,2000-03-31
9330,2096,3,3,2000-05-19
9331,2097,2,1,2000-03-06
9332,2098,9,1,2000-05-17
9333,2098,5,5,2000-02-29
9334,2098,14,3,2000-02-09
9335,2098,4,1,2000-06-26
9336,2098,6,4,2000-02-08
9337,2098,11,4,2000-03-02
9338,2098,12,4,2000-02-21
9339,2099,11,4,2000-03-29
9340,2100,2,1,2000-03-03
9341,2100,6,4,2000-05-20
9342,2100,7,5,2000-05-26
9343,2100,5,3,2000-01-07
9344,2100,13,4,2000-03-21
9345,2100,2,1,2000-01-30
9346,2101,5,3,2000-03-18
9347,2101,2,2,2000-04-18
9348,2101,12,2,2000-02-24
9349,2101,5,3,2000-05-22
9350,2101,7,4,2000-03-26
9351,2101,1,3,2000-05-22
9352,2102,1,2,2000-02-21
9353,2102,13,4,2000-01-08
9354,2102,1,5,2000-06-13
9355,2103,7,2,2000-04-23
9356,2104,9,4,2000-02-13
9357,2104,2,1,2000-02-27
9358,2104,11,1,2000-04-09
9359,2104,1,3,2000-05-22
9360,2104,11,1,2000-03-26
9361,2104,9,4,2000-05-20
9362,2104,12,2,2000-01-14
9363,2105,7,5,2000-06-20
9364,2105,13,4,2000-04-14
9365,2105,12,3,2000-01-31
9366,2106,10,1,2000-05-03
9367,2106,4,5,2000-02-29
9368,2107,11,2,2000-01-08
9369,2107,3,1,2000-03-16
9370,2107,14,1,2000-04-01
9371,2107,3,4,2000-04-20
9372,2107,6,5,2000-05-06
9373,2107,6,1,2000-05-24
9374,2108,12,2,2000-06-01
9375,2108,1,1,2000-05-07
9376,2109,12,2,2000-04-23
9377,2109,2,2,2000-05-29
9378,2109,14,5,2000-01-12
9379,2109,1,1,2000-01-28
9380,2109,1,4,2000-06-17
9381,2109,14,4,2000-02-05
9382,2109,4,3,2000-05-08
9383,2110,12,5,2000-01-12
9384,2110,7,5,2000-04-18
9385,2110,10,2,2000-03-10
9386,2111,7,1,2000-01-15
9387,2111,3,5,2000-06-16
9388,2111,4,3,2000-03-01
9389,2111,6,2,2000-05-26
9390,2112,4,3,2000-03-03
9391,2112,1,5,2000-05-13
9392,2113,12,3,2000-01-04
9393,2113,14,3,2000-04-25
9394,2113,13,1,2000-06-27
9395,2113,2,4,2000-01-14
9396,2113,12,3,2000-02-23
9397,2113,9,1,2000-04-09
9398,2113,7,2,2000-02-02
9399,2113,6,2,2000-02-21
9400,2114,5,4,2000-03-04
9401,2114,2,3,2000-01-29
9402,2114,14,1,2000-02-08
9403,2114,11,3,2000-06-15
9404,2114,2,1,2000-06-17
9405,2114,11,5,2000-06-03
9406,2115,12,1,2000-02-27
9407,2115,8,2,2000-06-12
9408,2115,3,5,2000-01-19
9409,2116,12,4,2000-02-25
9410,2116,7,2,2000-03-05
9411,2116,1,1,2000-01-24
9412,2117,9,3,2000-03-06
9413,2117,8,1,2000-05-24
9414,2117,2,5,2000-01-31
9415,2118,14,3,2000-04-17
9416,2118,13,4,2000-01-24
9417,2118,14,1,2000-02-07
9418,2118,11,3,2000-05-14
9419,2118,4,5,2000-02-07
9420,2118,13,2,2000-04-30
9421,2118,10,5,2000-02-25
9422,2118,2,1,2000-03-02
9423,2119,3,1,2000-05-12
9424,2119,4,2,2000-06-09
9425,2119,7,1,2000-04-28
9426,2119,2,3,2000-02-16
9427,2119,6,5,2000-05-12
9428,2119,8,2,2000-05-25
9429,2119,12,3,2000-03-04
9430,2120,4,1,2000-06-13
9431,2120,7,4,2000-02-27
9432,2121,9,5,2000-03-14
9433,2121,10,2,2000-02-05
9434,2121,6,2,2000-03-23
9435,2121,14,4,2000-01-18
9436,2121,9,3,2000-02-14
9437,2121,13,5,2000-02-27
9438,2121,2,3,2000-06-24
9439,2122,12,4,2000-05-07
9440,2122,5,2,2000-01-21
9441,2122,6,1,2000-02-01
7558,1699,12,3,2000-03-17
7559,1699,3,1,2000-03-08
7560,1699,1,4,2000-04-27
7561,1700,14,2,2000-06-21
7562,1700,12,2,2000-04-28
7563,1700,9,3,2000-04-21
7564,1700,2,5,2000-04-28
7565,1700,11,5,2000-05-18
7566,1700,2,4,2000-03-08
7567,1700,10,2,2000-01-20
7568,1700,14,4,2000-02-27
7569,1701,7,3,2000-03-01
7570,1701,13,3,2000-01-30
7571,1701,5,4,2000-03-07
7572,1701,11,1,2000-05-09
7573,1701,14,4,2000-01-09
7574,1701,8,2,2000-05-12
7575,1701,1,3,2000-03-02
7576,1702,4,4,2000-01-30
7577,1702,3,2,2000-02-16
7578,1702,4,2,2000-04-15
7579,1702,11,2,2000-06-04
7580,1703,3,3,2000-03-31
7581,1703,13,4,2000-04-01
7582,1703,11,2,2000-04-17
7583,1703,9,5,2000-06-26
7584,1704,11,2,2000-05-22
7585,1704,3,1,2000-03-28
7586,1704,6,3,2000-02-11
7587,1704,1,3,2000-06-20
7588,1704,2,1,2000-06-14
7589,1705,3,3,2000-01-02
7590,1705,6,3,2000-06-20
7591,1706,6,5,2000-05-06
7592,1706,12,2,2000-02-13
7593,1707,11,4,2000-05-08
7594,1707,2,4,2000-01-18
7595,1707,14,1,2000-02-14
7596,1708,4,3,2000-02-19
7597,1708,13,5,2000-02-21
7598,1708,13,3,2000-03-03
7599,1708,5,1,2000-02-26
7600,1708,10,4,2000-06-15
7601,1708,3,2,2000-02-20
7602,1708,5,5,2000-03-21
7603,1708,5,4,2000-01-11
7604,1709,1,4,2000-06-13
7605,1709,11,3,2000-01-01
7606,1709,8,3,2000-06-11
7607,1709,4,3,2000-05-18
7608,1709,1,2,2000-03-05
7609,1709,11,1,2000-06-19
7610,1709,6,5,2000-05-11
7611,1709,6,3,2000-06-05
7612,1710,4,4,2000-04-16
7613,1710,11,3,2000-05-15
7614,1711,8,3,2000-04-16
7615,1711,14,3,2000-04-23
7616,1712,9,3,2000-05-16
7617,1712,12,2,2000-05-10
7618,1713,4,4,2000-05-18
7619,1714,4,3,2000-03-09
7620,1715,1,1,2000-05-12
7621,1715,1,5,2000-02-13
7622,1715,7,3,2000-06-06
7623,1716,9,4,2000-01-30
7624,1716,4,4,2000-03-16
7625,1716,13,4,2000-05-24
7626,1717,1,1,2000-02-21
7627,1717,2,4,2000-01-21
7628,1717,6,4,2000-03-21
7629,1717,2,4,2000-03-16
7630,1717,5,3,2000-04-19
7631,1718,7,2,2000-06-24
7632,1718,5,1,2000-06-07
7633,1718,1,5,2000-04-03
7634,1718,11,2,2000-05-13
7635,1718,3,1,2000-04-16
7636,1718,5,5,2000-03-10
7637,1718,1,5,2000-05-17
7638,1719,12,3,2000-02-24
7639,1719,6,1,2000-02-09
7640,1719,13,3,2000-06-24
7641,1719,4,5,2000-03-03
7642,1720,10,4,2000-03-28
7643,1720,6,2,2000-01-11
7644,1720,3,2,2000-03-12
7645,1720,1,4,2000-04-15
7646,1720,3,4,2000-04-28
7647,1720,13,1,2000-03-02
7648,1720,1,5,2000-04-18
7649,1721,5,1,2000-01-08
7650,1721,7,1,2000-02-06
7651,1722,6,4,2000-05-23
7652,1723,7,1,2000-01-02
7653,1723,8,4,2000-03-10
7654,1723,12,1,2000-03-21
7655,1723,11,4,2000-03-19
7656,1723,11,3,2000-03-13
7657,1723,11,5,2000-05-14
7658,1724,12,1,2000-05-05
7659,1725,14,4,2000-06-20
7660,1725,10,4,2000-05-11
7661,1725,8,1,2000-02-23
7662,1725,9,2,2000-05-02
7663,1725,11,5,2000-01-20
7664,1726,2,3,2000-01-30
7665,1726,12,1,2000-02-15
7666,1726,6,3,2000-06-22
7667,1726,13,5,2000-06-25
7668,1726,7,3,2000-01-20
7669,1726,9,3,2000-04-18
7670,1726,12,1,2000-01-19
7671,1726,6,2,2000-06-16
7672,1727,8,5,2000-01-17
7673,1727,9,4,2000-02-13
7674,1727,12,4,2000-04-18
7675,1727,3,1,2000-04-20
7676,1727,11,2,2000-05-03
7677,1727,6,2,2000-02-18
7678,1728,6,5,2000-06-26
7679,1729,9,4,2000-03-24
7680,1729,11,4,2000-06-09
7681,1729,7,1,2000-04-27
7682,1729,7,2,2000-03-31
7683,1729,8,1,2000-03-15
7684,1729,2,2,2000-05-05
7685,1730,4,3,2000-04-14
7686,1730,4,3,2000-02-16
7687,1730,5,1,2000-05-30
7688,1730,5,5,2000-04-23
7689,1730,1,3,2000-01-14
7690,1731,9,2,2000-06-08
7691,1731,9,3,2000-06-09
7692,1731,14,3,2000-04-21
7693,1731,12,1,2000-05-27
7694,1731,1,3,2000-06-15
7695,1731,3,4,2000-06-04
7696,1731,14,3,2000-03-19
7697,1731,12,5,2000-02-08
7698,1732,12,4,2000-04-23
7699,1732,3,1,2000-01-25
7700,1732,3,5,2000-04-02
7701,1732,5,3,2000-01-07
7702,1732,12,1,2000-05-25
7703,1732,7,5,2000-05-20
7704,1733,3,5,2000-06-28
7705,1733,10,2,2000-03-16
7706,1733,7,5,2000-06-15
7707,1733,2,4,2000-01-18
7708,1733,4,2,2000-02-05
7709,1733,4,4,2000-05-29
7710,1733,7,2,2000-04-18
7711,1733,1,1,2000-03-25
7712,1734,10,3,2000-06-11
7713,1734,12,4,2000-02-23
7714,1734,11,3,2000-02-07
7715,1734,12,2,2000-03-02
7716,1734,6,5,2000-02-06
7717,1735,8,5,2000-02-11
7718,1736,12,3,2000-02-10
7719,1736,4,5,2000-02-24
7720,1737,1,2,2000-05-13
7721,1737,3,2,2000-03-01
7722,1737,14,5,2000-03-26
7723,1737,5,5,2000-03-20
7724,1737,5,2,2000-04-13
7725,1737,14,4,2000-04-26
7726,1737,4,1,2000-04-05
7727,1737,3,1,2000-04-09
7728,1738,6,5,2000-01-14
7729,1738,6,3,2000-04-24
7730,1738,7,4,2000-05-27
7731,1738,1,5,2000-06-04
7732,1738,11,5,2000-03-28
7733,1739,6,2,2000-06-03
7734,1740,10,1,2000-02-15
7735,1741,3,4,2000-02-23
7736,1741,3,5,2000-02-01
7737,1741,8,1,2000-05-04
7738,1742,9,4,2000-03-07
7739,1742,12,2,2000-03-26
7740,1742,13,4,2000-04-19
7741,1742,4,1,2000-01-12
7742,1742,12,4,2000-03-04
7743,1742,3,4,2000-06-24
7744,1742,8,3,2000-04-17
7745,1742,2,2,2000-02-11
7746,1743,14,4,2000-03-22
7747,1743,1,3,2000-04-13
7748,1743,9,2,2000-03-09
7749,1743,11,2,2000-01-03
7750,1743,7,2,2000-04-16
7751,1743,5,1,2000-03-20
7752,1744,14,2,2000-04-11
7753,1744,11,5,2000-01-19
7754,1744,7,2,2000-02-01
7755,1745,5,3,2000-04-02
7756,1745,7,4,2000-01-03
7757,1745,11,1,2000-02-07
7758,1746,6,4,2000-03-31
7759,1746,7,1,2000-04-18
7760,1746,7,2,2000-01-29
7761,1746,2,5,2000-02-22
7762,1746,5,3,2000-02-06
7763,1747,6,5,2000-06-02
7764,1747,9,3,2000-03-05
7765,1747,14,3,2000-01-23
7766,1747,5,3,2000-04-16
7767,1747,6,2,2000-04-25
7768,1748,13,4,2000-02-26
7769,1748,7,2,2000-06-07
7770,1749,11,3,2000-06-15
7771,1749,6,2,2000-01-19
7772,1749,9,5,2000-04-11
7773,1749,14,5,2000-04-05
7774,1749,6,3,2000-06-13
7775,1749,11,1,2000-05-15
7776,1749,6,5,2000-04-29
7777,1749,11,5,2000-02-06
7778,1750,1,4,2000-06-17
7779,1750,13,5,2000-01-01
7780,1751,2,1,2000-04-09
7781,1752,5,5,2000-06-06
7782,1752,2,5,2000-06-15
7783,1752,13,2,2000-03-26
7784,1752,7,3,2000-01-27
7785,1752,3,2,2000-06-21
7786,1752,2,2,2000-05-18
7787,1752,2,2,2000-03-14
7788,1753,4,4,2000-02-22
7789,1754,14,5,2000-05-05
7790,1754,3,4,2000-05-03
7791,1755,11,5,2000-04-19
7792,1756,8,5,2000-03-23
7793,1756,3,4,2000-03-20
7794,1757,1,1,2000-01-03
7795,1757,12,3,2000-05-04
7796,1758,3,2,2000-06-15
7797,1758,4,3,2000-01-29
7798,1758,6,5,2000-02-24
7799,1758,9,1,2000-04-21
7800,1759,14,2,2000-02-25
7801,1759,13,4,2000-05-28
7802,1759,3,5,2000-05-02
7803,1759,8,2,2000-05-08
7804,1759,6,3,2000-04-27
7805,1760,4,1,2000-04-10
7806,1760,6,4,2000-05-21
7807,1760,8,1,2000-05-04
7808,1760,8,2,2000-03-27
7809,1760,10,2,2000-04-01
7810,1760,1,2,2000-06-17
7811,1761,2,1,2000-03-12
7812,1761,6,2,2000-03-26
7813,1761,5,3,2000-01-02
7814,1762,5,4,2000-01-24
7815,1762,2,4,2000-02-21
7816,1762,4,4,2000-05-11
7817,1763,4,1,2000-03-29
7818,1763,2,5,2000-01-23
7819,1763,9,2,2000-05-26
7820,1763,10,5,2000-05-11
7821,1763,9,3,2000-01-13
7822,1763,5,5,2000-05-14
7823,1763,13,2,2000-02-20
7824,1764,11,4,2000-03-25
7825,1764,2,2,2000-06-07
7826,1764,12,3,2000-01-14
7827,1764,12,3,2000-06-01
7828,1764,14,1,2000-03-17
7829,1765,9,4,2000-04-07
7830,1765,13,3,2000-02-08
7831,1765,13,4,2000-05-01
7832,1765,10,1,2000-02-15
7833,1765,2,3,2000-03-10
7834,1765,10,4,2000-05-19
7835,1765,14,4,2000-03-23
7836,1765,14,5,2000-03-15
7837,1766,14,1,2000-02-12
7838,1766,10,1,2000-02-26
7839,1766,4,3,2000-05-31
7840,1766,14,5,2000-01-25
7841,1767,11,4,2000-06-17
7842,1767,7,5,2000-02-26
7843,1767,11,5,2000-03-19
7844,1767,7,4,2000-03-09
7845,1768,12,2,2000-06-08
7846,1768,11,4,2000-03-18
7847,1768,13,2,2000-03-10
7848,1768,8,5,2000-05-18
7849,1768,11,3,2000-02-27
7850,1769,1,3,2000-02-01
7851,1769,6,5,2000-05-24
7852,1769,2,3,2000-04-17
7853,1769,6,5,2000-01-10
7854,1769,3,3,2000-02-03
7855,1769,11,5,2000-03-28
7856,1769,6,5,2000-03-07
7857,1769,7,4,2000-06-12
7858,1770,12,1,2000-05-20
7859,1770,13,3,2000-05-03
7860,1771,3,5,2000-04-09
7861,1771,11,5,2000-01-25
7862,1771,8,3,2000-03-22
7863,1772,1,2,2000-06-08
7864,1772,2,4,2000-03-21
7865,1772,8,1,2000-03-17
7866,1772,14,3,2000-03-19
7867,1772,12,3,2000-05-31
7868,1772,9,4,2000-03-03
7869,1773,3,2,2000-03-17
7870,1773,7,4,2000-04-28
7871,1773,6,5,2000-03-10
7872,1773,11,4,2000-03-14
7873,1774,11,5,2000-05-24
7874,1775,13,1,2000-04-01
7875,1776,2,4,2000-05-01
7876,1776,14,3,2000-06-15
7877,1776,5,5,2000-02-15
7878,1777,10,3,2000-03-10
7879,1777,12,1,2000-06-15
7880,1777,3,1,2000-06-12
7881,1777,10,3,2000-01-14
7882,1778,10,5,2000-06-18
7883,1778,1,1,2000-06-01
7884,1778,10,5,2000-01-21
7885,1778,10,5,2000-01-25
7886,1778,5,4,2000-02-29
7887,1778,9,3,2000-02-11
7888,1778,10,1,2000-01-09
7889,1778,9,5,2000-03-04
7890,1779,4,4,2000-01-21
7891,1779,10,2,2000-03-24
7892,1779,10,2,2000-03-23
7893,1779,4,1,2000-01-10
7894,1779,1,3,2000-03-30
7895,1779,2,1,2000-06-26
7896,1779,2,1,2000-03-12
7897,1779,11,4,2000-05-30
7898,1780,9,4,2000-06-26
7899,1780,13,3,2000-05-22
7900,1780,3,3,2000-06-11
7901,1781,10,5,2000-05-14
7902,1781,5,1,2000-05-23
7903,1781,9,1,2000-04-25
7904,1781,8,5,2000-05-23
7905,1782,2,3,2000-06-17
7906,1783,10,4,2000-04-04
7907,1783,2,4,2000-04-10
7908,1783,7,2,2000-02-14
7909,1783,7,5,2000-01-19
7910,1783,2,3,2000-06-07
7911,1783,7,2,2000-05-07
7912,1784,10,2,2000-06-28
7913,1784,12,3,2000-03-12
7914,1784,7,2,2000-04-03
7915,1784,7,5,2000-05-25
7916,1784,3,3,2000-03-23
7917,1785,3,5,2000-04-13
7918,1785,2,4,2000-02-29
7919,1785,13,4,2000-04-26
7920,1785,10,1,2000-01-18
7921,1785,6,4,2000-04-07
7922,1785,10,3,2000-04-22
7923,1786,6,3,2000-02-28
7924,1786,1,4,2000-05-14
7925,1787,6,2,2000-05-02
7926,1787,9,5,2000-01-27
7927,1787,12,1,2000-03-01
7928,1787,1,2,2000-05-24
7929,1787,7,2,2000-04-03
7930,1787,2,3,2000-05-23
7931,1787,13,5,2000-04-20
7932,1787,8,1,2000-03-27
7933,1788,7,2,2000-04-16
7934,1788,2,5,2000-04-10
7935,1788,7,2,2000-01-15
7936,1788,1,3,2000-03-29
7937,1788,11,3,2000-05-01
7938,1788,13,5,2000-06-23
7939,1789,4,1,2000-03-19
7940,1789,8,4,2000-06-14
7941,1789,12,5,2000-05-07
7942,1789,11,2,2000-01-22
7943,1789,13,1,2000-01-30
7944,1789,9,4,2000-01-19
7945,1789,3,2,2000-06-20
7946,1790,13,4,2000-01-16
7947,1790,11,2,2000-06-18
7948,1790,5,2,2000-05-17
7949,1790,5,5,2000-03-10
7950,1790,4,5,2000-01-30
7951,1791,8,4,2000-01-06
7952,1792,10,1,2000-05-27
7953,1792,4,3,2000-02-29
7954,1792,4,4,2000-03-21
7955,1792,11,4,2000-02-25
7956,1792,3,1,2000-03-25
7957,1792,8,3,2000-05-01
7958,1793,3,1,2000-04-04
7959,1793,11,3,2000-06-20
7960,1794,6,2,2000-04-13
7961,1794,4,5,2000-03-11
7962,1794,13,2,2000-03-02
7963,1795,4,3,2000-06-28
7964,1795,1,5,2000-03-19
7965,1795,2,5,2000-01-19
7966,1795,9,4,2000-04-14
7967,1795,9,2,2000-02-23
7968,1796,9,4,2000-03-11
7969,1797,14,4,2000-06-08
7970,1797,7,3,2000-01-01
7971,1797,8,4,2000-04-06
7972,1797,10,3,2000-06-24
7973,1797,7,1,2000-04-17
7974,1797,4,3,2000-04-27
7975,1797,1,4,2000-03-08
7976,1797,3,1,2000-03-27
7977,1798,4,5,2000-03-14
7978,1798,7,2,2000-06-10
7979,1798,11,4,2000-06-07
7980,1799,9,1,2000-01-20
7981,1799,8,1,2000-03-06
7982,1799,12,4,2000-04-27
7983,1800,7,1,2000-05-24
7984,1800,3,3,2000-02-06
7985,1800,13,3,2000-01-16
7986,1800,1,3,2000-02-22
7987,1800,5,4,2000-03-01
7988,1800,5,5,2000-01-25
7989,1800,3,5,2000-06-18
7990,1801,13,1,2000-01-16
7991,1801,10,1,2000-03-25
7992,1802,6,1,2000-05-28
7993,1802,8,1,2000-03-10
7994,1802,13,3,2000-01-29
7995,1802,2,1,2000-01-06
7996,1803,10,5,2000-01-15
7997,1803,3,5,2000-02-08
7998,1803,1,3,2000-03-03
7999,1803,1,5,2000-01-08
8000,1803,9,3,2000-01-17
8001,1803,7,1,2000-06-18
8002,1804,8,2,2000-03-09
8003,1804,1,1,2000-06-25
8004,1805,2,4,2000-06-10
8005,1805,7,3,2000-04-12
8006,1805,3,4,2000-03-02
8007,1805,9,2,2000-01-10
8008,1805,2,4,2000-04-16
8009,1805,6,2,2000-03-23
8010,1805,2,1,2000-02-20
8011,1805,9,2,2000-04-29
8012,1806,8,1,2000-04-04
8013,1807,7,2,2000-01-11
8014,1807,9,4,2000-03-17
8015,1807,3,5,2000-04-04
8016,1807,5,2,2000-06-20
8017,1807,2,4,2000-05-04
8018,1807,3,2,2000-03-21
8019,1807,11,5,2000-02-11
8020,1807,9,4,2000-05-06
8021,1808,9,3,2000-04-30
8022,1808,11,2,2000-04-19
8023,1808,5,3,2000-02-02
8024,1808,2,3,2000-06-05
8025,1808,5,2,2000-03-22
8026,1808,5,1,2000-06-05
8027,1808,7,4,2000-02-05
8028,1809,7,5,2000-05-01
8029,1809,12,5,2000-04-19
8030,1809,5,4,2000-01-27
8031,1810,14,4,2000-02-06
8032,1810,13,5,2000-06-11
8033,1810,6,1,2000-05-10
8034,1810,10,4,2000-03-18
8035,1811,2,5,2000-05-19
8036,1811,13,3,2000-04-23
8037,1811,11,1,2000-05-04
8038,1811,9,3,2000-03-11
8039,1811,12,4,2000-04-11
8040,1811,5,5,2000-01-19
8041,1811,2,2,2000-05-26
8042,1811,1,1,2000-04-27
8043,1812,5,4,2000-05-07
8044,1812,12,3,2000-01-02
8045,1813,1,5,2000-05-22
8046,1813,4,4,2000-06-20
8047,1813,7,3,2000-06-12
8048,1814,7,5,2000-03-26
8049,1814,7,5,2000-04-07
8050,1814,12,1,2000-05-19
8051,1814,6,5,2000-05-04
8052,1815,11,4,2000-04-16
8053,1815,14,3,2000-02-24
8054,1816,11,4,2000-02-08
8055,1816,14,2,2000-01-03
8056,1816,2,3,2000-02-10
8057,1816,5,3,2000-04-10
8058,1817,10,2,2000-01-31
8059,1817,6,3,2000-03-05
8060,1817,5,1,2000-03-19
8061,1817,11,2,2000-05-10
8062,1817,13,3,2000-01-23
8063,1817,2,3,2000-05-24
8064,1818,3,3,2000-05-28
8065,1818,13,2,2000-04-27
8066,1818,13,5,2000-01-11
8067,1818,6,3,2000-05-30
8068,1818,1,3,2000-04-09
8069,1818,4,2,2000-02-22
8070,1819,1,1,2000-02-27
8071,1819,9,5,2000-06-10
8072,1819,13,1,2000-06-08
8073,1819,7,2,2000-02-04
8074,1819,2,2,2000-03-28
8075,1819,13,5,2000-05-29
8076,1819,8,1,2000-03-29
8077,1819,8,1,2000-04-24
8078,1820,13,5,2000-04-04
8079,1820,7,3,2000-05-23
8080,1820,11,2,2000-06-07
8081,1820,1,3,2000-04-10
8082,1820,1,1,2000-05-09
8083,1820,10,3,2000-02-28
8084,1820,9,2,2000-04-30
8085,1821,13,5,2000-04-09
8086,1822,9,1,2000-02-29
8087,1823,12,2,2000-04-07
8088,1823,5,4,2000-04-20
8089,1823,5,4,2000-05-02
8090,1823,4,1,2000-05-31
8091,1824,10,4,2000-05-19
8092,1824,3,5,2000-04-05
8093,1825,12,2,2000-05-23
8094,1825,7,4,2000-02-11
8095,1825,1,2,2000-01-02
8096,1825,3,2,2000-04-12
8097,1826,7,4,2000-04-25
8098,1826,7,1,2000-05-13
8099,1826,14,4,2000-06-19
8100,1826,7,2,2000-04-03
8101,1826,2,5,2000-06-23
8102,1826,11,1,2000-06-24
8103,1827,1,2,2000-05-06
8104,1827,8,4,2000-01-03
8105,1827,9,5,2000-03-01
8106,1827,4,4,2000-03-06
8107,1827,10,2,2000-02-12
8108,1827,11,2,2000-06-07
8109,1828,6,5,2000-03-22
8110,1828,5,3,2000-02-17
8111,1828,11,1,2000-02-01
8112,1828,7,4,2000-06-24
8113,1828,11,5,2000-01-29
8114,1828,6,5,2000-02-26
8115,1828,10,4,2000-04-20
8116,1829,7,3,2000-02-15
8117,1829,14,3,2000-03-13
8118,1830,2,3,2000-05-12
8119,1830,9,5,2000-06-24
8120,1830,11,1,2000-06-21
8121,1830,13,3,2000-05-26
8122,1830,3,2,2000-05-13
8123,1830,2,4,2000-01-18
8124,1830,5,1,2000-01-15
8125,1830,3,4,2000-05-22
8126,1831,3,2,2000-02-15
8127,1831,5,1,2000-01-23
8128,1831,1,2,2000-04-08
8129,1831,12,3,2000-01-24
8130,1831,11,2,2000-04-08
8131,1832,13,5,2000-05-23
8132,1832,5,4,2000-05-27
8133,1832,11,1,2000-04-14
8134,1832,8,5,2000-04-08
8135,1832,5,5,2000-02-15
8136,1833,4,4,2000-05-17
8137,1833,12,5,2000-06-28
8138,1833,9,4,2000-06-14
8139,1833,5,2,2000-04-03
8140,1833,4,3,2000-01-04
8141,1834,9,4,2000-06-02
8142,1834,3,5,2000-01-23
8143,1834,8,5,2000-02-02
8144,1835,12,4,2000-02-19
8145,1835,8,1,2000-02-24
8146,1835,7,4,2000-01-27
8147,1835,3,3,2000-06-19
8148,1835,2,1,2000-01-22
8149,1835,1,1,2000-01-17
8150,1835,10,5,2000-04-02
8151,1835,7,1,2000-01-28
8152,1836,14,1,2000-03-10
8153,1836,13,2,2000-06-24
8154,1836,6,5,2000-05-22
8155,1836,5,1,2000-03-06
8156,1836,4,3,2000-01-29
8157,1836,1,3,2000-03-25
8158,1836,14,3,2000-05-25
8159,1836,6,2,2000-04-19
8160,1837,2,1,2000-06-06
8161,1837,14,5,2000-01-13
8162,1837,1,3,2000-01-21
8163,1837,13,2,2000-06-21
8164,1838,2,4,2000-02-08
8165,1839,14,2,2000-02-16
8166,1839,2,1,2000-04-08
8167,1839,13,1,2000-03-25
8168,1839,14,2,2000-04-19
8169,1839,2,5,2000-06-19
8170,1839,11,5,2000-06-06
8171,1839,14,3,2000-04-28
8172,1839,4,4,2000-05-06
8173,1840,2,3,2000-02-09
8174,1840,10,3,2000-06-08
8175,1841,11,5,2000-01-13
8176,1841,6,1,2000-06-27
8177,1841,1,5,2000-03-20
8178,1841,13,1,2000-03-14
8179,1841,4,5,2000-04-15
8180,1842,2,1,2000-03-29
8181,1842,3,2,2000-01-24
8182,1842,6,3,2000-01-17
8183,1842,10,3,2000-04-14
8184,1842,14,4,2000-02-11
8185,1842,10,3,2000-02-03
8186,1842,5,5,2000-01-02
8187,1843,3,2,2000-01-02
8188,1843,6,5,2000-05-23
8189,1843,6,3,2000-03-01
8190,1843,12,4,2000-02-29
8191,1843,10,4,2000-01-08
8192,1843,6,3,2000-03-08
8193,1844,12,5,2000-06-16
8194,1844,4,1,2000-04-28
8195,1845,9,3,2000-06-10
8196,1845,7,4,2000-06-09
8197,1845,4,1,2000-03-10
8198,1845,4,2,2000-05-24
8199,1845,8,1,2000-06-13
8200,1845,10,4,2000-02-12
8201,1845,11,1,2000-06-22
8202,1846,12,3,2000-01-07
8203,1846,5,4,2000-01-08
8204,1846,11,1,2000-05-04
8205,1847,5,4,2000-05-04
8206,1847,14,5,2000-01-28
8207,1847,8,2,2000-02-16
8208,1847,1,5,2000-01-11
8209,1847,11,1,2000-04-09
8210,1847,12,5,2000-06-01
8211,1847,10,3,2000-05-05
8212,1848,14,2,2000-01-10
8213,1848,12,3,2000-02-22
8214,1848,10,3,2000-02-10
8215,1848,8,5,2000-03-09
8216,1848,3,1,2000-01-04
8217,1848,4,5,2000-03-29
8218,1849,3,5,2000-03-28
8219,1850,4,3,2000-06-01
8220,1850,1,4,2000-06-23
8221,1850,7,5,2000-05-01
8222,1851,3,5,2000-01-19
8223,1851,6,5,2000-01-28
8224,1851,14,1,2000-04-11
8225,1851,11,1,2000-05-05
8226,1852,5,3,2000-06-26
8227,1852,14,1,2000-06-23
8228,1852,8,5,2000-04-04
8229,1852,2,2,2000-04-23
8230,1852,5,3,2000-03-28
8231,1852,11,3,2000-05-22
8232,1852,2,2,2000-04-05
8233,1852,7,1,2000-06-02
8234,1853,7,4,2000-02-20
8235,1853,11,4,2000-03-16
8236,1853,9,2,2000-05-04
8237,1853,12,3,2000-02-03
8238,1854,4,2,2000-03-05
8239,1854,6,4,2000-02-22
8240,1854,14,5,2000-01-16
8241,1854,5,4,2000-01-23
8242,1854,14,1,2000-05-24
8243,1854,7,5,2000-02-29
8244,1854,8,4,2000-06-17
8245,1854,12,5,2000-04-22
8246,1855,9,1,2000-06-26
8247,1855,8,3,2000-02-29
8248,1855,5,2,2000-03-29
8249,1855,5,1,2000-06-20
8250,1855,6,3,2000-03-11
8251,1855,7,3,2000-01-17
8252,1856,11,1,2000-04-21
8253,1857,3,3,2000-04-05
8254,1857,3,3,2000-02-09
8255,1857,8,1,2000-05-26
8256,1857,2,2,2000-04-30
8257,1857,5,2,2000-06-05
8258,1857,5,1,2000-03-23
8259,1857,1,2,2000-03-18
8260,1858,4,2,2000-02-08
8261,1858,5,3,2000-06-12
8262,1858,14,5,2000-01-17
8263,1858,7,1,2000-06-19
8264,1858,3,3,2000-04-13
8265,1858,2,4,2000-03-19
8266,1858,10,1,2000-04-10
8267,1858,6,3,2000-06-22
8268,1859,5,3,2000-03-07
8269,1859,14,1,2000-03-09
8270,1859,4,5,2000-05-18
8271,1859,5,2,2000-06-04
8272,1859,8,2,2000-03-14
8273,1859,2,1,2000-02-01
8274,1859,6,5,2000-02-04
8275,1859,10,3,2000-03-17
8276,1860,14,4,2000-05-11
8277,1861,11,3,2000-03-18
8278,1861,9,3,2000-05-22
8279,1861,5,5,2000-05-30
8280,1861,8,4,2000-04-16
8281,1861,6,5,2000-04-25
8282,1861,14,1,2000-06-21
8283,1862,14,2,2000-03-04
8284,1862,1,1,2000-04-22
8285,1862,9,3,2000-05-07
8286,1862,11,5,2000-04-18
8287,1862,6,5,2000-01-07
8288,1862,14,1,2000-04-21
8289,1862,10,2,2000-03-23
8290,1862,12,1,2000-01-07
8291,1863,3,3,2000-03-13
8292,1863,12,3,2000-04-04
8293,1863,10,3,2000-03-15
8294,1863,8,1,2000-03-18
8295,1863,5,3,2000-06-03
8296,1863,11,5,2000-04-30
8297,1863,12,2,2000-04-06
8298,1864,10,5,2000-06-12
8299,1864,10,3,2000-02-09
8300,1864,8,1,2000-02-28
8301,1864,8,4,2000-05-09
8302,1864,3,4,2000-03-26
8303,1864,10,4,2000-05-25
8304,1864,3,2,2000-01-09
8305,1864,11,1,2000-02-10
8306,1865,6,4,2000-03-30
8307,1865,13,5,2000-05-27
8308,1866,4,4,2000-03-25
8309,1866,4,4,2000-02-20
8310,1866,9,2,2000-03-07
8311,1866,3,2,2000-06-22
8312,1866,14,4,2000-03-23
8313,1866,2,2,2000-04-26
8314,1867,2,3,2000-04-04
8315,1868,9,2,2000-04-20
8316,1868,12,2,2000-05-29
8317,1868,1,4,2000-05-22
8318,1869,10,5,2000-01-03
8319,1869,7,1,2000-06-24
8320,1869,4,5,2000-01-08
8321,1869,3,3,2000-01-01
8322,1869,10,2,2000-02-13
8323,1870,9,1,2000-06-15
8324,1870,7,5,2000-03-25
8325,1870,6,5,2000-04-18
8326,1870,4,3,2000-04-30
8327,1870,1,2,2000-04-26
8328,1870,3,1,2000-02-23
8329,1870,2,5,2000-01-01
8330,1871,6,2,2000-03-20
8331,1871,12,4,2000-01-21
8332,1871,2,3,2000-01-25
8333,1871,11,4,2000-03-15
8334,1871,7,3,2000-03-11
8335,1871,1,3,2000-01-17
8336,1872,8,1,2000-05-14
8337,1872,10,1,2000-02-25
8338,1872,3,3,2000-05-22
8339,1872,11,3,2000-02-11
8340,1872,2,2,2000-04-26
8341,1873,8,4,2000-01-04
8342,1873,11,1,2000-05-21
8343,1873,9,5,2000-03-11
8344,1873,10,4,2000-03-19
8345,1873,7,3,2000-01-14
8346,1874,12,2,2000-03-28
8347,1875,11,4,2000-02-17
8348,1875,10,4,2000-01-06
8349,1875,8,4,2000-01-22
8350,1875,8,4,2000-01-06
8351,1875,11,5,2000-06-13
8352,1875,1,5,2000-02-19
8353,1875,12,3,2000-04-08
8354,1875,8,3,2000-02-05
8355,1876,10,2,2000-06-14
8356,1876,5,2,2000-04-03
8357,1876,6,3,2000-02-04
8358,1876,6,4,2000-02-18
8359,1876,8,2,2000-01-16
8360,1877,12,1,2000-01-31
8361,1878,4,3,2000-05-06
8362,1878,10,1,2000-03-04
8363,1879,13,5,2000-06-27
8364,1880,5,2,2000-02-27
8365,1880,11,2,2000-03-18
8366,1880,9,1,2000-02-19
8367,1880,9,2,2000-05-28
8368,1880,9,2,2000-06-16
8369,1880,6,5,2000-06-25
8370,1880,6,2,2000-05-11
8371,1880,9,5,2000-02-20
8372,1881,11,3,2000-02-07
8373,1881,4,4,2000-05-12
8374,1881,3,2,2000-03-19
8375,1881,5,4,2000-03-25
8376,1882,3,2,2000-01-14
8377,1882,7,2,2000-01-08
8378,1882,14,5,2000-02-27
8379,1882,13,2,2000-01-14
8380,1882,14,3,2000-06-24
8381,1882,13,4,2000-05-22
8382,1882,13,1,2000-01-14
8383,1882,10,3,2000-02-21
8384,1883,5,5,2000-03-05
8385,1883,6,5,2000-04-26
8386,1883,9,2,2000-04-13
8387,1883,6,3,2000-02-02
8388,1883,4,4,2000-04-18
8389,1883,3,2,2000-01-31
8390,1884,1,1,2000-01-09
8391,1884,9,3,2000-04-13
8392,1884,6,5,2000-02-01
8393,1884,12,4,2000-04-01
8394,1885,1,2,2000-06-12
8395,1886,14,2,2000-04-10
8396,1886,3,5,2000-03-03
8397,1886,9,5,2000-04-02
8398,1886,11,2,2000-05-04
8399,1887,2,3,2000-02-17
8400,1887,4,3,2000-05-14
8401,1887,14,3,2000-02-25
8402,1887,8,4,2000-04-05
8403,1887,8,4,2000-03-25
8404,1887,14,1,2000-04-10
8405,1887,11,5,2000-05-26
8406,1888,7,4,2000-01-06
8407,1889,4,4,2000-01-29
8408,1889,5,3,2000-01-24
8409,1889,2,1,2000-05-05
8410,1889,4,1,2000-04-16
8411,1890,7,3,2000-02-08
8412,1890,6,2,2000-03-04
8413,1890,4,3,2000-05-04
8414,1890,11,1,2000-03-08
8415,1891,8,3,2000-05-01
8416,1891,14,1,2000-01-06
8417,1891,4,5,2000-03-10
8418,1892,4,2,2000-04-27
8419,1892,2,5,2000-03-17
8420,1892,11,2,2000-01-16
8421,1892,2,3,2000-05-21
8422,1893,6,4,2000-01-25
8423,1893,13,2,2000-01-29
8424,1894,14,1,2000-03-17
8425,1894,10,1,2000-02-28
8426,1894,10,1,2000-03-23
8427,1894,6,1,2000-06-17
8428,1894,6,1,2000-04-26
8429,1894,7,5,2000-01-31
8430,1894,7,2,2000-01-09
8431,1895,12,1,2000-05-24
8432,1895,4,2,2000-01-07
8433,1895,3,5,2000-06-08
8434,1895,5,3,2000-06-28
8435,1895,7,4,2000-02-04
8436,1895,10,4,2000-04-07
8437,1895,8,4,2000-06-07
8438,1896,1,1,2000-04-23
8439,1896,9,3,2000-01-17
8440,1896,12,4,2000-04-10
8441,1896,5,2,2000-02-02
8442,1896,3,1,2000-06-15
8443,1896,12,1,2000-02-11
8444,1896,2,4,2000-05-27
8445,1896,8,4,2000-03-22
8446,1897,1,1,2000-01-01
8447,1897,2,3,2000-05-20
8448,1897,9,4,2000-05-11
8449,1897,3,4,2000-03-05
8450,1897,5,3,2000-02-17
8451,1897,14,4,2000-02-11
8452,1897,9,2,2000-05-24
8453,1897,8,2,2000-04-10
8454,1898,4,1,2000-06-28
8455,1898,7,3,2000-04-04
8456,1898,4,3,2000-02-10
8457,1898,3,3,2000-01-10
8458,1898,12,1,2000-03-16
8459,1898,11,4,2000-04-21
8460,1898,8,4,2000-04-17
8461,1898,5,2,2000-04-30
8462,1899,12,2,2000-04-14
8463,1899,12,5,2000-06-24
8464,1899,6,3,2000-03-02
8465,1899,11,4,2000-05-26
8466,1899,7,1,2000-04-02
8467,1900,6,5,2000-05-12
8468,1900,1,4,2000-03-24
8469,1900,1,2,2000-05-30
8470,1900,9,5,2000-04-18
8471,1901,6,2,2000-04-01
8472,1901,5,2,2000-04-02
8473,1901,11,5,2000-04-29
8474,1902,1,4,2000-01-09
8475,1902,8,2,2000-01-15
8476,1902,2,3,2000-06-27
8477,1903,9,5,2000-03-27
8478,1903,7,2,2000-06-03
8479,1903,10,3,2000-03-25
8480,1903,2,3,2000-04-19
8481,1903,1,1,2000-05-01
8482,1903,3,1,2000-05-30
8483,1904,11,2,2000-01-16
8484,1904,8,3,2000-01-06
8485,1904,1,2,2000-02-18
8486,1904,10,1,2000-03-15
8487,1905,4,2,2000-01-01
8488,1906,10,1,2000-01-15
8489,1907,14,3,2000-04-21
8490,1907,1,2,2000-02-24
8491,1907,12,3,2000-03-30
8492,1907,7,2,2000-04-04
8493,1907,12,1,2000-01-09
8494,1907,1,3,2000-03-02
8495,1908,5,2,2000-03-23
8496,1908,13,2,2000-06-13
8497,1908,4,2,2000-05-06
8498,1909,7,3,2000-01-09
8499,1909,4,4,2000-02-19
8500,1909,13,4,2000-01-17
8501,1909,7,1,2000-06-02
8502,1909,11,4,2000-04-28
8503,1909,4,2,2000-02-27
8504,1910,5,3,2000-03-05
8505,1910,4,5,2000-02-29
8506,1910,11,4,2000-05-14
8507,1910,6,5,2000-01-17
8508,1910,3,5,2000-03-15
8509,1910,4,3,2000-06-19
8510,1910,12,3,2000-04-28
8511,1910,4,5,2000-05-10
8512,1911,13,1,2000-04-02
8513,1911,3,4,2000-06-20
8514,1911,6,5,2000-03-06
8515,1911,1,3,2000-03-06
8516,1911,2,3,2000-04-01
8517,1911,11,4,2000-06-24
8518,1911,11,1,2000-04-02
8519,1911,6,1,2000-04-10
8520,1912,13,1,2000-05-08
8521,1912,4,2,2000-06-23
8522,1913,12,2,2000-05-03
8523,1913,9,3,2000-06-03
8524,1913,4,1,2000-05-11
8525,1913,11,1,2000-01-21
8526,1913,8,4,2000-02-10
8527,1913,5,5,2000-01-11
8528,1913,10,3,2000-05-06
8529,1913,3,2,2000-05-04
8530,1914,4,1,2000-01-23
8531,1914,14,4,2000-06-08
8532,1914,10,4,2000-04-22
8533,1914,13,2,2000-03-04
8534,1914,12,4,2000-05-28
8535,1915,9,2,2000-01-10
8536,1915,7,2,2000-04-28
8537,1915,1,5,2000-03-09
8538,1915,1,2,2000-06-08
8539,1915,12,3,2000-06-28
8540,1915,8,5,2000-04-19
8541,1916,3,3,2000-05-21
8542,1916,3,5,2000-06-21
8543,1917,7,1,2000-05-04
8544,1918,10,1,2000-01-01
8545,1918,13,5,2000-03-02
8546,1918,11,5,2000-03-18
8547,1919,9,5,2000-02-27
8548,1919,6,3,2000-03-17
8549,1919,11,4,2000-06-25
8550,1920,3,2,2000-05-13
8551,1920,6,1,2000-05-23
8552,1920,1,3,2000-01-06
8553,1920,3,3,2000-01-10
8554,1920,7,2,2000-02-11
8555,1921,9,5,2000-03-07
8556,1921,10,4,2000-03-19
8557,1921,1,5,2000-03-18
8558,1921,4,5,2000-06-18
8559,1922,4,1,2000-05-13
8560,1922,13,1,2000-03-05
8561,1923,12,2,2000-03-17
8562,1923,10,4,2000-06-05
8563,1923,3,1,2000-04-02
8564,1924,3,4,2000-05-12
8565,1924,12,1,2000-01-08
8566,1924,11,3,2000-03-24
8567,1924,13,2,2000-06-09
8568,1924,5,5,2000-02-02
8569,1924,8,2,2000-01-06
8570,1924,4,1,2000-03-17
8571,1924,7,5,2000-06-13
8572,1925,7,1,2000-01-07
8573,1926,2,2,2000-05-04
8574,1926,13,4,2000-01-25
8575,1926,11,1,2000-04-25
8576,1926,3,4,2000-02-29
8577,1926,7,5,2000-03-29
8578,1926,14,2,2000-02-03
8579,1927,13,2,2000-01-21
8580,1927,4,3,2000-03-15
8581,1927,1,4,2000-06-05
8582,1927,13,4,2000-06-05
8583,1927,12,2,2000-06-24
8584,1928,14,4,2000-01-29
8585,1928,11,4,2000-06-02
8586,1928,12,4,2000-05-01
8587,1928,6,1,2000-01-19
8588,1929,8,4,2000-05-31
8589,1930,3,5,2000-02-29
8590,1930,3,1,2000-01-09
8591,1930,14,5,2000-04-17
8592,1930,13,5,2000-02-14
8593,1930,13,2,2000-01-12
8594,1930,5,5,2000-06-24
8595,1930,11,4,2000-01-03
8596,1931,6,5,2000-04-06
8597,1931,6,2,2000-06-06
8598,1931,6,1,2000-02-17
8599,1931,4,5,2000-04-28
8600,1931,6,2,2000-06-10
8601,1931,12,1,2000-04-01
8602,1931,9,5,2000-03-10
8603,1931,6,2,2000-03-04
8604,1932,11,1,2000-01-21
8605,1932,4,4,2000-01-26
8606,1933,2,5,2000-03-14
8607,1933,3,4,2000-06-28
8608,1933,2,4,2000-03-22
8609,1933,8,3,2000-04-13
8610,1933,2,5,2000-03-07
8611,1933,4,1,2000-05-21
8612,1934,4,1,2000-04-13
8613,1934,9,1,2000-03-28
8614,1934,1,4,2000-01-01
8615,1934,6,4,2000-06-24
8616,1934,11,2,2000-03-16
8617,1935,2,3,2000-03-04
8618,1935,3,2,2000-05-30
8619,1935,2,1,2000-03-30
8620,1935,5,3,2000-01-18
8621,1935,14,3,2000-06-13
8622,1936,7,1,2000-06-10
8623,1936,1,4,2000-06-05
8624,1936,7,5,2000-03-18
8625,1937,4,4,2000-02-23
8626,1937,4,3,2000-05-09
8627,1937,10,4,2000-01-23
8628,1938,4,1,2000-04-18
8629,1938,1,5,2000-01-16
8630,1938,4,4,2000-02-13
8631,1938,8,1,2000-05-25
8632,1939,1,3,2000-06-26
8633,1940,14,2,2000-01-11
11017,2466,2,2,2000-02-17
11018,2466,3,3,2000-03-06
11019,2466,1,3,2000-01-31
11020,2466,3,4,2000-03-04
11021,2467,6,1,2000-05-27
11022,2467,2,5,2000-01-19
11023,2467,3,5,2000-05-16
11024,2467,10,5,2000-06-22
11025,2467,1,1,2000-06-19
11026,2468,5,5,2000-01-31
11027,2468,7,4,2000-02-13
11028,2469,6,2,2000-01-06
11029,2470,2,4,2000-02-21
11030,2471,6,2,2000-06-07
11031,2471,4,5,2000-03-16
11032,2471,10,3,2000-04-06
11033,2471,13,2,2000-04-01
11034,2471,4,3,2000-05-03
11035,2471,12,4,2000-05-23
11036,2472,6,5,2000-01-13
11037,2472,3,5,2000-04-23
11038,2472,4,2,2000-02-17
11039,2472,12,2,2000-02-16
11040,2473,2,2,2000-01-25
11041,2473,10,1,2000-04-15
11042,2473,5,1,2000-04-27
11043,2473,11,4,2000-05-31
11044,2473,10,1,2000-01-15
11045,2474,10,4,2000-02-21
11046,2474,9,1,2000-02-01
11047,2474,1,5,2000-04-27
11048,2475,10,4,2000-03-12
11049,2475,2,1,2000-06-14
11050,2475,2,4,2000-02-17
11051,2476,7,4,2000-01-06
11052,2476,10,1,2000-04-24
11053,2476,3,1,2000-02-13
11054,2476,14,2,2000-03-12
11055,2476,2,1,2000-04-11
11056,2476,4,2,2000-03-08
11057,2477,9,2,2000-01-08
11058,2477,9,1,2000-05-22
11059,2477,13,5,2000-04-23
11060,2477,4,3,2000-06-02
11061,2477,10,4,2000-01-11
11062,2478,13,5,2000-04-09
11063,2478,9,1,2000-03-24
11064,2478,3,5,2000-02-16
11065,2478,2,2,2000-01-13
11066,2478,1,5,2000-03-20
11067,2478,13,3,2000-06-26
11068,2478,12,1,2000-05-23
11069,2478,10,2,2000-06-10
11070,2479,14,2,2000-03-14
11071,2479,7,5,2000-06-03
11072,2479,11,1,2000-06-23
11073,2479,7,3,2000-04-05
11074,2480,8,4,2000-04-16
11075,2480,6,5,2000-04-11
11076,2480,14,4,2000-05-13
11077,2480,10,1,2000-04-29
11078,2480,13,5,2000-03-27
11079,2480,1,5,2000-03-06
11080,2481,4,3,2000-04-05
11081,2481,12,3,2000-02-20
11082,2482,7,1,2000-02-25
11083,2482,3,1,2000-04-11
11084,2482,14,4,2000-01-30
11085,2482,3,2,2000-02-03
11086,2482,10,2,2000-06-27
11087,2482,7,3,2000-03-02
11088,2482,12,1,2000-02-14
11089,2483,4,4,2000-03-26
11090,2483,8,2,2000-01-30
11091,2483,12,1,2000-01-17
11092,2484,6,3,2000-04-20
11093,2484,9,2,2000-03-24
11094,2485,10,1,2000-01-13
11095,2485,9,2,2000-01-18
11096,2485,3,5,2000-05-14
11097,2485,7,4,2000-04-12
11098,2486,13,4,2000-03-13
11099,2486,4,4,2000-06-07
11100,2487,13,1,2000-03-11
11101,2488,13,2,2000-06-28
11102,2488,4,1,2000-03-02
11103,2488,1,2,2000-04-26
11104,2488,14,3,2000-05-17
11105,2488,8,1,2000-03-21
11106,2488,6,5,2000-03-12
11107,2488,3,4,2000-04-17
11108,2488,12,5,2000-06-27
11109,2489,11,1,2000-01-21
11110,2490,2,2,2000-05-18
11111,2490,3,5,2000-01-10
11112,2490,13,5,2000-05-20
11113,2490,9,1,2000-04-11
11114,2491,5,3,2000-03-12
11115,2491,5,2,2000-05-04
11116,2491,2,4,2000-03-14
11117,2491,12,3,2000-03-23
11118,2491,3,2,2000-05-30
11119,2491,3,5,2000-02-23
11120,2491,14,3,2000-03-29
11121,2492,8,2,2000-01-25
11122,2492,8,1,2000-04-27
11123,2492,5,4,2000-05-29
11124,2493,7,3,2000-02-11
11125,2493,5,1,2000-03-22
11126,2493,8,4,2000-01-08
11127,2494,1,4,2000-05-14
11128,2494,6,1,2000-01-04
11129,2494,2,3,2000-03-25
11130,2494,8,3,2000-05-19
11131,2494,4,4,2000-06-02
11132,2494,8,1,2000-04-10
11133,2494,12,1,2000-06-06
11134,2495,14,2,2000-05-06
11135,2495,3,4,2000-01-26
11136,2495,6,3,2000-01-03
11137,2495,9,1,2000-02-14
11138,2496,6,1,2000-03-24
11139,2496,4,1,2000-03-03
11140,2497,9,3,2000-05-10
11141,2497,9,2,2000-03-25
11142,2498,7,2,2000-01-13
11143,2499,13,5,2000-02-08
11144,2499,13,2,2000-04-05
11145,2499,3,3,2000-06-25
11146,2499,13,1,2000-04-04
11147,2500,12,4,2000-05-11
11148,2500,6,5,2000-05-27
11149,2500,11,3,2000-04-27
11150,2500,8,1,2000-05-12
11151,2500,4,4,2000-05-20
11152,2500,8,4,2000-05-07
11153,2500,9,2,2000-03-22
11154,2501,6,1,2000-02-06
11155,2501,5,1,2000-06-19
11156,2501,8,1,2000-01-13
11157,2501,10,5,2000-02-12
11158,2501,9,3,2000-03-14
11159,2501,5,3,2000-03-27
11160,2501,10,3,2000-02-22
11161,2501,13,4,2000-02-14
11162,2502,1,3,2000-05-29
11163,2502,13,4,2000-04-29
11164,2502,12,3,2000-06-24
11165,2503,4,3,2000-02-15
11166,2504,2,2,2000-06-20
11167,2504,5,4,2000-01-03
11168,2504,9,4,2000-06-17
11169,2504,7,4,2000-03-03
11170,2505,1,1,2000-05-21
11171,2505,14,5,2000-01-20
11172,2505,3,3,2000-02-20
11173,2505,9,1,2000-05-29
11174,2505,7,4,2000-05-10
11175,2505,12,3,2000-06-26
11176,2505,1,5,2000-03-03
11177,2505,11,5,2000-05-20
11178,2506,3,4,2000-05-16
11179,2506,10,4,2000-03-10
11180,2506,11,4,2000-05-23
11181,2506,14,4,2000-01-22
11182,2507,10,3,2000-02-25
11183,2507,8,2,2000-02-19
11184,2507,2,4,2000-02-09
11185,2507,3,2,2000-03-03
11186,2507,8,2,2000-03-02
11187,2507,7,2,2000-03-18
11188,2507,9,5,2000-06-20
11189,2507,13,1,2000-02-22
11190,2508,6,2,2000-03-20
11191,2508,7,3,2000-01-03
11192,2509,3,4,2000-06-28
11193,2509,14,1,2000-03-13
11194,2509,8,3,2000-06-16
11195,2509,6,2,2000-03-24
11196,2509,4,5,2000-02-15
11197,2509,14,3,2000-04-20
11198,2509,10,3,2000-03-06
11199,2509,1,4,2000-01-13
11200,2510,7,2,2000-03-20
11201,2510,7,4,2000-05-02
11202,2510,6,2,2000-06-14
11203,2510,12,1,2000-01-12
11204,2510,1,4,2000-03-24
11205,2510,14,3,2000-04-08
11206,2510,5,4,2000-03-18
11207,2510,8,3,2000-01-27
11208,2511,6,2,2000-01-01
11209,2511,9,3,2000-02-06
11210,2511,1,5,2000-02-12
11211,2511,5,5,2000-05-14
11212,2511,14,3,2000-05-01
11213,2511,7,5,2000-06-22
11214,2512,11,2,2000-01-01
11215,2512,1,1,2000-03-15
11216,2512,1,3,2000-01-06
11217,2512,12,5,2000-02-18
11218,2512,5,2,2000-01-30
11219,2512,4,2,2000-01-29
11220,2512,11,2,2000-01-28
11221,2512,9,4,2000-03-06
11222,2513,7,3,2000-05-10
11223,2514,14,3,2000-05-04
11224,2514,2,3,2000-05-16
11225,2515,6,5,2000-03-21
11226,2515,8,4,2000-03-30
11227,2515,14,4,2000-05-22
11228,2516,8,2,2000-06-23
11229,2516,3,5,2000-02-05
11230,2516,2,4,2000-01-12
11231,2516,14,4,2000-02-16
11232,2516,10,5,2000-01-26
11233,2516,9,5,2000-05-06
11234,2516,14,1,2000-01-01
11235,2516,4,2,2000-02-22
11236,2517,2,2,2000-04-02
11237,2518,11,4,2000-02-16
11238,2518,7,2,2000-02-03
11239,2518,12,5,2000-01-23
11240,2518,10,1,2000-03-27
11241,2519,1,1,2000-04-05
11242,2519,12,5,2000-02-02
11243,2519,10,2,2000-02-24
11244,2520,4,5,2000-05-18
11245,2520,8,4,2000-01-14
11246,2520,10,1,2000-01-18
11247,2520,1,2,2000-06-20
11248,2520,5,2,2000-06-03
11249,2520,13,2,2000-02-01
11250,2521,1,4,2000-03-03
11251,2521,14,3,2000-06-11
11252,2521,6,4,2000-03-11
11253,2521,13,4,2000-03-23
11254,2521,8,5,2000-02-03
11255,2521,4,2,2000-04-02
11256,2521,13,3,2000-03-14
11257,2522,5,3,2000-06-12
11258,2522,5,4,2000-01-10
11259,2522,14,5,2000-04-13
11260,2522,11,1,2000-04-27
11261,2522,5,4,2000-01-06
11262,2522,12,3,2000-06-27
11263,2522,4,1,2000-04-29
11264,2522,14,1,2000-03-06
11265,2523,2,5,2000-03-11
11266,2523,5,4,2000-05-17
11267,2523,5,3,2000-05-14
11268,2523,11,2,2000-01-27
11269,2523,10,4,2000-05-31
11270,2523,14,3,2000-02-28
11271,2523,6,4,2000-06-24
11272,2523,6,5,2000-06-22
11273,2524,7,1,2000-01-08
11274,2524,14,3,2000-06-10
11275,2524,8,2,2000-06-15
11276,2525,3,5,2000-02-28
11277,2525,14,1,2000-01-18
11278,2525,5,2,2000-05-06
11279,2525,7,4,2000-05-26
11280,2525,9,4,2000-01-24
11281,2525,2,5,2000-04-07
11282,2525,10,4,2000-01-29
11283,2526,2,5,2000-02-28
11284,2527,2,2,2000-06-03
11285,2528,11,3,2000-06-03
11286,2528,8,1,2000-01-16
11287,2528,10,2,2000-01-18
11288,2528,6,2,2000-06-24
11289,2529,3,3,2000-02-28
11290,2529,3,4,2000-02-02
11291,2530,2,3,2000-01-25
11292,2530,14,3,2000-05-21
11293,2530,5,1,2000-06-07
11294,2531,7,4,2000-06-14
11295,2531,5,5,2000-04-04
11296,2531,9,4,2000-01-22
11297,2531,3,3,2000-02-09
11298,2531,1,5,2000-03-28
11299,2532,4,1,2000-02-24
11300,2532,4,2,2000-04-01
11301,2532,5,1,2000-03-25
11302,2532,14,5,2000-04-04
11303,2532,3,5,2000-03-12
11304,2533,1,4,2000-05-30
11305,2533,12,1,2000-01-07
11306,2534,13,2,2000-05-16
11307,2534,11,3,2000-06-08
11308,2534,1,4,2000-04-09
11309,2534,1,3,2000-03-21
11310,2535,10,5,2000-05-16
11311,2535,9,3,2000-01-08
11312,2535,9,5,2000-06-22
11313,2535,4,3,2000-03-05
11314,2535,9,2,2000-03-17
11315,2536,10,2,2000-06-24
11316,2536,7,5,2000-02-02
11317,2536,11,1,2000-01-19
11318,2536,14,5,2000-06-27
11319,2536,11,1,2000-05-11
11320,2536,11,3,2000-05-05
11321,2536,3,1,2000-02-17
11322,2537,13,3,2000-04-08
11323,2537,3,4,2000-02-03
11324,2537,2,5,2000-05-24
11325,2538,12,4,2000-02-23
11326,2538,11,1,2000-03-20
11327,2538,11,4,2000-02-06
11328,2538,4,2,2000-01-26
11329,2538,13,1,2000-02-03
11330,2538,7,4,2000-01-10
11331,2538,7,1,2000-05-04
11332,2538,1,5,2000-02-09
11333,2539,4,2,2000-04-11
11334,2539,3,3,2000-05-19
11335,2539,6,5,2000-05-13
11336,2539,2,2,2000-05-02
11337,2539,9,5,2000-05-30
11338,2539,8,3,2000-02-10
11339,2539,14,1,2000-05-30
11340,2540,1,1,2000-04-19
11341,2540,2,5,2000-02-22
11342,2540,13,5,2000-01-03
11343,2540,1,2,2000-05-29
11344,2541,11,3,2000-02-03
11345,2541,12,2,2000-01-26
11346,2541,7,3,2000-04-10
11347,2541,10,1,2000-02-23
11348,2541,10,5,2000-03-20
11349,2541,12,4,2000-06-27
11350,2541,5,5,2000-05-26
11351,2541,1,1,2000-02-26
11352,2542,13,4,2000-01-04
11353,2542,1,2,2000-02-21
11354,2543,1,1,2000-06-11
11355,2543,1,1,2000-05-29
11356,2543,9,5,2000-01-17
11357,2543,1,5,2000-04-16
11358,2543,7,4,2000-06-27
11359,2543,3,3,2000-02-07
11360,2543,3,2,2000-06-03
11361,2544,6,2,2000-05-27
11362,2544,6,2,2000-06-13
11363,2545,9,2,2000-04-11
11364,2545,9,1,2000-02-29
11365,2545,1,3,2000-05-24
11366,2545,13,4,2000-03-11
11367,2545,5,2,2000-06-26
11368,2545,9,1,2000-02-23
11369,2545,14,3,2000-05-18
11370,2545,7,4,2000-05-29
11371,2546,5,5,2000-05-29
11372,2546,3,1,2000-04-20
11373,2546,10,1,2000-04-14
11374,2546,5,3,2000-01-13
11375,2546,14,1,2000-03-31
11376,2546,8,3,2000-02-29
11377,2546,6,1,2000-06-12
11378,2546,10,2,2000-04-10
11379,2547,4,3,2000-04-22
11380,2547,13,4,2000-02-04
11381,2547,9,5,2000-04-18
11382,2547,10,2,2000-05-22
11383,2547,10,4,2000-03-14
11384,2547,4,2,2000-04-15
11385,2547,12,5,2000-06-28
11386,2548,11,1,2000-01-13
11387,2548,12,3,2000-04-11
11388,2548,4,2,2000-06-26
11389,2548,14,3,2000-05-30
11390,2548,4,3,2000-05-27
11391,2549,12,1,2000-02-05
11392,2549,6,4,2000-03-11
11393,2549,3,3,2000-01-25
11394,2549,12,3,2000-01-19
11395,2550,1,5,2000-03-19
11396,2550,13,4,2000-03-06
11397,2550,4,5,2000-01-28
11398,2550,2,5,2000-01-05
11399,2550,9,4,2000-05-16
11400,2550,13,4,2000-04-30
11401,2550,3,4,2000-02-02
11402,2551,8,4,2000-02-03
11403,2551,12,4,2000-02-24
11404,2551,2,1,2000-04-23
11405,2552,1,4,2000-01-05
11406,2552,2,2,2000-03-03
11407,2552,9,2,2000-04-06
11408,2552,9,4,2000-04-22
11409,2553,14,5,2000-02-05
11410,2553,13,5,2000-06-27
11411,2553,2,4,2000-02-02
11412,2553,13,1,2000-03-15
11413,2554,9,2,2000-02-19
11414,2554,7,1,2000-03-29
11415,2554,1,5,2000-02-06
11416,2555,2,4,2000-02-11
11417,2556,14,3,2000-06-26
11418,2556,1,2,2000-06-19
11419,2556,4,1,2000-02-17
11420,2556,14,1,2000-05-21
11421,2556,5,3,2000-06-06
11422,2556,14,4,2000-01-02
11423,2556,11,5,2000-06-21
11424,2556,3,3,2000-04-15
11425,2557,11,2,2000-05-04
11426,2557,7,3,2000-02-09
11427,2557,10,5,2000-05-11
11428,2557,10,3,2000-02-22
11429,2558,13,4,2000-05-28
11430,2559,1,1,2000-04-29
11431,2559,6,3,2000-02-27
11432,2559,7,2,2000-01-02
11433,2559,2,5,2000-03-20
11434,2559,3,3,2000-06-26
11435,2559,4,4,2000-01-15
11436,2560,4,1,2000-05-02
11437,2560,9,3,2000-01-18
11438,2560,8,1,2000-01-16
11439,2560,5,4,2000-04-07
11440,2560,7,3,2000-01-02
11441,2561,13,4,2000-01-12
11442,2561,12,1,2000-01-01
11443,2561,12,3,2000-01-14
11444,2562,4,4,2000-04-09
11445,2562,7,3,2000-04-19
11446,2562,8,2,2000-05-23
11447,2563,13,4,2000-04-07
11448,2563,1,2,2000-01-03
11449,2563,7,2,2000-06-08
11450,2563,9,3,2000-04-02
11451,2563,14,2,2000-02-07
11452,2564,1,5,2000-05-12
11453,2564,3,1,2000-02-27
11454,2564,4,2,2000-03-26
11455,2564,9,1,2000-03-17
11456,2564,3,2,2000-06-24
11457,2564,9,2,2000-04-08
11458,2564,11,3,2000-03-23
11459,2565,10,2,2000-05-16
11460,2565,9,2,2000-04-05
11461,2566,4,2,2000-02-27
11462,2567,8,2,2000-04-18
11463,2567,7,4,2000-04-14
11464,2567,3,3,2000-05-07
11465,2568,4,5,2000-06-14
11466,2568,9,5,2000-06-27
11467,2569,8,3,2000-03-10
11468,2570,12,1,2000-05-12
11469,2570,12,3,2000-01-07
11470,2571,12,1,2000-03-07
11471,2572,5,3,2000-02-18
11472,2572,2,5,2000-01-21
11473,2572,9,1,2000-01-15
11474,2572,9,1,2000-02-27
11475,2572,2,3,2000-02-26
11476,2572,6,5,2000-04-02
11477,2573,10,4,2000-03-26
11478,2573,8,5,2000-06-16
11479,2573,1,1,2000-06-08
11480,2574,5,4,2000-02-03
11481,2574,9,2,2000-02-29
11482,2574,8,2,2000-05-29
11483,2574,10,4,2000-01-12
11484,2574,6,4,2000-01-07
11485,2575,13,3,2000-04-06
11486,2575,6,3,2000-06-20
11487,2575,2,4,2000-05-01
11488,2575,5,3,2000-05-23
11489,2575,6,3,2000-02-20
11490,2575,8,1,2000-04-15
11491,2576,6,4,2000-05-09
11492,2577,4,2,2000-06-21
11493,2577,9,4,2000-03-08
11494,2577,2,4,2000-03-26
11495,2577,6,3,2000-01-14
11496,2577,6,2,2000-03-07
11497,2578,11,1,2000-01-04
11498,2578,1,4,2000-01-11
11499,2578,14,4,2000-05-29
11500,2578,3,2,2000-05-10
11501,2578,2,3,2000-06-01
11502,2578,7,1,2000-01-17
11503,2579,4,1,2000-04-21
11504,2580,6,2,2000-02-23
11505,2580,5,3,2000-02-29
11506,2580,13,5,2000-02-14
11507,2580,9,4,2000-05-24
11508,2580,3,4,2000-04-26
11509,2581,10,2,2000-01-02
11510,2581,10,4,2000-03-21
11511,2581,9,1,2000-03-06
11512,2581,13,4,2000-02-05
11513,2582,6,2,2000-06-23
11514,2582,3,3,2000-01-07
11515,2582,10,3,2000-06-07
11516,2582,11,2,2000-05-30
11517,2582,4,3,2000-04-29
11518,2583,13,5,2000-01-03
11519,2583,13,2,2000-06-13
11520,2583,2,3,2000-06-28
11521,2583,2,4,2000-06-25
11522,2584,13,3,2000-06-18
11523,2584,4,3,2000-05-06
11524,2584,14,5,2000-06-11
11525,2584,12,3,2000-01-02
11526,2584,3,5,2000-02-15
11527,2585,5,1,2000-01-01
11528,2586,13,2,2000-05-24
11529,2586,12,5,2000-01-27
11530,2586,14,4,2000-01-20
11531,2586,6,2,2000-03-15
11532,2586,14,3,2000-04-03
11533,2586,7,1,2000-02-24
11534,2586,1,3,2000-06-28
9442,2122,14,5,2000-01-14
9443,2122,8,1,2000-05-12
9444,2123,1,3,2000-03-22
9445,2123,7,5,2000-03-05
9446,2123,7,5,2000-03-27
9447,2123,11,3,2000-06-19
9448,2123,10,2,2000-03-27
9449,2123,11,4,2000-06-12
9450,2123,1,2,2000-05-16
9451,2124,8,5,2000-01-12
9452,2124,1,1,2000-01-28
9453,2124,12,3,2000-05-24
9454,2124,1,2,2000-03-21
9455,2124,14,3,2000-04-30
9456,2124,10,4,2000-03-19
9457,2125,13,5,2000-06-14
9458,2125,12,1,2000-01-31
9459,2125,12,3,2000-05-31
9460,2125,4,2,2000-03-24
9461,2125,1,2,2000-05-05
9462,2125,7,5,2000-03-20
9463,2125,11,4,2000-04-10
9464,2126,10,5,2000-04-27
9465,2126,14,5,2000-02-04
9466,2126,3,5,2000-03-08
9467,2126,2,1,2000-02-01
9468,2126,9,2,2000-05-21
9469,2126,10,3,2000-02-29
9470,2126,7,3,2000-03-07
9471,2126,12,1,2000-02-26
9472,2127,4,3,2000-04-19
9473,2127,1,4,2000-04-02
9474,2127,11,5,2000-04-10
9475,2128,10,2,2000-01-12
9476,2128,3,3,2000-04-06
9477,2128,3,3,2000-06-07
9478,2128,10,2,2000-04-18
9479,2128,4,5,2000-02-22
9480,2128,9,5,2000-03-21
9481,2128,12,1,2000-06-09
9482,2129,4,2,2000-01-08
9483,2129,5,1,2000-03-31
9484,2129,5,3,2000-05-01
9485,2129,9,2,2000-01-15
9486,2129,5,5,2000-03-12
9487,2130,2,2,2000-04-14
9488,2130,14,4,2000-05-04
9489,2130,4,1,2000-01-05
9490,2131,9,2,2000-04-20
9491,2131,4,2,2000-01-30
9492,2131,1,1,2000-01-14
9493,2131,9,3,2000-06-27
9494,2131,6,4,2000-04-25
9495,2132,5,1,2000-05-14
9496,2132,1,5,2000-05-15
9497,2132,10,1,2000-05-25
9498,2132,11,3,2000-02-02
9499,2132,2,4,2000-04-19
9500,2132,13,5,2000-04-28
9501,2133,14,4,2000-05-22
9502,2134,6,5,2000-06-13
9503,2134,4,5,2000-01-18
9504,2135,11,1,2000-02-11
9505,2135,10,1,2000-06-18
9506,2135,8,3,2000-05-11
9507,2135,12,5,2000-01-16
9508,2135,1,3,2000-03-12
9509,2135,9,1,2000-04-26
9510,2135,4,5,2000-05-29
9511,2135,1,4,2000-03-23
9512,2136,11,5,2000-01-09
9513,2136,3,1,2000-04-16
9514,2136,11,1,2000-04-18
9515,2137,6,1,2000-06-14
9516,2138,11,2,2000-01-13
9517,2138,14,5,2000-05-01
9518,2139,11,1,2000-05-13
9519,2139,3,3,2000-04-24
9520,2139,10,2,2000-03-16
9521,2139,13,4,2000-01-17
9522,2139,9,4,2000-01-09
9523,2139,7,4,2000-03-11
9524,2139,14,3,2000-06-10
9525,2139,13,4,2000-06-11
9526,2140,5,1,2000-05-07
9527,2140,14,2,2000-02-23
9528,2140,1,1,2000-04-12
9529,2140,6,1,2000-05-10
9530,2140,7,2,2000-01-31
9531,2140,6,3,2000-02-11
9532,2140,10,4,2000-06-15
9533,2140,4,3,2000-03-07
9534,2141,12,5,2000-05-27
9535,2141,13,1,2000-04-06
9536,2141,12,1,2000-02-28
9537,2141,14,3,2000-04-14
9538,2141,8,4,2000-01-18
9539,2141,14,3,2000-05-03
9540,2141,1,4,2000-02-17
9541,2142,10,1,2000-02-08
9542,2142,11,3,2000-05-20
9543,2142,4,3,2000-06-15
9544,2142,1,2,2000-03-30
9545,2142,6,5,2000-03-20
9546,2143,5,3,2000-04-02
9547,2143,3,2,2000-01-17
9548,2143,4,3,2000-01-22
9549,2143,4,2,2000-06-07
9550,2143,3,3,2000-06-06
9551,2144,13,1,2000-01-28
9552,2144,7,4,2000-01-11
9553,2145,12,2,2000-05-14
9554,2145,4,4,2000-04-02
9555,2145,12,4,2000-01-15
9556,2145,4,2,2000-04-25
9557,2146,12,1,2000-03-05
9558,2146,3,3,2000-02-03
9559,2146,6,2,2000-02-12
9560,2146,4,5,2000-01-30
9561,2147,8,2,2000-04-26
9562,2147,2,5,2000-05-07
9563,2147,6,4,2000-02-19
9564,2148,7,3,2000-04-17
9565,2148,11,2,2000-03-31
9566,2148,7,1,2000-01-26
9567,2148,7,4,2000-02-19
9568,2148,3,5,2000-06-20
9569,2148,12,4,2000-01-14
9570,2149,5,5,2000-05-10
9571,2149,9,3,2000-04-20
9572,2149,5,5,2000-05-29
9573,2149,4,3,2000-03-11
9574,2150,1,2,2000-03-13
9575,2150,9,1,2000-05-21
9576,2151,8,1,2000-02-07
9577,2151,10,3,2000-06-10
9578,2151,5,4,2000-06-19
9579,2151,3,5,2000-02-05
9580,2151,11,1,2000-04-11
9581,2152,12,3,2000-05-19
9582,2152,12,1,2000-01-03
9583,2152,12,1,2000-04-15
9584,2152,11,2,2000-05-18
9585,2152,7,4,2000-01-27
9586,2152,1,5,2000-04-22
9587,2153,8,4,2000-05-05
9588,2153,2,3,2000-03-26
9589,2153,6,1,2000-04-11
9590,2153,1,4,2000-06-15
9591,2153,4,5,2000-02-13
9592,2153,3,1,2000-05-24
9593,2153,6,1,2000-02-22
9594,2153,1,3,2000-02-14
9595,2154,5,5,2000-03-05
9596,2154,2,3,2000-04-25
9597,2154,1,5,2000-03-12
9598,2154,7,2,2000-05-17
9599,2154,1,2,2000-01-16
9600,2155,12,2,2000-06-05
9601,2155,11,2,2000-04-14
9602,2155,1,5,2000-02-19
9603,2156,5,5,2000-04-06
9604,2156,13,4,2000-02-13
9605,2156,11,2,2000-02-17
9606,2156,2,2,2000-06-22
9607,2156,11,2,2000-05-23
9608,2156,13,3,2000-05-24
9609,2157,6,4,2000-03-19
9610,2157,7,1,2000-01-25
9611,2157,12,3,2000-05-22
9612,2158,5,2,2000-01-17
9613,2159,10,1,2000-02-03
9614,2159,8,2,2000-02-06
9615,2159,3,1,2000-04-06
9616,2160,11,3,2000-03-14
9617,2160,8,5,2000-06-20
9618,2160,5,2,2000-04-14
9619,2160,7,3,2000-04-15
9620,2160,2,3,2000-01-02
9621,2160,4,4,2000-06-23
9622,2161,13,1,2000-01-22
9623,2161,7,5,2000-04-25
9624,2161,13,5,2000-06-22
9625,2161,7,4,2000-03-10
9626,2161,6,2,2000-02-26
9627,2161,13,2,2000-03-29
9628,2162,8,3,2000-06-24
9629,2162,6,5,2000-01-02
9630,2162,3,1,2000-03-11
9631,2163,1,4,2000-06-09
9632,2163,12,5,2000-04-05
9633,2163,2,3,2000-05-17
9634,2163,3,1,2000-06-25
9635,2163,5,1,2000-06-26
9636,2163,14,5,2000-01-15
9637,2164,14,2,2000-01-31
9638,2164,1,5,2000-01-15
9639,2164,11,2,2000-03-04
9640,2164,7,4,2000-01-19
9641,2164,2,1,2000-04-08
9642,2164,2,4,2000-03-11
9643,2164,5,3,2000-05-30
9644,2164,14,4,2000-03-03
9645,2165,14,2,2000-05-08
9646,2165,8,5,2000-02-26
9647,2165,3,4,2000-05-13
9648,2165,11,5,2000-04-07
9649,2165,8,5,2000-03-02
9650,2165,6,2,2000-01-27
9651,2166,5,3,2000-06-27
9652,2166,7,4,2000-02-27
9653,2166,14,5,2000-02-25
9654,2166,9,3,2000-02-22
9655,2166,5,1,2000-03-10
9656,2166,4,2,2000-02-26
9657,2166,8,1,2000-04-30
9658,2167,6,2,2000-04-02
9659,2168,1,5,2000-01-12
9660,2168,1,1,2000-03-24
9661,2168,7,1,2000-01-15
9662,2168,8,2,2000-04-11
9663,2169,12,3,2000-05-14
9664,2169,11,2,2000-01-19
9665,2169,3,5,2000-05-26
9666,2169,10,4,2000-04-27
9667,2169,3,3,2000-03-14
9668,2169,2,3,2000-03-12
9669,2169,11,1,2000-05-10
9670,2170,7,5,2000-04-30
9671,2170,2,3,2000-03-26
9672,2170,13,2,2000-01-25
9673,2171,8,4,2000-05-11
9674,2171,2,1,2000-01-20
9675,2172,6,4,2000-05-01
9676,2172,12,5,2000-06-17
9677,2172,13,5,2000-05-11
9678,2172,5,2,2000-01-09
9679,2172,11,3,2000-01-14
9680,2173,9,3,2000-03-17
9681,2173,4,4,2000-01-03
9682,2173,6,4,2000-05-01
9683,2173,7,3,2000-01-07
9684,2173,13,1,2000-06-16
9685,2173,12,3,2000-04-14
9686,2173,14,3,2000-02-19
9687,2173,12,4,2000-01-15
9688,2174,10,2,2000-05-12
9689,2174,9,5,2000-06-13
9690,2174,14,1,2000-04-05
9691,2174,5,5,2000-06-07
9692,2175,7,4,2000-06-18
9693,2175,14,5,2000-01-19
9694,2176,10,4,2000-04-25
9695,2176,14,2,2000-06-01
9696,2176,4,1,2000-03-21
9697,2176,12,1,2000-03-19
9698,2176,10,4,2000-05-02
9699,2176,1,1,2000-01-21
9700,2176,2,1,2000-05-05
9701,2177,8,5,2000-05-25
9702,2177,12,1,2000-06-28
9703,2177,14,2,2000-05-30
9704,2177,2,4,2000-01-23
9705,2177,8,1,2000-04-01
9706,2177,11,2,2000-05-17
9707,2177,7,5,2000-01-08
9708,2177,8,1,2000-03-13
9709,2178,2,5,2000-03-05
9710,2178,1,1,2000-06-15
9711,2178,13,1,2000-04-10
9712,2178,3,3,2000-01-05
9713,2178,9,5,2000-02-01
9714,2178,10,5,2000-01-19
9715,2178,8,4,2000-05-13
9716,2178,12,2,2000-05-27
9717,2179,1,2,2000-01-08
9718,2179,9,1,2000-02-15
9719,2180,5,4,2000-06-23
9720,2181,7,3,2000-02-25
9721,2181,11,4,2000-06-09
9722,2181,13,3,2000-01-22
9723,2181,13,5,2000-01-20
9724,2181,7,2,2000-02-02
9725,2181,11,2,2000-03-02
9726,2182,1,2,2000-05-28
9727,2182,3,1,2000-04-05
9728,2182,9,3,2000-01-24
9729,2182,14,5,2000-06-02
9730,2182,8,2,2000-01-07
9731,2182,12,1,2000-02-29
9732,2182,13,5,2000-06-17
9733,2182,14,3,2000-04-10
9734,2183,7,3,2000-04-27
9735,2183,13,5,2000-05-15
9736,2183,9,3,2000-04-01
9737,2183,11,3,2000-03-15
9738,2183,6,4,2000-06-12
9739,2183,11,2,2000-01-11
9740,2184,6,1,2000-02-15
9741,2184,11,2,2000-03-30
9742,2184,12,2,2000-02-26
9743,2185,8,3,2000-03-03
9744,2185,7,2,2000-01-04
9745,2185,1,3,2000-04-10
9746,2185,8,5,2000-06-16
9747,2185,12,5,2000-01-05
9748,2185,12,3,2000-03-14
9749,2186,11,3,2000-02-08
9750,2186,6,2,2000-05-09
9751,2186,3,1,2000-06-16
9752,2186,5,2,2000-02-27
9753,2186,7,2,2000-03-11
9754,2186,13,1,2000-01-23
9755,2186,4,4,2000-02-28
9756,2187,4,3,2000-06-13
9757,2187,14,5,2000-05-28
9758,2187,9,2,2000-01-23
9759,2187,10,4,2000-02-20
9760,2187,6,1,2000-03-19
9761,2187,13,5,2000-05-21
9762,2188,13,3,2000-02-17
9763,2188,8,5,2000-01-29
9764,2188,3,5,2000-04-01
9765,2189,8,5,2000-03-10
9766,2189,2,5,2000-04-08
9767,2190,3,1,2000-01-31
9768,2190,3,4,2000-06-14
9769,2190,4,5,2000-01-01
9770,2190,3,4,2000-01-30
9771,2190,2,4,2000-02-13
9772,2190,11,3,2000-06-19
9773,2191,12,1,2000-05-25
9774,2191,10,2,2000-03-12
9775,2191,2,1,2000-05-13
9776,2192,5,5,2000-05-20
9777,2192,11,5,2000-03-12
9778,2192,11,4,2000-02-14
9779,2192,5,4,2000-05-03
9780,2192,6,4,2000-04-16
9781,2192,11,3,2000-06-09
9782,2192,6,2,2000-04-01
9783,2193,9,2,2000-03-28
9784,2193,8,1,2000-02-14
9785,2194,1,1,2000-02-11
9786,2194,2,4,2000-03-24
9787,2194,2,3,2000-03-28
9788,2194,13,5,2000-05-28
9789,2195,7,4,2000-03-04
9790,2195,7,3,2000-03-12
9791,2195,6,4,2000-05-08
9792,2196,10,1,2000-02-28
9793,2196,8,1,2000-03-31
9794,2196,1,4,2000-03-28
9795,2197,9,2,2000-04-18
9796,2197,9,4,2000-02-21
9797,2197,4,5,2000-06-21
9798,2198,13,3,2000-06-15
9799,2198,8,1,2000-05-02
9800,2198,10,4,2000-02-04
9801,2198,13,3,2000-05-29
9802,2198,13,3,2000-02-12
9803,2198,8,3,2000-04-01
9804,2198,1,3,2000-06-09
9805,2198,14,1,2000-05-09
9806,2199,8,3,2000-02-03
9807,2199,13,5,2000-02-03
9808,2199,8,3,2000-03-09
9809,2199,12,1,2000-03-22
9810,2199,5,4,2000-05-07
9811,2200,10,1,2000-03-14
9812,2201,9,1,2000-05-05
9813,2202,12,5,2000-01-24
9814,2202,3,4,2000-05-19
9815,2202,5,1,2000-05-23
9816,2202,2,5,2000-05-21
9817,2202,10,3,2000-02-11
9818,2202,13,4,2000-01-24
9819,2202,9,2,2000-06-20
9820,2202,2,4,2000-04-08
9821,2203,8,5,2000-03-27
9822,2203,3,2,2000-02-27
9823,2203,1,3,2000-04-17
9824,2203,4,1,2000-03-28
9825,2203,12,4,2000-05-15
9826,2203,12,3,2000-03-14
9827,2204,11,4,2000-04-06
9828,2204,9,4,2000-04-13
9829,2204,6,3,2000-02-10
9830,2204,2,3,2000-03-05
9831,2204,1,3,2000-04-04
9832,2204,11,5,2000-03-08
9833,2204,1,3,2000-03-28
9834,2204,14,5,2000-06-14
9835,2205,2,2,2000-01-26
9836,2205,2,1,2000-03-22
9837,2205,3,4,2000-03-17
9838,2205,3,2,2000-04-03
9839,2206,4,5,2000-02-17
9840,2206,2,1,2000-04-18
9841,2207,7,2,2000-06-28
9842,2207,1,5,2000-04-11
9843,2207,5,4,2000-05-21
9844,2207,8,4,2000-04-02
9845,2207,14,1,2000-02-15
9846,2207,9,1,2000-01-01
9847,2207,12,5,2000-04-30
9848,2207,2,2,2000-05-28
9849,2208,2,2,2000-02-10
9850,2208,13,5,2000-02-05
9851,2208,8,2,2000-03-25
9852,2208,6,2,2000-05-02
9853,2208,12,5,2000-04-06
9854,2209,11,4,2000-03-11
9855,2209,9,5,2000-05-28
9856,2209,13,2,2000-02-22
9857,2209,14,2,2000-05-28
9858,2210,7,4,2000-02-26
9859,2210,12,2,2000-05-15
9860,2210,2,1,2000-01-26
9861,2210,1,4,2000-03-09
9862,2210,12,1,2000-05-14
9863,2210,13,5,2000-04-13
9864,2210,6,2,2000-05-07
9865,2210,5,4,2000-04-12
9866,2211,7,1,2000-01-13
9867,2211,11,3,2000-06-01
9868,2211,3,2,2000-06-18
9869,2211,13,3,2000-06-08
9870,2211,11,2,2000-01-13
9871,2211,11,1,2000-05-03
9872,2211,8,4,2000-06-15
9873,2211,11,1,2000-05-28
9874,2212,3,1,2000-04-23
9875,2213,7,3,2000-02-21
9876,2213,11,1,2000-02-22
9877,2213,1,3,2000-06-01
9878,2213,10,3,2000-01-03
9879,2213,13,3,2000-04-09
9880,2213,8,1,2000-03-25
9881,2214,12,4,2000-01-14
9882,2214,8,2,2000-05-27
9883,2214,2,3,2000-01-29
9884,2214,4,4,2000-05-16
9885,2214,4,1,2000-04-19
9886,2214,7,3,2000-06-19
9887,2215,6,4,2000-03-20
9888,2215,12,4,2000-05-30
9889,2215,8,3,2000-04-02
9890,2215,14,4,2000-01-10
9891,2215,14,3,2000-06-12
9892,2215,12,3,2000-02-07
9893,2215,6,3,2000-06-11
9894,2216,6,2,2000-02-27
9895,2216,8,2,2000-03-01
9896,2216,10,1,2000-04-24
9897,2216,14,1,2000-05-03
9898,2216,10,3,2000-04-22
9899,2217,7,5,2000-05-03
9900,2217,12,5,2000-04-24
9901,2217,13,5,2000-05-27
9902,2217,10,2,2000-02-29
9903,2217,13,1,2000-02-27
9904,2217,9,2,2000-04-06
9905,2217,3,5,2000-02-12
9906,2218,10,1,2000-02-25
9907,2218,13,5,2000-02-18
9908,2218,8,5,2000-05-10
9909,2218,12,4,2000-05-17
9910,2218,8,3,2000-06-18
9911,2218,9,4,2000-04-03
9912,2219,3,5,2000-01-02
9913,2219,12,4,2000-04-27
9914,2219,5,1,2000-02-10
9915,2219,9,1,2000-04-09
9916,2219,5,5,2000-02-20
9917,2219,10,3,2000-04-10
9918,2220,6,4,2000-01-28
9919,2220,7,4,2000-04-23
9920,2220,4,4,2000-06-10
9921,2220,7,3,2000-01-24
9922,2221,14,5,2000-01-12
9923,2221,7,1,2000-04-12
9924,2221,1,2,2000-03-21
9925,2221,8,4,2000-04-05
9926,2221,2,5,2000-04-23
9927,2222,2,1,2000-06-24
9928,2222,5,4,2000-05-27
9929,2222,8,3,2000-03-26
9930,2222,9,4,2000-04-19
9931,2222,2,2,2000-01-26
9932,2222,4,3,2000-05-16
9933,2223,9,5,2000-05-09
9934,2223,8,3,2000-04-24
9935,2223,13,3,2000-02-01
9936,2223,3,4,2000-02-29
9937,2224,11,1,2000-01-10
9938,2224,13,1,2000-04-12
9939,2224,4,5,2000-01-01
9940,2225,14,3,2000-06-21
9941,2225,3,1,2000-01-23
9942,2225,6,1,2000-02-17
9943,2225,11,5,2000-02-25
9944,2225,9,1,2000-06-19
9945,2225,10,1,2000-05-31
9946,2225,12,1,2000-05-09
9947,2225,4,5,2000-04-11
9948,2226,14,5,2000-05-05
9949,2227,6,4,2000-01-01
9950,2227,9,5,2000-06-28
9951,2227,9,3,2000-05-07
9952,2227,7,3,2000-06-24
9953,2227,14,3,2000-04-01
9954,2227,6,4,2000-03-07
9955,2227,5,5,2000-02-03
9956,2227,14,5,2000-06-25
9957,2228,14,4,2000-02-15
9958,2228,9,1,2000-04-11
9959,2228,13,3,2000-02-20
9960,2228,8,5,2000-01-19
9961,2229,13,4,2000-04-12
9962,2229,2,4,2000-01-22
9963,2229,2,3,2000-01-13
9964,2229,4,3,2000-03-26
9965,2229,2,3,2000-05-31
9966,2229,8,2,2000-01-24
9967,2229,7,2,2000-03-09
9968,2229,8,5,2000-06-09
9969,2230,1,5,2000-04-19
9970,2231,13,5,2000-06-23
9971,2231,3,5,2000-04-21
9972,2232,10,4,2000-04-16
9973,2232,3,2,2000-02-26
9974,2232,8,2,2000-05-19
9975,2232,13,2,2000-02-19
9976,2233,2,3,2000-06-28
9977,2233,13,3,2000-04-07
9978,2234,6,2,2000-05-04
9979,2234,9,4,2000-03-30
9980,2234,8,2,2000-03-14
9981,2235,13,5,2000-03-02
9982,2235,12,5,2000-02-23
9983,2235,3,2,2000-01-28
9984,2235,12,5,2000-02-15
9985,2235,12,3,2000-06-26
9986,2235,10,5,2000-04-09
9987,2235,9,2,2000-01-18
9988,2236,8,1,2000-03-11
9989,2236,9,1,2000-03-04
9990,2236,12,4,2000-03-01
9991,2236,8,5,2000-05-05
9992,2237,7,4,2000-04-08
9993,2237,14,2,2000-04-24
9994,2238,8,2,2000-02-29
9995,2238,13,5,2000-05-08
9996,2238,9,5,2000-06-16
9997,2238,14,4,2000-02-08
9998,2238,10,1,2000-05-23
9999,2239,4,2,2000-02-12
10000,2239,9,3,2000-04-03
10001,2240,6,3,2000-05-15
10002,2241,9,3,2000-04-25
10003,2241,4,4,2000-01-30
10004,2241,12,5,2000-05-03
10005,2241,3,5,2000-06-26
10006,2241,4,2,2000-04-17
10007,2242,7,5,2000-03-18
10008,2243,14,3,2000-01-11
10009,2244,11,2,2000-05-01
10010,2244,7,4,2000-04-19
10011,2244,10,1,2000-01-09
10012,2244,12,4,2000-05-19
10013,2244,10,3,2000-05-09
10014,2244,3,5,2000-05-04
10015,2245,5,5,2000-04-09
10016,2245,5,2,2000-04-24
10017,2246,5,4,2000-03-17
10018,2246,6,2,2000-05-23
10019,2247,1,1,2000-04-06
10020,2247,13,3,2000-05-07
10021,2247,2,2,2000-03-04
10022,2247,8,4,2000-03-27
10023,2247,5,3,2000-02-22
10024,2247,13,5,2000-03-15
10025,2247,10,1,2000-03-04
10026,2247,1,5,2000-03-29
10027,2248,13,4,2000-05-10
10028,2248,1,2,2000-02-04
10029,2248,9,5,2000-04-20
10030,2248,4,2,2000-03-22
10031,2249,8,2,2000-01-28
10032,2249,9,3,2000-02-07
10033,2249,11,2,2000-06-03
10034,2249,2,4,2000-02-23
10035,2250,5,5,2000-04-10
10036,2250,13,2,2000-05-15
10037,2250,2,2,2000-01-09
10038,2250,11,1,2000-02-04
10039,2251,4,2,2000-03-17
10040,2252,4,2,2000-02-14
10041,2253,10,3,2000-02-01
10042,2253,14,2,2000-01-02
10043,2253,4,1,2000-02-25
10044,2253,13,4,2000-01-19
10045,2253,2,5,2000-01-11
10046,2253,9,1,2000-04-30
10047,2253,11,3,2000-04-29
10048,2253,6,2,2000-05-09
10049,2254,14,4,2000-02-05
10050,2255,1,4,2000-05-31
10051,2255,5,5,2000-04-22
10052,2255,1,2,2000-03-15
10053,2255,7,2,2000-01-10
10054,2256,2,3,2000-06-06
10055,2256,13,1,2000-05-21
10056,2256,3,5,2000-01-29
10057,2256,5,4,2000-03-13
10058,2256,5,4,2000-06-18
10059,2256,14,1,2000-01-25
10060,2257,2,5,2000-02-25
10061,2257,7,5,2000-04-17
10062,2257,12,2,2000-05-11
10063,2257,8,2,2000-05-07
10064,2257,12,4,2000-04-30
10065,2258,11,5,2000-05-24
10066,2258,9,3,2000-02-09
10067,2259,1,5,2000-04-22
10068,2259,5,5,2000-05-13
10069,2259,10,1,2000-05-03
10070,2259,5,5,2000-03-01
10071,2259,9,2,2000-04-07
10072,2260,13,4,2000-06-07
10073,2260,10,5,2000-06-26
10074,2260,12,1,2000-04-02
10075,2260,1,2,2000-05-15
10076,2260,14,2,2000-04-28
10077,2261,13,3,2000-01-09
10078,2261,5,1,2000-04-03
10079,2262,6,1,2000-03-06
10080,2262,2,2,2000-05-25
10081,2262,6,3,2000-02-05
10082,2262,12,3,2000-01-03
10083,2262,8,3,2000-03-07
10084,2262,2,3,2000-03-21
10085,2262,2,5,2000-04-03
10086,2263,13,3,2000-05-07
10087,2263,2,1,2000-04-06
10088,2263,6,2,2000-03-23
10089,2263,13,1,2000-03-31
10090,2263,11,5,2000-01-15
10091,2263,10,5,2000-03-06
10092,2263,11,2,2000-02-16
10093,2264,11,1,2000-03-27
10094,2264,8,4,2000-01-17
10095,2264,8,3,2000-04-17
10096,2265,1,3,2000-02-23
10097,2265,13,3,2000-06-27
10098,2265,3,3,2000-02-20
10099,2266,6,3,2000-01-12
10100,2266,4,1,2000-01-14
10101,2266,13,1,2000-03-03
10102,2266,8,1,2000-01-26
10103,2266,9,4,2000-05-08
10104,2266,12,5,2000-03-25
10105,2266,9,2,2000-01-15
10106,2267,2,5,2000-05-27
10107,2268,10,2,2000-02-14
10108,2268,5,5,2000-04-26
10109,2268,6,4,2000-01-24
10110,2268,13,4,2000-03-08
10111,2268,2,4,2000-05-03
10112,2268,7,4,2000-06-12
10113,2268,1,5,2000-05-29
10114,2269,4,1,2000-02-11
10115,2269,3,4,2000-05-03
10116,2269,2,5,2000-02-06
10117,2269,9,3,2000-01-16
10118,2269,11,3,2000-03-31
10119,2270,8,5,2000-04-08
10120,2270,14,5,2000-02-02
10121,2270,10,3,2000-03-06
10122,2270,9,2,2000-03-13
10123,2270,12,4,2000-02-09
10124,2270,9,5,2000-06-26
10125,2271,6,3,2000-03-04
10126,2271,2,3,2000-05-31
10127,2271,1,5,2000-05-01
10128,2271,13,4,2000-02-06
10129,2271,1,3,2000-02-29
10130,2271,4,1,2000-06-15
10131,2272,1,2,2000-03-26
10132,2272,2,3,2000-04-21
10133,2272,9,3,2000-05-13
10134,2272,13,1,2000-01-10
10135,2273,7,1,2000-03-31
10136,2273,13,1,2000-05-13
10137,2273,10,5,2000-03-18
10138,2273,9,5,2000-05-07
10139,2273,8,5,2000-01-10
10140,2273,1,5,2000-02-13
10141,2273,14,4,2000-04-05
10142,2273,6,1,2000-02-06
10143,2274,10,3,2000-05-23
10144,2274,9,5,2000-05-11
10145,2275,3,5,2000-01-03
10146,2275,1,2,2000-06-22
10147,2275,13,5,2000-03-04
10148,2275,5,5,2000-04-03
10149,2275,6,1,2000-03-02
10150,2275,11,3,2000-01-23
10151,2275,13,3,2000-03-22
10152,2275,6,3,2000-03-11
10153,2276,5,5,2000-05-12
10154,2276,2,1,2000-03-26
10155,2276,6,2,2000-06-13
10156,2276,10,3,2000-03-10
10157,2277,4,2,2000-01-11
10158,2277,6,1,2000-01-18
10159,2277,10,2,2000-06-15
10160,2278,5,4,2000-02-05
10161,2278,8,1,2000-02-15
10162,2279,6,5,2000-01-31
10163,2279,2,2,2000-03-04
10164,2280,14,4,2000-05-04
10165,2280,1,3,2000-06-02
10166,2280,6,1,2000-05-29
10167,2280,11,4,2000-01-23
10168,2280,3,4,2000-04-21
10169,2280,14,2,2000-01-08
10170,2280,5,5,2000-01-05
10171,2280,2,1,2000-05-27
10172,2281,12,4,2000-04-12
10173,2281,8,2,2000-02-11
10174,2281,2,1,2000-05-19
10175,2281,2,1,2000-06-28
10176,2282,3,2,2000-05-02
10177,2282,8,4,2000-02-04
10178,2282,7,4,2000-02-20
10179,2282,6,1,2000-01-12
10180,2282,6,3,2000-05-05
10181,2282,2,5,2000-01-27
10182,2282,5,4,2000-05-13
10183,2283,7,3,2000-04-06
10184,2283,12,5,2000-03-07
10185,2283,14,2,2000-03-06
10186,2283,2,3,2000-06-17
10187,2283,12,5,2000-01-08
10188,2283,13,1,2000-02-26
10189,2283,6,5,2000-02-08
10190,2283,3,3,2000-05-24
10191,2284,11,4,2000-03-25
10192,2285,13,2,2000-05-23
10193,2285,5,2,2000-05-07
10194,2285,10,4,2000-04-21
10195,2286,1,3,2000-01-14
10196,2287,5,4,2000-01-13
10197,2288,11,1,2000-06-14
10198,2288,8,5,2000-04-12
10199,2288,12,5,2000-03-18
10200,2288,7,4,2000-02-10
10201,2288,1,5,2000-06-13
10202,2289,4,5,2000-05-08
10203,2289,10,3,2000-04-14
10204,2289,7,3,2000-05-06
10205,2290,11,3,2000-06-23
10206,2291,10,5,2000-05-09
10207,2291,4,3,2000-05-13
10208,2291,12,4,2000-06-08
10209,2292,4,3,2000-02-26
10210,2292,11,3,2000-05-27
10211,2293,13,4,2000-03-11
10212,2293,9,3,2000-03-29
10213,2293,11,5,2000-04-24
10214,2293,6,5,2000-06-05
10215,2293,2,2,2000-05-09
10216,2293,8,4,2000-04-17
10217,2294,7,3,2000-01-04
10218,2295,5,2,2000-04-02
10219,2296,2,1,2000-04-15
10220,2296,10,4,2000-04-11
10221,2296,2,1,2000-02-06
10222,2297,8,3,2000-05-14
10223,2297,3,3,2000-04-15
10224,2297,10,5,2000-02-08
10225,2297,10,1,2000-01-27
10226,2298,1,4,2000-03-23
10227,2298,8,2,2000-06-12
10228,2298,6,4,2000-06-25
10229,2298,8,2,2000-03-23
10230,2298,6,1,2000-05-05
10231,2298,9,5,2000-06-13
10232,2299,8,3,2000-06-10
10233,2299,3,4,2000-01-15
10234,2299,12,4,2000-05-21
10235,2299,3,5,2000-05-19
10236,2299,13,5,2000-04-29
10237,2300,2,2,2000-02-18
10238,2300,1,4,2000-03-25
10239,2300,2,5,2000-04-20
10240,2300,6,1,2000-01-29
10241,2300,9,1,2000-06-02
10242,2300,6,4,2000-05-23
10243,2301,3,3,2000-05-25
10244,2301,3,2,2000-01-18
10245,2301,4,2,2000-02-05
10246,2301,8,3,2000-03-02
10247,2301,6,3,2000-04-10
10248,2301,7,4,2000-05-15
10249,2301,5,2,2000-03-29
10250,2301,9,3,2000-01-01
10251,2302,14,3,2000-06-14
10252,2302,10,5,2000-06-08
10253,2302,14,3,2000-01-30
10254,2302,6,1,2000-04-05
10255,2302,6,2,2000-05-02
10256,2302,11,4,2000-03-08
10257,2302,8,1,2000-04-09
10258,2303,7,3,2000-03-19
10259,2304,8,5,2000-01-04
10260,2304,10,1,2000-01-19
10261,2304,4,4,2000-02-12
10262,2305,8,3,2000-06-22
10263,2305,10,5,2000-05-05
10264,2305,5,2,2000-01-30
10265,2305,13,1,2000-04-16
10266,2305,4,3,2000-02-27
10267,2305,1,1,2000-02-10
10268,2306,13,1,2000-03-19
10269,2306,12,4,2000-03-14
10270,2306,11,5,2000-02-24
10271,2306,4,2,2000-03-03
10272,2306,13,5,2000-01-03
10273,2307,9,3,2000-05-20
10274,2307,8,4,2000-01-03
10275,2308,6,5,2000-04-28
10276,2308,3,3,2000-02-01
10277,2308,3,2,2000-03-28
10278,2308,8,2,2000-02-28
10279,2308,1,1,2000-02-17
10280,2308,5,2,2000-05-09
10281,2308,10,5,2000-04-14
10282,2309,6,2,2000-02-20
10283,2309,3,3,2000-05-25
10284,2309,7,1,2000-06-28
10285,2309,7,2,2000-01-04
10286,2309,9,3,2000-04-16
10287,2309,1,4,2000-02-24
10288,2309,4,3,2000-06-10
10289,2310,1,2,2000-03-15
10290,2310,12,1,2000-06-09
10291,2310,12,5,2000-03-22
10292,2310,12,2,2000-04-12
10293,2310,3,5,2000-02-24
10294,2310,12,2,2000-03-21
10295,2311,7,4,2000-04-10
10296,2311,4,4,2000-05-17
10297,2311,8,2,2000-03-29
10298,2311,12,1,2000-03-29
10299,2311,6,1,2000-01-24
10300,2311,12,5,2000-06-20
10301,2312,9,3,2000-03-18
10302,2312,7,4,2000-02-26
10303,2312,9,4,2000-05-26
10304,2313,11,4,2000-05-04
10305,2313,9,1,2000-04-20
10306,2313,14,3,2000-05-31
10307,2313,2,4,2000-02-05
10308,2313,12,3,2000-05-29
10309,2313,5,1,2000-03-18
10310,2313,9,1,2000-02-26
10311,2313,2,3,2000-04-29
10312,2314,9,2,2000-04-16
10313,2314,5,2,2000-01-18
10314,2314,9,4,2000-02-25
10315,2314,14,3,2000-03-16
10316,2314,13,1,2000-04-09
10317,2315,2,3,2000-03-20
10318,2315,5,4,2000-02-04
10319,2315,11,5,2000-01-26
10320,2315,1,2,2000-01-21
10321,2315,3,2,2000-05-14
10322,2315,2,3,2000-05-12
10323,2315,4,4,2000-01-29
10324,2316,2,1,2000-06-23
10325,2316,13,4,2000-06-21
10326,2316,10,1,2000-04-10
10327,2317,11,3,2000-06-12
10328,2317,3,2,2000-04-24
10329,2317,1,2,2000-06-04
10330,2317,2,2,2000-04-07
10331,2317,11,4,2000-01-20
10332,2317,4,5,2000-01-20
10333,2317,10,1,2000-01-27
10334,2317,9,3,2000-03-19
10335,2318,3,4,2000-01-04
10336,2318,14,2,2000-01-20
10337,2318,3,1,2000-03-04
10338,2318,11,4,2000-02-11
10339,2318,3,1,2000-04-10
10340,2318,6,3,2000-04-24
10341,2318,7,5,2000-02-09
10342,2319,12,5,2000-01-25
10343,2319,1,4,2000-02-16
10344,2320,7,4,2000-04-28
10345,2320,8,3,2000-06-06
10346,2320,12,2,2000-01-23
10347,2320,14,2,2000-02-21
10348,2320,4,5,2000-01-31
10349,2320,12,4,2000-06-06
10350,2321,11,1,2000-03-17
10351,2321,4,3,2000-01-06
10352,2321,14,4,2000-01-09
10353,2322,5,3,2000-01-12
10354,2322,9,1,2000-03-23
10355,2322,3,2,2000-06-23
10356,2322,5,4,2000-03-01
10357,2323,6,5,2000-05-19
10358,2323,2,3,2000-01-06
10359,2323,1,4,2000-05-24
10360,2323,14,4,2000-06-15
10361,2323,6,5,2000-05-22
10362,2323,12,1,2000-05-23
10363,2323,11,3,2000-01-26
10364,2323,13,3,2000-05-11
10365,2324,5,5,2000-01-23
10366,2324,4,1,2000-03-15
10367,2324,6,1,2000-01-21
10368,2324,9,1,2000-06-10
10369,2324,9,2,2000-04-06
10370,2325,8,5,2000-05-08
10371,2325,13,5,2000-05-18
10372,2325,6,2,2000-04-18
10373,2326,2,5,2000-02-25
10374,2326,2,3,2000-06-16
10375,2326,9,3,2000-01-30
10376,2326,14,3,2000-03-14
10377,2326,13,2,2000-05-18
10378,2326,8,4,2000-05-29
10379,2326,1,4,2000-03-05
10380,2327,6,4,2000-03-14
10381,2327,11,4,2000-04-04
10382,2327,11,4,2000-02-07
10383,2328,7,1,2000-06-18
10384,2328,10,4,2000-03-18
10385,2328,1,5,2000-03-14
10386,2328,3,1,2000-01-25
10387,2328,12,3,2000-04-17
10388,2329,11,1,2000-01-31
10389,2329,14,1,2000-04-16
10390,2329,6,3,2000-06-15
10391,2330,8,1,2000-06-17
10392,2330,10,5,2000-06-24
10393,2330,13,3,2000-03-11
10394,2330,4,4,2000-04-29
10395,2330,6,4,2000-04-20
10396,2331,7,1,2000-04-21
10397,2331,7,4,2000-05-09
10398,2331,11,4,2000-05-31
10399,2331,10,2,2000-03-11
10400,2332,8,3,2000-03-12
10401,2332,1,5,2000-02-08
10402,2332,10,5,2000-03-13
10403,2332,13,2,2000-05-16
10404,2332,12,1,2000-02-04
10405,2333,14,2,2000-03-15
10406,2333,11,2,2000-02-02
10407,2333,4,2,2000-01-26
10408,2333,5,5,2000-04-08
10409,2333,9,4,2000-04-23
10410,2333,2,3,2000-04-22
10411,2334,12,3,2000-06-22
10412,2334,2,4,2000-05-22
10413,2334,1,2,2000-03-07
10414,2335,10,1,2000-02-21
10415,2336,12,1,2000-06-25
10416,2336,2,3,2000-05-07
10417,2336,3,4,2000-03-01
10418,2336,12,3,2000-03-15
10419,2336,3,2,2000-04-30
10420,2336,8,3,2000-03-14
10421,2337,2,1,2000-04-01
10422,2337,12,5,2000-04-24
10423,2337,3,2,2000-04-25
10424,2337,11,4,2000-03-01
10425,2337,13,4,2000-05-18
10426,2337,5,4,2000-04-20
10427,2338,8,5,2000-02-25
10428,2338,2,5,2000-04-04
10429,2338,9,5,2000-01-06
10430,2338,9,1,2000-01-23
10431,2338,4,2,2000-02-21
10432,2338,13,1,2000-04-25
10433,2338,11,2,2000-06-18
10434,2338,8,2,2000-06-26
10435,2339,3,1,2000-02-28
10436,2339,7,4,2000-03-01
10437,2339,2,3,2000-04-03
10438,2339,3,5,2000-05-03
10439,2339,4,2,2000-04-17
10440,2339,5,2,2000-06-24
10441,2339,10,2,2000-03-03
10442,2340,7,5,2000-05-19
10443,2340,2,5,2000-05-26
10444,2340,3,5,2000-05-23
10445,2341,13,4,2000-01-27
10446,2341,12,4,2000-02-12
10447,2341,4,1,2000-03-14
10448,2341,2,3,2000-01-03
10449,2341,6,2,2000-06-14
10450,2341,3,5,2000-04-03
10451,2341,1,5,2000-05-03
10452,2342,3,4,2000-03-23
10453,2342,6,2,2000-06-11
10454,2342,9,3,2000-06-07
10455,2343,13,5,2000-06-10
10456,2343,8,2,2000-05-16
10457,2343,13,1,2000-01-14
10458,2343,8,1,2000-02-06
10459,2344,13,4,2000-03-09
10460,2344,4,2,2000-01-26
10461,2344,6,2,2000-06-17
10462,2344,5,2,2000-03-31
10463,2345,12,4,2000-03-08
10464,2345,14,1,2000-03-07
10465,2345,6,3,2000-05-24
10466,2345,5,4,2000-05-09
10467,2345,4,2,2000-01-31
10468,2346,11,3,2000-03-14
10469,2346,13,3,2000-06-08
10470,2346,5,1,2000-04-16
10471,2346,13,2,2000-04-15
10472,2346,13,4,2000-05-22
10473,2346,3,4,2000-05-25
10474,2346,8,5,2000-04-22
10475,2346,12,1,2000-01-06
10476,2347,3,4,2000-06-01
10477,2347,2,1,2000-03-06
10478,2347,11,1,2000-03-24
10479,2347,13,1,2000-04-19
10480,2347,10,4,2000-02-03
10481,2347,9,3,2000-05-12
10482,2347,13,5,2000-02-15
10483,2347,14,4,2000-01-08
10484,2348,3,3,2000-01-31
10485,2348,11,1,2000-03-14
10486,2348,11,1,2000-05-08
10487,2348,5,5,2000-02-26
10488,2348,6,1,2000-02-06
10489,2348,8,5,2000-03-22
10490,2348,14,4,2000-01-14
10491,2348,6,5,2000-03-10
10492,2349,3,5,2000-01-23
10493,2349,9,1,2000-01-13
10494,2349,12,5,2000-01-08
10495,2350,1,2,2000-03-06
10496,2350,5,1,2000-01-06
10497,2350,7,5,2000-03-10
10498,2351,4,2,2000-03-22
10499,2351,12,5,2000-06-08
10500,2351,9,4,2000-02-12
10501,2351,9,5,2000-01-06
10502,2352,5,3,2000-03-04
10503,2352,12,4,2000-05-20
10504,2353,4,5,2000-02-25
10505,2353,9,5,2000-06-15
10506,2353,2,1,2000-04-18
10507,2353,12,3,2000-01-19
10508,2354,4,3,2000-02-27
10509,2354,9,5,2000-02-22
10510,2354,6,5,2000-02-06
10511,2354,1,4,2000-01-23
10512,2354,1,1,2000-05-19
10513,2354,11,5,2000-06-09
10514,2355,1,1,2000-06-28
10515,2356,5,2,2000-01-05
10516,2356,6,5,2000-05-31
10517,2356,13,4,2000-06-13
10518,2356,8,1,2000-04-01
10519,2356,5,4,2000-01-29
10520,2357,7,1,2000-05-27
10521,2357,13,3,2000-01-14
10522,2357,12,4,2000-06-19
10523,2358,7,3,2000-02-20
10524,2358,8,3,2000-01-15
10525,2359,1,1,2000-05-29
10526,2359,1,4,2000-04-26
10527,2359,7,5,2000-01-20
10528,2360,5,1,2000-05-18
10529,2360,2,3,2000-05-24
10530,2360,3,1,2000-04-18
10531,2361,11,3,2000-06-21
10532,2361,10,5,2000-01-19
10533,2361,14,4,2000-05-11
10534,2361,5,1,2000-05-17
10535,2361,3,2,2000-04-03
10536,2362,6,4,2000-01-06
10537,2362,14,5,2000-04-22
10538,2362,11,5,2000-02-08
10539,2362,1,4,2000-06-16
10540,2362,4,5,2000-04-08
10541,2362,12,2,2000-06-23
10542,2362,14,4,2000-04-01
10543,2363,14,4,2000-04-23
10544,2363,7,4,2000-01-06
10545,2364,5,2,2000-01-02
10546,2364,9,3,2000-05-08
10547,2364,12,1,2000-05-25
10548,2364,9,4,2000-02-12
10549,2365,11,3,2000-04-17
10550,2365,10,5,2000-06-23
10551,2365,9,2,2000-02-26
10552,2365,5,4,2000-06-25
10553,2365,3,2,2000-01-22
10554,2366,9,3,2000-04-17
10555,2366,11,3,2000-03-11
10556,2366,3,2,2000-04-11
10557,2366,10,1,2000-03-13
10558,2366,11,4,2000-01-06
10559,2366,7,5,2000-04-18
10560,2366,6,3,2000-03-18
10561,2367,8,3,2000-05-02
10562,2367,4,5,2000-02-01
10563,2367,9,2,2000-05-15
10564,2368,2,5,2000-05-12
10565,2368,2,2,2000-01-07
10566,2368,12,5,2000-06-18
10567,2368,8,1,2000-05-17
10568,2368,12,3,2000-04-30
10569,2368,4,4,2000-06-02
10570,2369,11,2,2000-01-07
10571,2369,12,2,2000-05-22
10572,2369,4,5,2000-05-27
10573,2369,6,1,2000-02-05
10574,2370,2,2,2000-02-18
10575,2370,2,2,2000-06-17
10576,2370,1,4,2000-06-10
10577,2370,10,4,2000-02-08
10578,2370,9,3,2000-06-17
10579,2370,7,5,2000-03-23
10580,2370,10,5,2000-04-11
10581,2371,7,4,2000-06-08
10582,2372,4,5,2000-01-24
10583,2372,5,5,2000-02-29
10584,2372,13,5,2000-02-13
10585,2372,5,3,2000-05-22
10586,2372,13,3,2000-06-12
10587,2372,10,2,2000-03-22
10588,2373,1,2,2000-01-16
10589,2374,8,2,2000-05-07
10590,2374,4,2,2000-05-15
10591,2374,14,4,2000-06-27
10592,2374,9,3,2000-04-13
10593,2374,6,2,2000-01-29
10594,2375,5,4,2000-05-13
10595,2375,7,5,2000-04-05
10596,2375,9,4,2000-02-29
10597,2375,2,2,2000-02-16
10598,2375,12,3,2000-02-29
10599,2375,9,3,2000-01-23
10600,2375,14,2,2000-01-28
10601,2376,7,3,2000-04-09
10602,2376,13,5,2000-05-11
10603,2376,12,5,2000-03-05
10604,2376,4,4,2000-03-07
10605,2376,4,2,2000-04-07
10606,2376,1,4,2000-02-06
10607,2376,12,1,2000-01-01
10608,2377,6,4,2000-01-07
10609,2377,9,5,2000-01-28
10610,2378,3,4,2000-05-22
10611,2378,10,4,2000-06-17
10612,2379,3,3,2000-03-29
10613,2379,11,4,2000-03-26
10614,2380,14,5,2000-03-03
10615,2380,3,1,2000-03-09
10616,2380,5,5,2000-03-08
10617,2381,10,5,2000-02-24
10618,2381,8,1,2000-05-28
10619,2381,14,1,2000-04-14
10620,2381,11,2,2000-01-22
10621,2381,5,5,2000-03-23
10622,2381,8,2,2000-02-04
10623,2381,11,4,2000-04-07
10624,2382,10,2,2000-03-22
10625,2382,1,2,2000-06-08
10626,2382,7,5,2000-03-23
10627,2382,6,5,2000-03-22
10628,2382,11,2,2000-04-05
10629,2383,3,4,2000-06-26
10630,2383,9,4,2000-05-06
10631,2383,12,2,2000-06-02
10632,2383,13,2,2000-04-15
10633,2383,11,4,2000-05-08
10634,2383,9,5,2000-01-07
10635,2383,12,4,2000-05-06
10636,2384,1,2,2000-03-12
10637,2384,7,3,2000-03-02
10638,2384,13,3,2000-06-02
10639,2384,4,5,2000-06-15
10640,2384,5,5,2000-05-24
10641,2384,2,1,2000-06-28
10642,2384,6,5,2000-06-22
10643,2384,4,2,2000-01-17
10644,2385,14,5,2000-01-25
10645,2385,11,5,2000-02-29
10646,2385,4,2,2000-02-26
10647,2385,1,1,2000-02-21
10648,2385,1,4,2000-03-04
10649,2385,6,1,2000-06-08
10650,2385,13,3,2000-03-08
10651,2385,1,3,2000-02-20
10652,2386,1,4,2000-01-14
10653,2386,10,1,2000-01-21
10654,2386,14,5,2000-04-09
10655,2386,4,5,2000-04-30
10656,2386,12,5,2000-01-06
10657,2387,5,3,2000-01-08
10658,2387,1,5,2000-01-12
10659,2387,4,4,2000-04-10
10660,2387,7,3,2000-03-16
10661,2387,6,5,2000-01-11
10662,2387,14,1,2000-01-31
10663,2387,12,4,2000-05-29
10664,2387,2,3,2000-02-24
10665,2388,8,2,2000-02-26
10666,2389,14,2,2000-05-17
10667,2389,11,3,2000-02-17
10668,2389,10,4,2000-01-07
10669,2389,4,5,2000-05-04
10670,2389,2,1,2000-04-16
10671,2389,11,3,2000-06-17
10672,2389,6,5,2000-02-16
10673,2389,2,4,2000-03-17
10674,2390,2,4,2000-05-12
10675,2391,9,1,2000-04-29
10676,2391,14,3,2000-01-13
10677,2391,1,2,2000-05-02
10678,2391,13,5,2000-01-09
10679,2391,6,2,2000-03-31
10680,2392,1,3,2000-03-03
10681,2392,1,4,2000-05-21
10682,2393,2,4,2000-04-29
10683,2393,13,1,2000-03-22
10684,2393,3,3,2000-02-29
10685,2393,5,5,2000-06-12
10686,2394,5,4,2000-06-06
10687,2395,13,3,2000-06-18
10688,2395,5,3,2000-06-22
10689,2395,5,1,2000-02-26
10690,2396,2,5,2000-06-05
10691,2396,4,3,2000-05-21
10692,2396,11,4,2000-04-09
10693,2396,3,3,2000-04-15
10694,2396,1,1,2000-01-29
10695,2396,8,4,2000-04-17
10696,2396,13,4,2000-05-28
10697,2397,12,1,2000-03-04
10698,2397,9,1,2000-05-25
10699,2398,2,5,2000-06-10
10700,2398,5,1,2000-03-11
10701,2398,2,2,2000-03-23
10702,2398,9,2,2000-04-21
10703,2398,8,2,2000-03-16
10704,2398,9,3,2000-01-30
10705,2398,5,5,2000-04-22
10706,2398,11,3,2000-06-19
10707,2399,8,2,2000-02-20
10708,2399,7,5,2000-02-25
10709,2400,1,5,2000-01-03
10710,2400,8,3,2000-06-08
10711,2400,1,2,2000-01-25
10712,2401,7,1,2000-05-11
10713,2401,12,4,2000-02-16
10714,2401,2,2,2000-06-06
10715,2401,12,4,2000-03-10
10716,2401,10,4,2000-02-07
10717,2401,12,4,2000-05-30
10718,2402,6,4,2000-01-05
10719,2402,1,4,2000-01-09
10720,2402,14,5,2000-04-21
10721,2402,9,5,2000-06-11
10722,2402,10,1,2000-05-16
10723,2403,5,5,2000-06-20
10724,2403,12,4,2000-06-16
10725,2403,10,4,2000-06-20
10726,2403,2,1,2000-03-18
10727,2403,2,4,2000-02-26
10728,2403,7,1,2000-06-07
10729,2404,2,4,2000-06-04
10730,2404,9,4,2000-01-27
10731,2405,12,1,2000-05-30
10732,2405,14,5,2000-04-03
10733,2405,1,5,2000-02-19
10734,2405,9,2,2000-06-23
10735,2405,3,4,2000-06-08
10736,2405,1,3,2000-06-27
10737,2405,1,5,2000-02-26
10738,2406,11,3,2000-01-08
10739,2406,7,3,2000-03-23
10740,2407,12,2,2000-03-02
10741,2407,3,4,2000-01-18
10742,2407,8,5,2000-04-02
10743,2407,3,3,2000-06-15
10744,2407,5,2,2000-01-18
10745,2407,6,1,2000-04-16
10746,2408,3,5,2000-02-17
10747,2408,1,1,2000-05-17
10748,2408,10,4,2000-06-26
10749,2408,11,3,2000-04-30
10750,2408,1,4,2000-05-05
10751,2409,3,1,2000-05-28
10752,2409,6,1,2000-01-12
10753,2409,1,5,2000-04-05
10754,2409,5,2,2000-02-06
10755,2409,4,1,2000-05-20
10756,2409,4,2,2000-01-01
10757,2409,7,5,2000-05-22
10758,2409,2,4,2000-01-12
10759,2410,14,3,2000-05-24
10760,2410,14,3,2000-03-13
10761,2410,11,3,2000-06-05
10762,2410,8,5,2000-05-29
10763,2411,10,3,2000-05-07
10764,2411,10,4,2000-03-14
10765,2411,11,2,2000-04-05
10766,2411,3,2,2000-03-30
10767,2411,2,1,2000-01-02
10768,2411,14,4,2000-06-12
10769,2411,14,2,2000-05-08
10770,2412,9,4,2000-01-02
10771,2412,6,1,2000-04-21
10772,2412,14,3,2000-01-16
10773,2412,5,1,2000-06-20
10774,2412,11,1,2000-06-14
10775,2412,14,3,2000-02-15
10776,2413,7,1,2000-02-08
10777,2413,11,3,2000-01-13
10778,2413,3,1,2000-01-31
10779,2413,7,4,2000-04-28
10780,2413,12,4,2000-06-09
10781,2413,9,5,2000-06-15
10782,2413,12,5,2000-03-13
10783,2414,4,3,2000-02-17
10784,2414,7,2,2000-01-15
10785,2414,4,2,2000-03-17
10786,2414,2,2,2000-02-15
10787,2414,8,4,2000-06-05
10788,2414,13,1,2000-05-01
10789,2414,6,3,2000-01-03
10790,2415,7,4,2000-03-28
10791,2415,13,4,2000-03-31
10792,2415,7,3,2000-04-04
10793,2415,12,3,2000-03-17
10794,2415,13,1,2000-06-25
10795,2416,14,4,2000-04-04
10796,2416,4,2,2000-01-06
10797,2416,1,5,2000-03-12
10798,2416,11,4,2000-06-07
10799,2416,6,4,2000-04-12
10800,2416,10,4,2000-05-22
10801,2416,10,5,2000-04-12
10802,2417,12,1,2000-03-21
10803,2417,14,5,2000-01-10
10804,2417,4,1,2000-06-17
10805,2417,1,4,2000-06-05
10806,2417,2,1,2000-03-20
10807,2418,4,2,2000-01-25
10808,2418,9,2,2000-01-15
10809,2418,14,4,2000-01-01
10810,2418,11,1,2000-01-04
10811,2418,6,2,2000-04-05
10812,2419,13,3,2000-01-21
10813,2419,3,4,2000-06-13
10814,2419,7,1,2000-03-30
10815,2419,8,3,2000-03-26
10816,2419,9,5,2000-01-24
10817,2419,12,3,2000-03-02
10818,2419,4,3,2000-04-05
10819,2419,12,5,2000-05-10
10820,2420,6,1,2000-02-25
10821,2421,4,1,2000-05-23
10822,2421,1,3,2000-03-18
10823,2421,4,5,2000-04-03
10824,2421,8,2,2000-04-15
10825,2421,4,2,2000-04-17
10826,2421,11,1,2000-05-25
10827,2422,9,3,2000-05-04
10828,2422,6,4,2000-02-22
10829,2422,10,2,2000-05-23
10830,2422,11,1,2000-04-24
10831,2422,12,4,2000-04-04
10832,2422,1,5,2000-02-08
10833,2422,6,1,2000-01-26
10834,2423,9,1,2000-04-03
10835,2423,5,5,2000-06-21
10836,2423,13,2,2000-05-09
10837,2423,10,5,2000-03-14
10838,2424,6,1,2000-05-12
10839,2424,9,5,2000-02-14
10840,2424,5,4,2000-06-07
10841,2424,2,4,2000-05-08
10842,2424,6,5,2000-02-24
10843,2425,1,3,2000-02-11
10844,2425,13,1,2000-05-21
10845,2425,3,3,2000-05-02
10846,2425,1,5,2000-01-29
10847,2425,9,4,2000-05-09
10848,2425,12,2,2000-03-12
10849,2425,1,3,2000-04-07
10850,2425,7,1,2000-02-11
10851,2426,13,4,2000-05-11
10852,2426,13,2,2000-05-09
10853,2426,7,1,2000-04-14
10854,2426,1,1,2000-06-25
10855,2426,8,1,2000-04-14
10856,2427,14,2,2000-01-24
10857,2427,10,1,2000-03-25
10858,2428,9,3,2000-04-16
10859,2428,1,1,2000-01-03
10860,2428,1,2,2000-01-11
10861,2428,1,5,2000-03-17
10862,2429,9,3,2000-01-20
10863,2429,14,4,2000-06-19
10864,2429,12,5,2000-03-22
10865,2429,8,5,2000-02-06
10866,2430,11,4,2000-06-21
10867,2430,10,5,2000-03-15
10868,2430,13,1,2000-05-11
10869,2430,2,1,2000-03-11
10870,2430,4,1,2000-05-22
10871,2431,5,4,2000-06-07
10872,2431,1,1,2000-01-02
10873,2431,12,3,2000-04-09
10874,2432,3,4,2000-04-16
10875,2432,8,4,2000-01-01
10876,2432,11,3,2000-01-01
10877,2432,9,2,2000-01-12
10878,2432,11,1,2000-03-11
10879,2432,7,4,2000-03-13
10880,2433,7,4,2000-05-17
10881,2433,4,5,2000-05-25
10882,2433,8,4,2000-01-27
10883,2433,11,3,2000-01-30
10884,2433,4,2,2000-02-01
10885,2433,2,4,2000-01-12
10886,2434,10,4,2000-04-04
10887,2434,9,4,2000-01-11
10888,2435,1,3,2000-06-10
10889,2435,13,4,2000-01-25
10890,2435,10,3,2000-05-06
10891,2435,3,2,2000-05-02
10892,2435,8,3,2000-01-25
10893,2435,4,2,2000-05-12
10894,2435,9,5,2000-03-24
10895,2436,9,1,2000-01-11
10896,2436,11,3,2000-03-30
10897,2436,14,2,2000-01-07
10898,2437,4,5,2000-01-17
10899,2437,5,2,2000-03-12
10900,2437,10,2,2000-05-07
10901,2438,6,5,2000-06-10
10902,2438,2,3,2000-06-13
10903,2439,14,3,2000-06-26
10904,2439,1,5,2000-01-12
10905,2439,6,5,2000-06-03
10906,2439,1,5,2000-04-06
10907,2439,5,4,2000-03-27
10908,2439,13,5,2000-05-23
10909,2439,2,4,2000-04-25
10910,2439,3,3,2000-01-06
10911,2440,2,3,2000-01-12
10912,2440,3,2,2000-05-26
10913,2440,8,2,2000-03-20
10914,2440,1,1,2000-04-23
10915,2440,1,1,2000-02-05
10916,2440,4,2,2000-03-10
10917,2440,11,5,2000-02-09
10918,2441,3,4,2000-05-22
10919,2441,1,4,2000-06-23
10920,2442,12,2,2000-05-31
10921,2443,1,5,2000-05-08
10922,2443,6,1,2000-04-13
10923,2443,11,2,2000-02-16
10924,2444,6,4,2000-02-25
10925,2444,4,1,2000-06-21
10926,2444,14,4,2000-05-06
10927,2444,4,1,2000-02-09
10928,2444,11,5,2000-01-06
10929,2444,3,5,2000-03-21
10930,2445,7,1,2000-05-26
10931,2445,7,2,2000-05-18
10932,2445,8,5,2000-06-02
10933,2445,9,3,2000-02-22
10934,2445,11,3,2000-05-15
10935,2445,2,5,2000-01-27
10936,2446,3,1,2000-05-30
10937,2446,5,3,2000-01-03
10938,2446,11,2,2000-06-06
10939,2447,11,1,2000-05-04
10940,2448,13,4,2000-02-02
10941,2448,5,4,2000-05-21
10942,2448,11,2,2000-05-11
10943,2448,11,3,2000-03-10
10944,2448,14,3,2000-05-29
10945,2449,9,2,2000-02-14
10946,2449,8,1,2000-04-20
10947,2449,14,4,2000-06-08
10948,2449,10,2,2000-04-05
10949,2449,1,4,2000-02-21
10950,2449,13,2,2000-06-01
10951,2449,7,2,2000-06-23
10952,2450,11,4,2000-01-20
10953,2451,6,5,2000-02-29
10954,2452,5,4,2000-05-12
10955,2452,9,3,2000-05-11
10956,2452,11,5,2000-02-22
10957,2453,8,4,2000-01-16
10958,2453,6,3,2000-04-26
10959,2453,8,5,2000-06-18
10960,2453,14,3,2000-03-20
10961,2453,12,1,2000-05-17
10962,2454,7,1,2000-04-18
10963,2454,9,2,2000-02-22
10964,2454,3,2,2000-05-26
10965,2454,7,4,2000-02-03
10966,2454,2,4,2000-02-18
10967,2454,9,4,2000-04-16
10968,2455,4,1,2000-03-01
10969,2455,3,4,2000-03-13
10970,2455,4,2,2000-03-14
10971,2455,7,5,2000-01-09
10972,2455,14,5,2000-01-17
10973,2455,10,5,2000-04-20
10974,2455,2,5,2000-06-26
10975,2455,1,5,2000-02-05
10976,2456,12,5,2000-05-26
10977,2456,9,2,2000-04-10
10978,2456,2,3,2000-04-22
10979,2457,11,1,2000-02-02
10980,2458,8,5,2000-02-12
10981,2458,1,1,2000-05-17
10982,2459,11,1,2000-01-12
10983,2459,3,1,2000-03-03
10984,2459,8,4,2000-01-09
10985,2459,6,5,2000-01-23
10986,2460,10,5,2000-05-19
10987,2460,2,2,2000-03-21
10988,2460,6,2,2000-05-17
10989,2460,9,5,2000-06-04
10990,2460,14,2,2000-06-20
10991,2460,6,3,2000-06-03
10992,2460,3,4,2000-05-27
10993,2460,9,1,2000-05-26
10994,2461,6,4,2000-04-01
10995,2461,8,5,2000-04-18
10996,2461,3,2,2000-05-03
10997,2462,11,5,2000-03-25
10998,2462,7,2,2000-05-19
10999,2462,4,3,2000-02-02
11000,2462,6,2,2000-05-18
11001,2463,13,2,2000-03-18
11002,2463,12,1,2000-01-05
11003,2463,1,5,2000-03-03
11004,2463,2,2,2000-03-19
11005,2463,3,3,2000-01-02
11006,2463,5,5,2000-01-21
11007,2463,13,3,2000-03-21
11008,2464,6,3,2000-03-21
11009,2465,9,5,2000-02-09
11010,2465,5,4,2000-05-14
11011,2465,12,3,2000-06-14
11012,2465,3,3,2000-04-13
11013,2465,6,1,2000-03-16
11014,2465,10,3,2000-01-29
11015,2466,9,1,2000-01-10
11016,2466,1,2,2000-02-10
12571,2815,1,3,2000-01-15
12572,2815,11,4,2000-01-28
12573,2815,14,1,2000-01-23
12574,2816,9,3,2000-01-26
12575,2816,5,5,2000-02-20
12576,2816,8,5,2000-04-19
12577,2816,9,4,2000-02-26
12578,2816,12,4,2000-02-17
12579,2816,5,3,2000-02-23
12580,2816,11,1,2000-04-06
12581,2817,9,3,2000-01-01
12582,2817,11,4,2000-02-05
12583,2817,14,5,2000-03-21
12584,2818,3,5,2000-01-05
12585,2819,11,2,2000-06-08
12586,2819,2,3,2000-03-12
12587,2819,2,1,2000-05-07
12588,2819,13,4,2000-02-25
12589,2819,8,5,2000-04-14
12590,2819,14,2,2000-01-24
12591,2819,5,3,2000-01-17
12592,2819,2,5,2000-04-12
12593,2820,3,5,2000-03-20
12594,2820,13,1,2000-01-04
12595,2821,4,4,2000-04-10
12596,2822,6,1,2000-03-29
12597,2822,2,1,2000-06-12
12598,2822,14,4,2000-01-22
12599,2822,2,3,2000-03-25
12600,2822,3,5,2000-03-13
12601,2822,9,3,2000-06-13
12602,2822,10,5,2000-03-26
12603,2823,6,2,2000-05-22
12604,2823,1,3,2000-02-05
12605,2823,14,3,2000-02-23
12606,2824,9,1,2000-04-20
12607,2824,5,5,2000-04-03
12608,2825,6,3,2000-04-04
12609,2826,7,3,2000-02-21
12610,2826,4,1,2000-03-08
12611,2826,9,5,2000-01-21
12612,2826,7,2,2000-05-29
12613,2827,8,1,2000-03-15
12614,2828,5,1,2000-06-19
12615,2828,5,2,2000-06-08
12616,2828,14,1,2000-02-02
12617,2828,11,2,2000-03-28
12618,2828,12,5,2000-01-29
12619,2829,2,5,2000-04-13
12620,2830,12,2,2000-01-27
12621,2830,11,5,2000-03-25
12622,2830,7,5,2000-02-18
12623,2830,3,3,2000-04-18
12624,2830,13,1,2000-01-04
12625,2831,7,1,2000-03-06
12626,2831,14,4,2000-06-09
12627,2831,13,5,2000-05-16
12628,2831,2,1,2000-01-22
12629,2831,3,5,2000-03-28
12630,2832,4,2,2000-05-18
12631,2832,3,1,2000-02-18
12632,2832,2,1,2000-01-23
12633,2832,8,1,2000-05-07
12634,2832,13,5,2000-03-22
12635,2832,3,5,2000-04-01
12636,2832,5,1,2000-04-09
12637,2833,3,5,2000-04-14
12638,2834,13,1,2000-02-16
12639,2834,10,1,2000-05-27
12640,2834,5,5,2000-05-28
12641,2834,11,4,2000-03-03
12642,2834,9,1,2000-06-18
12643,2834,14,3,2000-02-09
12644,2835,13,3,2000-04-18
12645,2835,8,2,2000-03-05
12646,2835,7,4,2000-06-28
12647,2835,13,3,2000-06-04
12648,2836,14,4,2000-02-27
12649,2836,12,2,2000-02-25
12650,2836,4,3,2000-03-30
12651,2836,9,2,2000-05-05
12652,2836,3,5,2000-01-09
12653,2836,3,5,2000-03-03
12654,2836,6,4,2000-06-13
12655,2837,6,2,2000-04-08
12656,2837,11,1,2000-01-25
12657,2838,4,2,2000-01-03
12658,2838,1,1,2000-03-04
12659,2838,11,3,2000-04-15
12660,2838,4,5,2000-03-06
12661,2839,3,2,2000-03-26
12662,2839,9,4,2000-01-13
12663,2839,10,2,2000-01-05
12664,2839,4,1,2000-03-07
12665,2839,6,2,2000-04-14
12666,2839,5,1,2000-02-14
12667,2840,9,3,2000-03-02
12668,2840,7,3,2000-05-04
12669,2841,4,3,2000-04-29
12670,2841,8,5,2000-03-22
12671,2841,12,1,2000-03-25
12672,2841,3,3,2000-05-16
12673,2841,9,2,2000-01-29
12674,2842,12,3,2000-01-23
12675,2843,1,4,2000-05-18
12676,2843,3,3,2000-04-01
12677,2843,9,3,2000-03-16
12678,2843,12,1,2000-01-22
12679,2843,1,3,2000-04-25
12680,2844,12,5,2000-04-12
12681,2844,3,1,2000-02-28
12682,2844,1,4,2000-01-30
12683,2844,9,1,2000-01-27
12684,2845,10,3,2000-02-03
12685,2845,7,4,2000-04-07
12686,2846,10,5,2000-04-20
12687,2846,1,5,2000-01-06
12688,2846,7,1,2000-02-20
12689,2846,4,2,2000-04-10
12690,2846,6,4,2000-01-18
12691,2846,14,4,2000-06-10
12692,2846,9,4,2000-03-04
12693,2847,3,5,2000-06-02
12694,2847,8,4,2000-05-05
12695,2847,9,5,2000-04-12
12696,2847,14,5,2000-01-19
12697,2847,8,2,2000-05-18
12698,2848,6,3,2000-06-09
12699,2848,11,3,2000-05-24
12700,2848,4,4,2000-01-06
12701,2848,2,1,2000-01-05
12702,2849,4,3,2000-03-14
12703,2849,2,4,2000-06-07
12704,2849,5,1,2000-02-21
12705,2849,11,2,2000-06-09
12706,2849,7,3,2000-04-27
12707,2849,1,4,2000-05-25
12708,2849,6,4,2000-04-22
12709,2849,3,2,2000-03-21
12710,2850,8,2,2000-03-16
12711,2850,13,2,2000-01-18
12712,2850,13,5,2000-02-13
12713,2850,2,5,2000-04-04
12714,2850,10,2,2000-06-22
12715,2850,13,3,2000-03-09
12716,2851,10,1,2000-05-09
12717,2852,8,4,2000-01-29
12718,2852,4,2,2000-05-13
12719,2852,10,4,2000-02-21
12720,2852,9,3,2000-04-02
12721,2852,1,2,2000-05-01
12722,2852,5,2,2000-03-12
12723,2853,13,4,2000-03-18
12724,2853,2,2,2000-04-26
12725,2853,3,5,2000-05-30
12726,2854,1,4,2000-05-02
12727,2854,10,4,2000-03-05
12728,2854,1,4,2000-03-31
12729,2854,7,4,2000-04-02
12730,2854,9,2,2000-03-26
12731,2855,5,4,2000-05-22
12732,2855,7,1,2000-06-17
12733,2855,11,3,2000-06-09
12734,2855,2,3,2000-01-29
12735,2855,12,4,2000-04-18
12736,2855,1,5,2000-01-13
12737,2855,5,2,2000-02-10
12738,2856,4,3,2000-05-31
12739,2857,11,5,2000-02-18
12740,2857,11,5,2000-04-01
12741,2857,7,3,2000-04-08
12742,2858,10,4,2000-02-29
12743,2858,12,5,2000-05-18
12744,2858,11,4,2000-06-05
12745,2858,8,3,2000-06-13
12746,2859,12,2,2000-05-22
12747,2859,13,5,2000-02-11
12748,2859,14,4,2000-05-12
12749,2859,6,1,2000-01-10
12750,2859,5,1,2000-03-30
12751,2859,14,2,2000-05-04
12752,2859,8,3,2000-04-17
12753,2859,13,5,2000-04-11
12754,2860,6,2,2000-01-19
12755,2860,4,5,2000-05-25
12756,2860,5,1,2000-02-19
12757,2861,8,5,2000-06-16
12758,2862,14,4,2000-03-05
12759,2862,5,5,2000-03-29
12760,2862,9,2,2000-06-19
12761,2862,6,4,2000-01-15
12762,2862,10,1,2000-02-05
12763,2862,13,4,2000-04-18
12764,2862,11,3,2000-05-12
12765,2863,1,2,2000-02-17
12766,2864,6,5,2000-04-13
12767,2864,14,2,2000-03-03
12768,2864,3,5,2000-03-26
12769,2864,13,5,2000-03-08
12770,2864,6,2,2000-04-14
12771,2864,3,1,2000-06-25
12772,2864,7,4,2000-01-30
12773,2864,12,1,2000-01-19
12774,2865,9,3,2000-04-18
12775,2865,7,1,2000-05-29
12776,2865,14,5,2000-02-02
12777,2865,7,4,2000-04-01
12778,2866,4,3,2000-04-21
12779,2866,3,2,2000-06-19
12780,2866,4,5,2000-02-23
12781,2867,4,4,2000-06-05
12782,2867,3,3,2000-06-11
12783,2867,1,5,2000-05-17
12784,2867,10,4,2000-06-28
12785,2867,2,1,2000-06-16
12786,2867,8,4,2000-04-25
12787,2868,10,4,2000-04-10
12788,2868,12,1,2000-05-09
12789,2868,4,1,2000-06-08
12790,2868,12,3,2000-03-14
12791,2868,11,2,2000-05-07
12792,2868,11,4,2000-01-03
12793,2869,1,2,2000-05-13
12794,2869,7,4,2000-02-25
12795,2869,9,4,2000-06-12
12796,2869,9,2,2000-05-08
12797,2870,14,1,2000-06-11
12798,2870,14,3,2000-03-02
12799,2870,5,1,2000-06-19
12800,2870,11,1,2000-04-12
12801,2870,1,1,2000-01-09
12802,2871,3,1,2000-02-29
12803,2871,10,1,2000-04-27
12804,2871,10,1,2000-01-06
12805,2871,3,1,2000-05-14
12806,2871,13,1,2000-02-29
12807,2872,9,2,2000-01-15
12808,2873,1,4,2000-01-19
12809,2873,4,3,2000-03-02
12810,2873,5,2,2000-04-01
12811,2873,8,3,2000-01-27
12812,2873,6,1,2000-03-13
12813,2873,13,4,2000-06-28
12814,2874,14,4,2000-05-27
12815,2874,2,2,2000-01-30
12816,2875,13,4,2000-06-08
12817,2875,8,4,2000-01-01
12818,2875,7,4,2000-01-06
12819,2875,8,4,2000-01-17
12820,2876,13,3,2000-06-11
12821,2876,6,1,2000-05-11
12822,2876,8,1,2000-05-28
12823,2876,13,1,2000-03-11
12824,2876,6,3,2000-03-28
12825,2876,13,1,2000-05-23
12826,2876,5,2,2000-01-28
12827,2877,2,4,2000-05-21
12828,2877,4,5,2000-01-17
12829,2878,7,5,2000-03-01
12830,2878,12,3,2000-06-26
12831,2878,3,1,2000-03-09
12832,2878,3,2,2000-01-23
12833,2878,8,5,2000-03-27
12834,2878,9,2,2000-01-27
12835,2878,1,4,2000-06-10
12836,2878,10,4,2000-01-05
12837,2879,4,1,2000-03-11
12838,2879,12,1,2000-06-16
12839,2879,12,2,2000-06-26
12840,2879,2,4,2000-05-20
12841,2879,5,1,2000-03-25
12842,2879,5,5,2000-04-12
12843,2879,14,5,2000-06-01
12844,2880,2,3,2000-01-02
12845,2881,4,4,2000-04-17
12846,2881,11,1,2000-06-16
12847,2881,5,2,2000-05-04
12848,2881,2,2,2000-01-25
12849,2881,5,3,2000-04-03
12850,2881,5,2,2000-05-31
12851,2882,8,3,2000-05-07
12852,2882,3,3,2000-02-07
12853,2882,7,1,2000-05-15
12854,2882,9,2,2000-06-18
12855,2882,5,3,2000-04-11
12856,2882,13,5,2000-03-04
12857,2882,3,4,2000-04-08
12858,2882,11,2,2000-01-27
12859,2883,6,3,2000-05-04
12860,2883,9,5,2000-01-11
12861,2883,6,1,2000-06-04
12862,2883,3,5,2000-06-03
12863,2883,9,3,2000-05-18
12864,2884,5,3,2000-04-21
12865,2884,5,5,2000-03-18
12866,2884,9,4,2000-04-27
12867,2885,3,1,2000-02-07
12868,2885,2,2,2000-04-01
12869,2886,7,3,2000-02-08
12870,2887,9,5,2000-01-25
12871,2887,11,2,2000-04-22
12872,2887,6,1,2000-04-07
12873,2887,14,2,2000-06-20
12874,2887,4,4,2000-01-04
12875,2887,13,3,2000-03-23
12876,2887,1,5,2000-01-05
12877,2888,7,1,2000-04-17
12878,2888,1,5,2000-05-16
12879,2889,9,1,2000-02-21
12880,2889,13,5,2000-02-28
12881,2890,8,3,2000-05-14
12882,2890,7,5,2000-02-13
12883,2890,3,1,2000-04-16
12884,2890,8,4,2000-03-26
12885,2890,11,4,2000-04-02
12886,2890,1,3,2000-03-16
12887,2890,2,5,2000-06-09
12888,2891,10,2,2000-05-24
12889,2892,7,1,2000-02-27
12890,2893,1,4,2000-05-21
12891,2893,10,1,2000-03-28
12892,2893,7,1,2000-05-15
12893,2893,12,5,2000-04-07
12894,2893,8,5,2000-01-23
12895,2893,10,3,2000-03-07
12896,2893,13,2,2000-02-11
12897,2893,8,5,2000-01-29
12898,2894,4,2,2000-01-09
12899,2894,1,2,2000-06-24
12900,2894,3,1,2000-02-22
12901,2894,6,4,2000-04-27
12902,2894,9,1,2000-01-06
12903,2894,4,5,2000-05-13
12904,2894,4,1,2000-06-16
12905,2894,14,1,2000-06-07
12906,2895,5,4,2000-01-27
12907,2895,4,1,2000-05-18
12908,2895,2,3,2000-02-27
12909,2895,4,3,2000-05-04
12910,2895,5,3,2000-04-23
12911,2896,10,4,2000-01-05
12912,2896,13,2,2000-05-12
12913,2896,12,1,2000-03-22
12914,2896,5,1,2000-06-25
12915,2897,2,3,2000-05-31
12916,2897,5,5,2000-06-27
12917,2897,4,2,2000-05-30
12918,2898,3,4,2000-02-13
12919,2898,10,5,2000-05-01
12920,2898,10,5,2000-02-11
12921,2898,10,3,2000-03-22
12922,2898,10,4,2000-04-25
12923,2898,10,3,2000-03-13
12924,2898,6,5,2000-02-16
12925,2899,1,4,2000-02-05
12926,2899,1,4,2000-05-24
12927,2899,13,1,2000-04-15
12928,2899,14,5,2000-05-31
12929,2899,7,1,2000-03-20
12930,2899,13,4,2000-01-21
12931,2899,12,4,2000-03-26
12932,2899,9,3,2000-04-24
12933,2900,2,2,2000-03-15
12934,2900,2,4,2000-01-02
12935,2900,7,1,2000-05-07
12936,2900,2,5,2000-05-05
12937,2900,11,2,2000-03-03
12938,2900,5,3,2000-02-24
12939,2900,9,5,2000-06-25
12940,2900,1,4,2000-05-07
12941,2901,5,3,2000-03-01
12942,2902,6,5,2000-05-10
12943,2902,4,1,2000-01-26
12944,2902,10,4,2000-03-02
12945,2902,8,1,2000-06-15
12946,2902,14,3,2000-03-07
12947,2902,2,1,2000-03-16
12948,2903,14,4,2000-03-30
12949,2903,6,3,2000-05-24
12950,2903,2,2,2000-05-08
12951,2903,6,4,2000-06-03
12952,2903,13,5,2000-02-11
12953,2904,8,4,2000-02-25
12954,2904,11,3,2000-03-06
12955,2904,2,3,2000-01-15
12956,2904,14,3,2000-04-22
12957,2904,9,3,2000-03-17
12958,2904,5,4,2000-05-09
12959,2904,4,4,2000-06-22
12960,2905,13,3,2000-01-06
12961,2905,10,2,2000-04-15
12962,2905,14,4,2000-02-07
12963,2905,12,5,2000-06-07
12964,2906,6,4,2000-02-17
12965,2906,9,4,2000-03-23
12966,2906,12,2,2000-05-24
12967,2907,11,5,2000-04-06
12968,2907,1,5,2000-05-21
12969,2908,12,3,2000-03-24
12970,2909,11,2,2000-06-17
12971,2909,5,4,2000-04-30
12972,2909,1,2,2000-06-21
12973,2909,11,3,2000-05-17
12974,2909,11,2,2000-01-07
12975,2909,4,5,2000-06-26
12976,2909,3,4,2000-05-31
12977,2909,6,1,2000-06-23
12978,2910,10,1,2000-02-25
12979,2910,7,4,2000-02-04
12980,2910,5,3,2000-02-05
12981,2910,5,3,2000-05-19
12982,2910,9,2,2000-03-29
12983,2910,14,1,2000-01-05
12984,2910,2,2,2000-04-17
12985,2910,14,1,2000-02-14
12986,2911,4,2,2000-05-04
12987,2911,10,5,2000-04-08
12988,2911,3,2,2000-05-31
12989,2911,13,1,2000-04-14
12990,2912,13,2,2000-04-06
12991,2912,5,3,2000-02-02
12992,2912,6,2,2000-01-16
12993,2912,2,4,2000-03-11
12994,2912,8,2,2000-02-17
12995,2912,1,3,2000-02-13
12996,2913,2,5,2000-03-03
12997,2913,4,2,2000-01-07
12998,2913,13,4,2000-03-23
12999,2913,8,4,2000-06-07
13000,2914,13,4,2000-03-02
13001,2914,2,2,2000-03-05
13002,2914,7,5,2000-04-10
13003,2914,8,2,2000-05-23
13004,2914,9,5,2000-05-22
13005,2914,14,2,2000-06-21
13006,2914,2,3,2000-03-11
13007,2914,2,4,2000-01-12
13008,2915,11,5,2000-04-20
13009,2916,13,4,2000-06-11
13010,2916,1,5,2000-02-19
13011,2916,6,1,2000-06-13
13012,2917,1,3,2000-05-11
13013,2917,4,1,2000-03-05
13014,2917,6,4,2000-04-06
13015,2917,10,4,2000-03-13
13016,2917,2,3,2000-03-02
13017,2917,7,1,2000-04-29
13018,2918,3,1,2000-03-17
13019,2918,2,4,2000-02-07
13020,2918,4,5,2000-06-04
13021,2919,5,1,2000-05-20
13022,2919,6,1,2000-05-14
13023,2919,10,4,2000-01-12
13024,2919,12,3,2000-01-01
13025,2919,14,2,2000-02-05
13026,2919,6,1,2000-05-25
13027,2920,3,1,2000-04-02
13028,2921,13,3,2000-04-02
13029,2921,7,5,2000-04-24
13030,2921,6,5,2000-03-08
13031,2921,2,1,2000-01-08
13032,2921,7,5,2000-05-11
13033,2921,3,5,2000-02-01
13034,2921,14,1,2000-05-20
13035,2921,14,1,2000-05-10
13036,2922,9,5,2000-06-08
13037,2922,1,2,2000-05-01
13038,2922,10,3,2000-03-20
13039,2922,14,2,2000-01-04
13040,2922,12,3,2000-05-15
13041,2923,5,5,2000-04-12
13042,2923,1,5,2000-02-27
13043,2923,11,4,2000-02-11
13044,2923,9,2,2000-02-06
13045,2923,4,4,2000-03-22
13046,2923,6,2,2000-01-27
13047,2923,6,1,2000-06-02
13048,2923,8,1,2000-04-29
13049,2924,5,5,2000-06-21
13050,2924,12,3,2000-03-21
13051,2924,8,4,2000-06-07
13052,2924,14,2,2000-04-17
13053,2924,1,4,2000-06-15
13054,2924,9,3,2000-04-29
13055,2925,5,1,2000-04-13
13056,2925,8,1,2000-03-25
13057,2925,6,5,2000-06-01
13058,2925,7,3,2000-06-15
13059,2925,3,4,2000-04-07
13060,2925,3,1,2000-05-30
13061,2925,14,4,2000-01-07
13062,2925,13,2,2000-02-14
13063,2926,10,5,2000-06-19
13064,2927,11,1,2000-03-30
13065,2927,1,1,2000-01-15
13066,2928,5,5,2000-02-17
13067,2929,8,3,2000-02-08
13068,2929,7,1,2000-06-06
13069,2930,2,5,2000-03-19
13070,2930,2,5,2000-04-30
13071,2930,7,5,2000-04-24
13072,2930,7,4,2000-01-11
13073,2930,8,5,2000-02-26
13074,2931,13,3,2000-01-15
13075,2931,14,2,2000-05-02
13076,2931,4,4,2000-01-31
13077,2931,12,5,2000-02-05
13078,2931,7,2,2000-06-20
13079,2931,6,4,2000-06-09
13080,2932,4,3,2000-06-24
13081,2932,12,1,2000-04-08
13082,2932,14,1,2000-05-12
13083,2932,2,2,2000-05-14
13084,2932,6,3,2000-06-09
13085,2932,5,2,2000-04-28
13086,2933,14,2,2000-03-19
13087,2933,2,5,2000-05-26
13088,2933,14,2,2000-06-09
13089,2933,7,3,2000-05-03
13090,2933,10,5,2000-02-21
13091,2934,3,3,2000-01-10
13092,2934,1,4,2000-06-02
13093,2934,6,3,2000-02-17
13094,2934,14,3,2000-01-24
13095,2935,10,4,2000-02-02
13096,2935,5,4,2000-03-14
13097,2935,13,4,2000-02-13
13098,2936,10,2,2000-05-17
13099,2936,3,2,2000-03-12
13100,2936,11,2,2000-02-29
13101,2936,6,2,2000-04-04
13102,2936,1,4,2000-03-10
13103,2937,1,5,2000-05-31
13104,2937,7,5,2000-01-05
13105,2937,11,1,2000-01-02
13106,2938,12,3,2000-05-17
13107,2939,14,5,2000-05-03
13108,2939,1,3,2000-04-25
13109,2939,5,2,2000-01-03
13110,2939,11,5,2000-06-12
13111,2939,14,1,2000-04-28
13112,2939,3,1,2000-06-07
13113,2939,1,3,2000-06-04
13114,2940,14,1,2000-02-27
13115,2940,14,4,2000-03-14
13116,2940,6,5,2000-04-10
13117,2940,7,2,2000-03-13
13118,2940,9,1,2000-01-08
13119,2940,10,3,2000-01-06
13120,2940,14,4,2000-03-05
13121,2941,5,4,2000-04-19
13122,2941,7,3,2000-01-26
13123,2941,2,2,2000-04-29
13124,2942,4,1,2000-04-08
13125,2942,3,4,2000-04-21
13126,2942,12,5,2000-03-10
13127,2942,8,2,2000-06-22
13128,2943,5,1,2000-03-17
13129,2943,14,2,2000-06-03
13130,2943,14,5,2000-01-22
13131,2943,2,4,2000-05-25
13132,2943,3,1,2000-05-24
13133,2944,5,3,2000-01-01
13134,2944,5,5,2000-05-11
13135,2945,2,4,2000-05-06
13136,2945,9,2,2000-06-02
13137,2945,2,2,2000-01-06
13138,2945,12,5,2000-01-29
13139,2945,13,2,2000-04-12
13140,2946,12,4,2000-01-13
13141,2946,2,2,2000-04-14
13142,2946,9,1,2000-02-22
13143,2946,1,2,2000-06-19
13144,2946,2,3,2000-02-07
13145,2947,11,2,2000-03-05
13146,2947,14,1,2000-02-28
13147,2948,7,4,2000-05-29
13148,2948,12,1,2000-03-05
13149,2948,7,1,2000-03-03
13150,2948,6,5,2000-02-19
13151,2948,1,5,2000-04-20
13152,2948,11,5,2000-05-02
13153,2949,10,2,2000-06-26
13154,2949,3,2,2000-02-27
13155,2950,12,5,2000-06-10
13156,2950,9,5,2000-03-04
13157,2950,12,1,2000-04-29
13158,2950,13,4,2000-05-07
13159,2950,3,5,2000-01-27
13160,2950,1,4,2000-05-08
13161,2950,10,5,2000-01-24
13162,2950,4,5,2000-02-11
13163,2951,10,3,2000-03-07
13164,2951,10,1,2000-05-17
13165,2951,4,3,2000-05-03
13166,2951,4,5,2000-04-29
13167,2951,10,1,2000-03-16
13168,2951,12,1,2000-03-21
13169,2951,11,4,2000-02-20
13170,2952,14,1,2000-04-23
13171,2953,3,4,2000-04-06
13172,2953,12,1,2000-03-09
13173,2954,1,3,2000-06-01
13174,2955,8,3,2000-05-09
13175,2955,13,3,2000-02-02
13176,2955,7,1,2000-06-22
13177,2955,13,4,2000-03-30
13178,2955,9,5,2000-06-20
13179,2955,4,2,2000-03-10
13180,2955,12,3,2000-01-01
13181,2956,1,5,2000-03-20
13182,2956,8,2,2000-05-18
13183,2956,14,3,2000-01-15
13184,2956,10,1,2000-03-06
13185,2956,14,5,2000-05-13
13186,2957,3,1,2000-02-11
13187,2957,14,2,2000-01-28
13188,2957,14,1,2000-01-31
13189,2958,1,5,2000-02-12
13190,2958,9,2,2000-01-24
13191,2958,2,1,2000-02-11
13192,2958,2,5,2000-04-26
13193,2959,9,4,2000-02-21
13194,2959,13,1,2000-01-18
13195,2959,1,1,2000-03-11
13196,2959,8,4,2000-04-30
13197,2959,14,5,2000-01-28
13198,2959,14,3,2000-06-26
13199,2959,14,2,2000-03-01
13200,2960,14,3,2000-03-16
13201,2960,2,1,2000-02-01
13202,2960,12,5,2000-01-23
13203,2960,9,3,2000-05-02
13204,2960,11,4,2000-06-17
13205,2961,12,4,2000-01-05
13206,2961,7,1,2000-01-24
13207,2961,1,5,2000-03-18
13208,2961,11,5,2000-03-07
13209,2961,12,4,2000-05-16
13210,2962,12,3,2000-03-26
13211,2962,14,5,2000-05-31
13212,2963,8,3,2000-01-31
13213,2963,13,4,2000-03-13
13214,2963,14,3,2000-06-25
13215,2964,10,4,2000-01-20
13216,2964,14,4,2000-04-19
13217,2964,8,2,2000-02-21
13218,2964,1,2,2000-06-01
13219,2964,5,3,2000-05-10
13220,2964,10,4,2000-02-28
13221,2964,13,1,2000-03-17
13222,2964,8,1,2000-06-28
13223,2965,7,5,2000-03-04
13224,2965,8,4,2000-05-23
13225,2965,1,2,2000-04-10
13226,2966,2,2,2000-05-18
13227,2966,5,2,2000-04-15
13228,2966,11,5,2000-06-12
13229,2966,5,2,2000-05-16
13230,2966,3,5,2000-02-27
13231,2966,13,1,2000-06-20
13232,2966,5,2,2000-01-15
13233,2966,8,3,2000-04-24
13234,2967,1,2,2000-01-30
13235,2967,7,5,2000-06-28
13236,2967,7,4,2000-04-10
13237,2967,4,2,2000-04-16
13238,2967,7,5,2000-05-20
13239,2967,10,1,2000-03-14
13240,2967,13,2,2000-06-03
13241,2967,1,4,2000-04-24
13242,2968,9,2,2000-02-14
13243,2968,9,5,2000-02-29
13244,2968,8,4,2000-03-26
13245,2968,7,1,2000-05-07
13246,2969,8,2,2000-02-05
13247,2969,13,5,2000-03-30
13248,2970,1,1,2000-03-02
13249,2970,8,3,2000-04-10
13250,2970,13,5,2000-05-13
13251,2970,5,5,2000-05-22
13252,2970,2,1,2000-04-24
13253,2971,4,5,2000-04-15
13254,2972,7,4,2000-06-27
13255,2972,9,3,2000-02-24
13256,2972,4,5,2000-06-17
13257,2972,13,3,2000-02-06
13258,2972,10,1,2000-03-14
13259,2972,10,2,2000-01-08
13260,2972,12,3,2000-05-29
13261,2973,3,3,2000-04-19
13262,2973,5,5,2000-01-21
13263,2974,7,3,2000-06-07
13264,2974,14,5,2000-03-20
13265,2974,1,3,2000-01-21
13266,2974,4,5,2000-06-02
13267,2974,9,3,2000-03-07
13268,2974,11,5,2000-04-03
13269,2974,9,1,2000-02-22
13270,2974,11,5,2000-02-20
13271,2975,12,2,2000-03-24
13272,2976,12,4,2000-01-09
13273,2976,4,3,2000-04-26
13274,2976,9,1,2000-05-06
13275,2976,2,4,2000-03-13
13276,2976,4,3,2000-03-29
13277,2976,3,2,2000-04-19
13278,2976,1,2,2000-04-07
13279,2976,5,2,2000-02-05
13280,2977,11,2,2000-01-31
13281,2977,7,3,2000-01-04
13282,2978,5,4,2000-01-09
13283,2978,2,3,2000-03-19
13284,2979,10,1,2000-03-01
13285,2979,2,3,2000-03-05
13286,2980,11,3,2000-01-23
13287,2980,6,5,2000-03-29
13288,2980,7,1,2000-01-08
13289,2980,13,3,2000-03-29
13290,2980,13,1,2000-02-09
13291,2981,8,5,2000-02-14
13292,2981,4,4,2000-05-12
13293,2981,11,1,2000-04-17
13294,2981,9,3,2000-04-25
13295,2981,5,5,2000-06-11
13296,2981,13,1,2000-02-09
13297,2982,3,1,2000-04-13
13298,2982,4,1,2000-06-04
13299,2982,10,2,2000-04-10
13300,2982,10,2,2000-04-08
13301,2982,12,3,2000-01-25
13302,2982,4,5,2000-04-07
13303,2982,8,1,2000-04-15
13304,2982,14,1,2000-05-19
13305,2983,2,5,2000-02-26
13306,2983,1,2,2000-03-04
13307,2983,3,2,2000-06-27
13308,2983,14,4,2000-05-15
13309,2983,14,1,2000-01-23
13310,2983,9,1,2000-06-18
13311,2983,13,5,2000-02-23
13312,2983,8,5,2000-03-14
13313,2984,7,2,2000-04-22
13314,2984,10,2,2000-03-29
13315,2985,3,3,2000-04-21
13316,2985,6,1,2000-01-26
13317,2985,5,1,2000-04-23
13318,2985,13,2,2000-05-12
13319,2986,10,1,2000-06-25
13320,2986,9,4,2000-02-24
13321,2986,3,3,2000-05-06
13322,2986,4,3,2000-04-02
13323,2986,11,4,2000-01-14
13324,2986,3,4,2000-06-06
13325,2987,14,1,2000-03-05
13326,2987,8,2,2000-01-04
13327,2988,9,5,2000-06-14
13328,2988,7,4,2000-05-30
13329,2988,11,4,2000-03-28
13330,2988,14,1,2000-03-24
13331,2988,11,5,2000-02-11
13332,2988,10,3,2000-05-28
13333,2988,1,3,2000-03-13
13334,2988,14,4,2000-05-28
13335,2989,1,5,2000-03-13
13336,2989,8,2,2000-01-13
13337,2989,7,2,2000-02-02
13338,2989,8,1,2000-05-22
13339,2989,11,1,2000-03-14
13340,2990,10,5,2000-05-12
13341,2990,12,3,2000-01-05
13342,2990,3,3,2000-02-02
13343,2990,8,1,2000-01-05
13344,2991,11,5,2000-01-16
13345,2991,14,2,2000-06-05
13346,2992,5,1,2000-03-05
13347,2992,6,5,2000-02-05
11535,2587,10,3,2000-04-21
11536,2587,3,3,2000-04-16
11537,2587,12,1,2000-03-16
11538,2587,4,3,2000-04-29
11539,2587,3,4,2000-02-26
11540,2587,13,4,2000-05-16
11541,2587,1,2,2000-04-18
11542,2587,11,2,2000-02-08
11543,2588,5,1,2000-05-10
11544,2588,5,5,2000-05-08
11545,2588,9,1,2000-03-25
11546,2588,12,1,2000-03-01
11547,2589,12,1,2000-01-20
11548,2589,9,3,2000-02-13
11549,2589,7,2,2000-04-20
11550,2589,14,3,2000-01-10
11551,2589,3,3,2000-03-31
11552,2589,3,2,2000-02-11
11553,2589,2,5,2000-02-17
11554,2589,1,4,2000-03-21
11555,2590,11,1,2000-05-04
11556,2590,4,4,2000-01-27
11557,2590,2,3,2000-04-02
11558,2590,6,4,2000-02-09
11559,2590,12,3,2000-02-03
11560,2591,10,2,2000-01-04
11561,2591,10,1,2000-05-10
11562,2591,5,4,2000-01-27
11563,2591,8,2,2000-04-04
11564,2591,11,1,2000-06-21
11565,2591,7,2,2000-06-17
11566,2592,6,1,2000-04-24
11567,2592,1,1,2000-03-21
11568,2592,5,4,2000-05-14
11569,2592,6,1,2000-03-23
11570,2592,8,3,2000-01-07
11571,2592,10,4,2000-04-05
11572,2592,3,4,2000-01-19
11573,2593,14,2,2000-06-16
11574,2593,11,4,2000-03-20
11575,2594,1,5,2000-03-08
11576,2594,1,2,2000-04-16
11577,2594,13,5,2000-04-03
11578,2594,1,2,2000-01-07
11579,2595,12,,2000-04-14
11580,2596,7,3,2000-02-27
11581,2596,7,1,2000-01-09
11582,2596,2,1,2000-02-23
11583,2596,7,1,2000-06-16
11584,2596,13,4,2000-05-29
11585,2596,12,3,2000-02-14
11586,2596,10,4,2000-04-17
11587,2597,6,4,2000-04-10
11588,2597,13,4,2000-06-15
11589,2597,12,4,2000-03-19
11590,2597,4,5,2000-06-28
11591,2597,8,1,2000-01-16
11592,2597,7,1,2000-02-11
11593,2598,8,3,2000-02-05
11594,2598,8,2,2000-02-15
11595,2598,11,1,2000-06-20
11596,2598,5,1,2000-05-29
11597,2598,1,2,2000-01-11
11598,2598,9,3,2000-03-12
11599,2598,13,3,2000-03-16
11600,2599,2,3,2000-02-09
11601,2599,7,5,2000-01-16
11602,2599,6,3,2000-03-12
11603,2599,9,2,2000-01-04
11604,2599,11,3,2000-03-11
11605,2599,7,2,2000-06-15
11606,2600,4,5,2000-04-28
11607,2600,14,1,2000-03-02
11608,2600,9,2,2000-06-10
11609,2600,5,4,2000-05-26
11610,2600,14,1,2000-03-29
11611,2600,8,3,2000-04-05
11612,2600,11,2,2000-01-13
11613,2600,14,5,2000-03-13
11614,2601,7,2,2000-05-22
11615,2601,11,1,2000-05-30
11616,2601,13,2,2000-06-04
11617,2601,8,1,2000-04-14
11618,2602,8,3,2000-03-27
11619,2602,4,5,2000-01-12
11620,2603,2,3,2000-06-15
11621,2603,13,5,2000-04-14
11622,2603,9,1,2000-04-05
11623,2604,7,5,2000-05-27
11624,2605,4,1,2000-06-02
11625,2605,1,3,2000-01-05
11626,2605,10,5,2000-04-14
11627,2606,5,4,2000-06-03
11628,2606,9,4,2000-06-04
11629,2606,9,3,2000-05-11
11630,2606,3,5,2000-03-31
11631,2606,10,4,2000-06-27
11632,2606,6,2,2000-01-29
11633,2606,7,2,2000-03-20
11634,2607,14,1,2000-03-07
11635,2607,3,3,2000-02-12
11636,2608,8,1,2000-05-22
11637,2608,5,1,2000-05-20
11638,2608,1,5,2000-05-11
11639,2609,5,5,2000-02-25
11640,2610,1,4,2000-06-10
11641,2610,5,4,2000-01-13
11642,2610,12,3,2000-01-29
11643,2610,12,4,2000-04-12
11644,2610,8,4,2000-03-25
11645,2610,13,1,2000-06-07
11646,2610,2,3,2000-03-16
11647,2611,13,2,2000-01-01
11648,2611,6,4,2000-01-16
11649,2611,5,3,2000-03-15
11650,2612,8,1,2000-05-13
11651,2612,6,3,2000-06-04
11652,2612,3,4,2000-02-21
11653,2612,7,4,2000-01-08
11654,2612,11,4,2000-01-17
11655,2612,3,2,2000-01-24
11656,2612,9,2,2000-04-01
11657,2612,5,3,2000-05-01
11658,2613,4,4,2000-03-08
11659,2613,13,3,2000-05-27
11660,2613,13,1,2000-05-17
11661,2613,3,5,2000-05-22
11662,2614,4,4,2000-06-27
11663,2614,14,3,2000-05-15
11664,2614,14,4,2000-03-17
11665,2615,8,2,2000-02-05
11666,2615,14,2,2000-01-26
11667,2615,14,1,2000-04-05
11668,2615,1,5,2000-06-14
11669,2615,8,3,2000-06-21
11670,2616,9,5,2000-05-31
11671,2616,14,5,2000-04-17
11672,2616,6,5,2000-01-12
11673,2616,12,2,2000-01-03
11674,2616,12,4,2000-04-12
11675,2616,14,5,2000-05-08
11676,2617,6,5,2000-03-18
11677,2617,6,3,2000-03-22
11678,2617,4,3,2000-06-09
11679,2617,6,2,2000-02-29
11680,2617,8,4,2000-06-19
11681,2617,5,1,2000-03-16
11682,2617,5,2,2000-04-22
11683,2618,5,3,2000-03-30
11684,2618,13,2,2000-04-18
11685,2619,1,2,2000-01-28
11686,2619,14,2,2000-02-21
11687,2619,2,1,2000-03-15
11688,2619,9,3,2000-01-04
11689,2619,13,2,2000-04-24
11690,2619,9,4,2000-06-20
11691,2619,11,2,2000-05-20
11692,2620,14,5,2000-01-29
11693,2620,1,4,2000-05-30
11694,2620,8,3,2000-05-12
11695,2620,13,4,2000-03-21
11696,2621,2,4,2000-04-14
11697,2621,11,1,2000-04-06
11698,2621,14,2,2000-03-28
11699,2621,8,3,2000-01-27
11700,2621,9,2,2000-05-31
11701,2621,12,2,2000-02-03
11702,2622,4,5,2000-04-01
11703,2622,13,5,2000-01-29
11704,2622,8,3,2000-01-14
11705,2622,8,5,2000-03-12
11706,2623,6,3,2000-02-27
11707,2623,11,2,2000-03-05
11708,2624,11,2,2000-05-28
11709,2624,8,4,2000-05-31
11710,2624,2,1,2000-05-13
11711,2624,10,4,2000-06-09
11712,2624,3,4,2000-04-21
11713,2624,13,5,2000-05-21
11714,2625,7,2,2000-06-16
11715,2626,2,3,2000-03-13
11716,2626,3,1,2000-06-15
11717,2626,6,2,2000-04-05
11718,2626,2,5,2000-01-09
11719,2626,9,3,2000-05-05
11720,2626,3,5,2000-03-13
11721,2626,5,1,2000-03-15
11722,2626,11,4,2000-05-06
11723,2627,2,4,2000-01-16
11724,2627,3,4,2000-04-29
11725,2627,10,4,2000-02-11
11726,2627,11,5,2000-03-19
11727,2628,11,3,2000-06-21
11728,2628,9,5,2000-06-09
11729,2628,6,4,2000-01-26
11730,2628,7,5,2000-05-16
11731,2628,11,4,2000-02-06
11732,2628,6,2,2000-01-17
11733,2629,2,4,2000-03-24
11734,2629,1,4,2000-04-14
11735,2629,3,1,2000-04-19
11736,2629,12,4,2000-05-24
11737,2629,9,5,2000-06-25
11738,2629,8,5,2000-01-18
11739,2629,11,2,2000-02-22
11740,2629,10,2,2000-03-26
11741,2630,11,3,2000-04-10
11742,2630,2,1,2000-03-01
11743,2631,14,1,2000-06-07
11744,2631,4,1,2000-06-21
11745,2631,9,1,2000-02-08
11746,2631,6,1,2000-01-11
11747,2631,13,1,2000-06-12
11748,2631,12,5,2000-05-14
11749,2631,4,4,2000-01-09
11750,2632,5,5,2000-04-23
11751,2632,11,3,2000-04-26
11752,2632,9,3,2000-06-10
11753,2632,14,1,2000-04-05
11754,2632,14,3,2000-01-19
11755,2633,12,3,2000-03-26
11756,2633,1,3,2000-05-26
11757,2633,6,5,2000-01-20
11758,2634,13,2,2000-04-23
11759,2634,5,4,2000-02-22
11760,2634,11,2,2000-02-26
11761,2634,14,2,2000-02-11
11762,2634,2,1,2000-06-08
11763,2635,5,5,2000-05-11
11764,2635,3,2,2000-04-25
11765,2635,6,2,2000-01-09
11766,2635,1,5,2000-02-11
11767,2635,3,2,2000-01-31
11768,2635,12,2,2000-02-29
11769,2635,5,1,2000-04-07
11770,2635,2,2,2000-04-28
11771,2636,14,5,2000-05-05
11772,2636,1,5,2000-01-30
11773,2637,13,3,2000-06-02
11774,2637,10,4,2000-06-05
11775,2638,6,4,2000-04-23
11776,2638,12,4,2000-04-08
11777,2638,8,2,2000-06-16
11778,2639,7,2,2000-06-23
11779,2639,6,1,2000-02-09
11780,2639,12,4,2000-01-06
11781,2639,5,2,2000-06-02
11782,2639,4,5,2000-04-22
11783,2640,14,4,2000-04-14
11784,2641,7,5,2000-06-17
11785,2641,6,4,2000-04-02
11786,2641,1,4,2000-05-05
11787,2641,11,5,2000-01-13
11788,2642,2,2,2000-01-23
11789,2642,1,1,2000-03-06
11790,2642,7,5,2000-04-29
11791,2643,14,1,2000-04-20
11792,2643,7,2,2000-04-05
11793,2643,10,3,2000-04-05
11794,2644,13,5,2000-03-08
11795,2645,13,4,2000-04-25
11796,2645,12,5,2000-06-13
11797,2645,14,1,2000-03-23
11798,2645,4,4,2000-06-21
11799,2645,2,5,2000-05-13
11800,2645,9,3,2000-06-18
11801,2645,6,1,2000-06-05
11802,2645,13,3,2000-06-01
11803,2646,2,2,2000-01-27
11804,2646,7,1,2000-04-21
11805,2646,8,3,2000-05-17
11806,2646,8,4,2000-03-05
11807,2647,13,5,2000-04-23
11808,2647,14,4,2000-04-25
11809,2647,13,5,2000-04-28
11810,2647,7,1,2000-02-08
11811,2647,3,2,2000-03-22
11812,2647,12,4,2000-02-02
11813,2647,4,2,2000-03-04
11814,2648,14,1,2000-06-19
11815,2648,2,5,2000-03-20
11816,2648,11,1,2000-01-27
11817,2648,4,1,2000-06-13
11818,2649,13,3,2000-01-22
11819,2650,12,4,2000-03-11
11820,2650,8,4,2000-01-10
11821,2650,7,3,2000-04-28
11822,2650,14,1,2000-05-10
11823,2650,5,3,2000-02-09
11824,2650,1,4,2000-06-13
11825,2650,12,1,2000-02-20
11826,2651,10,1,2000-02-26
11827,2652,1,3,2000-05-10
11828,2652,7,1,2000-05-25
11829,2652,3,5,2000-03-29
11830,2652,6,1,2000-04-16
11831,2652,3,5,2000-05-29
11832,2652,6,4,2000-01-22
11833,2652,1,4,2000-05-19
11834,2653,13,2,2000-04-14
11835,2654,11,4,2000-04-17
11836,2654,8,5,2000-04-04
11837,2655,7,1,2000-01-15
11838,2655,3,2,2000-04-27
11839,2655,1,4,2000-03-29
11840,2655,4,3,2000-02-11
11841,2655,7,2,2000-04-27
11842,2655,5,4,2000-06-13
11843,2655,4,1,2000-04-17
11844,2656,5,2,2000-01-10
11845,2656,14,2,2000-02-09
11846,2656,3,2,2000-05-30
11847,2656,4,5,2000-05-30
11848,2656,10,1,2000-03-07
11849,2656,8,2,2000-02-25
11850,2657,8,2,2000-01-13
11851,2657,13,4,2000-03-02
11852,2657,13,5,2000-01-02
11853,2657,4,5,2000-03-17
11854,2657,13,5,2000-05-28
11855,2657,7,2,2000-04-10
11856,2657,11,5,2000-04-05
11857,2658,13,2,2000-02-13
11858,2658,2,5,2000-03-06
11859,2658,4,5,2000-05-03
11860,2658,4,3,2000-04-25
11861,2658,3,5,2000-02-06
11862,2659,7,1,2000-02-21
11863,2660,7,3,2000-04-20
11864,2660,14,5,2000-04-09
11865,2660,12,5,2000-01-15
11866,2660,12,2,2000-06-02
11867,2660,13,1,2000-03-14
11868,2661,10,3,2000-04-03
11869,2661,11,3,2000-03-07
11870,2661,3,3,2000-03-18
11871,2661,4,3,2000-06-25
11872,2661,6,2,2000-06-25
11873,2662,3,1,2000-05-02
11874,2662,13,4,2000-05-20
11875,2662,11,1,2000-04-08
11876,2662,13,1,2000-06-21
11877,2662,9,3,2000-03-11
11878,2662,11,1,2000-06-05
11879,2662,7,5,2000-06-26
11880,2663,1,3,2000-04-27
11881,2663,11,3,2000-02-18
11882,2663,5,4,2000-03-01
11883,2663,1,4,2000-02-10
11884,2663,5,4,2000-03-03
11885,2663,13,3,2000-06-01
11886,2664,12,2,2000-05-26
11887,2664,9,2,2000-02-06
11888,2664,9,1,2000-01-31
11889,2665,6,3,2000-05-03
11890,2666,3,1,2000-05-17
11891,2666,14,2,2000-01-18
11892,2667,4,5,2000-02-09
11893,2667,6,4,2000-06-14
11894,2667,11,5,2000-04-06
11895,2667,14,1,2000-06-07
11896,2667,10,4,2000-01-27
11897,2668,4,3,2000-04-22
11898,2668,9,5,2000-05-12
11899,2668,4,3,2000-02-26
11900,2668,1,5,2000-02-04
11901,2668,14,5,2000-06-19
11902,2668,10,4,2000-02-05
11903,2668,4,4,2000-06-27
11904,2668,10,4,2000-02-20
11905,2669,7,4,2000-01-04
11906,2669,11,1,2000-01-15
11907,2669,4,3,2000-01-14
11908,2670,13,1,2000-04-30
11909,2671,8,4,2000-01-14
11910,2671,5,5,2000-06-18
11911,2671,12,2,2000-05-18
11912,2671,2,4,2000-02-11
11913,2672,14,4,2000-03-12
11914,2672,12,5,2000-05-20
11915,2672,5,4,2000-05-10
11916,2672,5,2,2000-03-11
11917,2672,6,2,2000-06-08
11918,2672,1,2,2000-03-04
11919,2673,10,4,2000-06-06
11920,2673,11,5,2000-02-25
11921,2674,6,2,2000-03-13
11922,2674,11,4,2000-03-01
11923,2675,13,2,2000-03-20
11924,2675,11,1,2000-05-19
11925,2676,9,4,2000-02-09
11926,2676,12,4,2000-01-27
11927,2676,6,5,2000-01-17
11928,2676,8,5,2000-06-25
11929,2676,6,5,2000-02-18
11930,2676,1,2,2000-03-10
11931,2676,1,1,2000-03-23
11932,2676,5,4,2000-01-16
11933,2677,2,3,2000-06-14
11934,2677,11,2,2000-02-21
11935,2677,13,3,2000-04-13
11936,2677,11,3,2000-02-08
11937,2677,12,5,2000-03-24
11938,2677,10,1,2000-05-02
11939,2678,11,5,2000-06-02
11940,2678,14,1,2000-03-13
11941,2679,3,1,2000-05-12
11942,2679,8,5,2000-02-21
11943,2680,6,5,2000-05-06
11944,2680,14,5,2000-04-10
11945,2680,7,2,2000-02-25
11946,2680,9,3,2000-03-03
11947,2680,11,1,2000-06-14
11948,2680,10,3,2000-03-15
11949,2680,14,2,2000-02-19
11950,2680,4,2,2000-06-17
11951,2681,5,4,2000-03-20
11952,2681,13,2,2000-01-24
11953,2682,3,4,2000-05-04
11954,2682,10,3,2000-03-27
11955,2682,2,3,2000-01-15
11956,2683,9,1,2000-01-02
11957,2683,11,4,2000-06-22
11958,2683,8,1,2000-02-18
11959,2683,6,2,2000-02-26
11960,2683,5,5,2000-03-07
11961,2683,3,1,2000-06-07
11962,2683,6,4,2000-01-06
11963,2683,2,5,2000-03-05
11964,2684,2,5,2000-05-05
11965,2684,1,5,2000-01-23
11966,2684,3,4,2000-06-03
11967,2684,1,3,2000-06-12
11968,2684,9,2,2000-04-11
11969,2684,11,4,2000-03-01
11970,2684,1,1,2000-01-04
11971,2685,14,3,2000-03-20
11972,2685,4,2,2000-05-29
11973,2686,11,2,2000-01-22
11974,2687,12,5,2000-03-22
11975,2687,1,1,2000-06-17
11976,2687,3,2,2000-02-20
11977,2687,12,5,2000-04-22
11978,2687,4,5,2000-01-10
11979,2687,8,1,2000-02-20
11980,2688,10,4,2000-04-24
11981,2688,2,3,2000-03-30
11982,2688,13,1,2000-06-10
11983,2688,13,3,2000-06-11
11984,2688,1,3,2000-04-06
11985,2689,8,4,2000-03-09
11986,2689,7,4,2000-01-31
11987,2689,11,2,2000-02-17
11988,2690,11,4,2000-01-13
11989,2690,12,4,2000-02-17
11990,2690,5,1,2000-03-06
11991,2691,6,3,2000-02-21
11992,2691,2,4,2000-05-24
11993,2691,13,4,2000-03-03
11994,2691,1,5,2000-06-24
11995,2692,6,5,2000-06-15
11996,2692,4,4,2000-03-27
11997,2692,13,1,2000-02-06
11998,2692,8,2,2000-06-11
11999,2692,10,2,2000-02-26
12000,2693,5,1,2000-05-28
12001,2694,10,4,2000-03-23
12002,2694,2,3,2000-01-19
12003,2694,3,3,2000-02-21
12004,2695,7,2,2000-01-15
12005,2695,6,5,2000-02-10
12006,2695,10,4,2000-02-29
12007,2696,14,2,2000-02-18
12008,2696,1,4,2000-02-16
12009,2696,10,4,2000-06-27
12010,2696,1,2,2000-06-27
12011,2696,1,3,2000-04-30
12012,2696,7,4,2000-02-11
12013,2697,2,1,2000-05-25
12014,2697,9,2,2000-03-11
12015,2697,14,2,2000-03-13
12016,2697,14,2,2000-01-20
12017,2697,13,5,2000-05-24
12018,2697,8,4,2000-06-21
12019,2697,5,3,2000-01-25
12020,2697,7,5,2000-04-09
12021,2698,13,4,2000-04-02
12022,2698,9,4,2000-02-11
12023,2698,14,4,2000-03-07
12024,2698,12,3,2000-06-27
12025,2699,8,3,2000-04-12
12026,2699,4,4,2000-04-19
12027,2699,11,5,2000-03-26
12028,2699,9,2,2000-05-29
12029,2700,4,4,2000-04-06
12030,2701,13,5,2000-02-13
12031,2701,12,3,2000-02-16
12032,2701,12,5,2000-02-03
12033,2701,6,4,2000-01-31
12034,2701,9,1,2000-04-06
12035,2701,3,4,2000-05-12
12036,2701,7,4,2000-05-10
12037,2701,8,2,2000-02-26
12038,2702,3,2,2000-01-24
12039,2702,2,4,2000-01-25
12040,2702,9,3,2000-04-07
12041,2702,14,3,2000-01-14
12042,2703,4,2,2000-03-02
12043,2703,5,3,2000-03-01
12044,2703,7,5,2000-02-29
12045,2703,13,2,2000-02-11
12046,2703,11,1,2000-03-11
12047,2703,4,5,2000-02-10
12048,2703,1,2,2000-01-27
12049,2704,8,4,2000-05-24
12050,2704,9,5,2000-06-25
12051,2704,6,2,2000-05-13
12052,2704,13,5,2000-04-04
12053,2704,12,4,2000-03-05
12054,2705,5,5,2000-01-01
12055,2705,4,5,2000-04-13
12056,2705,2,1,2000-05-31
12057,2705,14,3,2000-03-24
12058,2706,8,4,2000-03-12
12059,2706,9,2,2000-05-05
12060,2706,2,3,2000-01-20
12061,2706,6,5,2000-02-19
12062,2706,6,4,2000-04-02
12063,2707,5,2,2000-03-02
12064,2707,7,4,2000-04-09
12065,2707,3,3,2000-03-01
12066,2708,13,5,2000-03-27
12067,2708,1,1,2000-01-03
12068,2708,2,2,2000-05-23
12069,2708,4,1,2000-06-14
12070,2708,10,1,2000-03-11
12071,2708,14,4,2000-04-20
12072,2708,5,2,2000-03-12
12073,2708,9,2,2000-04-08
12074,2709,13,3,2000-03-05
12075,2709,1,1,2000-06-14
12076,2710,7,3,2000-01-04
12077,2710,3,5,2000-04-08
12078,2711,8,1,2000-05-07
12079,2711,8,5,2000-05-22
12080,2712,9,2,2000-04-26
12081,2712,7,4,2000-05-16
12082,2712,5,2,2000-06-19
12083,2713,13,2,2000-01-01
12084,2713,11,1,2000-03-27
12085,2713,2,5,2000-05-08
12086,2714,4,4,2000-01-23
12087,2714,7,4,2000-04-07
12088,2714,9,3,2000-03-25
12089,2714,4,2,2000-06-22
12090,2714,14,1,2000-06-06
12091,2715,9,2,2000-05-02
12092,2715,4,1,2000-04-21
12093,2715,11,1,2000-03-03
12094,2715,1,5,2000-02-05
12095,2715,6,5,2000-02-27
12096,2715,1,4,2000-04-03
12097,2716,6,3,2000-03-01
12098,2716,2,2,2000-05-04
12099,2717,7,4,2000-02-13
12100,2717,3,1,2000-05-21
12101,2717,12,5,2000-06-02
12102,2717,1,5,2000-06-26
12103,2718,4,1,2000-03-17
12104,2718,7,1,2000-02-20
12105,2718,4,2,2000-01-19
12106,2718,12,4,2000-03-06
12107,2718,3,5,2000-03-22
12108,2718,7,3,2000-02-28
12109,2718,12,1,2000-02-27
12110,2718,1,3,2000-06-27
12111,2719,11,4,2000-05-01
12112,2719,13,2,2000-02-25
12113,2719,9,3,2000-04-08
12114,2719,10,3,2000-01-26
12115,2719,10,4,2000-05-13
12116,2719,8,1,2000-03-11
12117,2719,5,2,2000-05-17
12118,2720,12,5,2000-03-11
12119,2720,1,5,2000-04-11
12120,2720,12,3,2000-02-03
12121,2721,5,3,2000-01-05
12122,2721,10,2,2000-05-01
12123,2721,10,3,2000-06-11
12124,2721,6,1,2000-04-22
12125,2721,7,3,2000-03-18
12126,2721,14,1,2000-04-17
12127,2722,5,5,2000-01-12
12128,2722,2,4,2000-03-10
12129,2722,9,4,2000-01-09
12130,2722,11,1,2000-03-30
12131,2722,3,3,2000-03-19
12132,2722,7,2,2000-04-23
12133,2722,14,1,2000-01-30
12134,2722,11,2,2000-01-19
12135,2723,1,5,2000-06-15
12136,2724,13,5,2000-06-05
12137,2724,6,5,2000-03-20
12138,2724,10,4,2000-05-20
12139,2724,3,3,2000-03-06
12140,2724,1,2,2000-02-14
12141,2724,4,2,2000-06-03
12142,2724,8,2,2000-05-04
12143,2724,6,1,2000-04-13
12144,2725,10,4,2000-04-07
12145,2725,5,1,2000-04-12
12146,2725,3,2,2000-03-19
12147,2726,6,2,2000-04-27
12148,2726,11,1,2000-04-30
12149,2726,13,5,2000-06-20
12150,2727,10,1,2000-06-11
12151,2727,5,2,2000-04-12
12152,2727,13,2,2000-04-02
12153,2727,12,4,2000-04-19
12154,2727,14,3,2000-03-28
12155,2727,8,2,2000-02-12
12156,2727,2,3,2000-03-03
12157,2728,10,5,2000-06-25
12158,2728,5,1,2000-05-30
12159,2728,10,5,2000-04-19
12160,2728,3,3,2000-01-30
12161,2728,1,1,2000-06-08
12162,2729,5,2,2000-05-23
12163,2729,3,5,2000-03-31
12164,2729,9,3,2000-05-08
12165,2730,9,4,2000-02-04
12166,2730,7,3,2000-02-19
12167,2730,2,1,2000-01-20
12168,2730,2,4,2000-01-04
12169,2731,3,1,2000-02-22
12170,2731,6,1,2000-01-17
12171,2731,8,3,2000-03-23
12172,2731,9,3,2000-05-08
12173,2732,6,3,2000-02-15
12174,2732,2,5,2000-01-22
12175,2732,7,1,2000-03-01
12176,2732,9,2,2000-03-22
12177,2733,9,5,2000-05-12
12178,2733,2,1,2000-02-18
12179,2734,1,4,2000-03-03
12180,2734,4,4,2000-02-01
12181,2734,14,5,2000-06-28
12182,2735,9,1,2000-01-19
12183,2735,9,3,2000-01-23
12184,2735,8,1,2000-01-31
12185,2735,14,2,2000-05-04
12186,2736,12,1,2000-01-16
12187,2736,8,4,2000-06-15
12188,2737,9,1,2000-06-19
12189,2737,1,3,2000-02-07
12190,2737,5,1,2000-06-06
12191,2738,10,1,2000-01-22
12192,2738,4,2,2000-04-11
12193,2738,11,1,2000-05-18
12194,2738,9,2,2000-01-15
12195,2738,2,3,2000-02-11
12196,2739,8,1,2000-06-08
12197,2739,3,5,2000-04-04
12198,2739,13,5,2000-03-04
12199,2739,8,2,2000-04-21
12200,2740,6,4,2000-05-26
12201,2740,12,4,2000-03-10
12202,2740,7,4,2000-06-02
12203,2741,10,4,2000-06-18
12204,2741,2,5,2000-04-24
12205,2742,4,5,2000-03-03
12206,2742,1,1,2000-03-09
12207,2743,6,5,2000-06-20
12208,2743,3,3,2000-06-01
12209,2744,9,1,2000-03-26
12210,2744,8,1,2000-04-30
12211,2744,2,1,2000-02-26
12212,2744,6,2,2000-02-13
12213,2744,5,3,2000-06-05
12214,2744,5,2,2000-05-16
12215,2744,1,4,2000-03-20
12216,2744,2,2,2000-01-14
12217,2745,9,4,2000-02-18
12218,2745,12,2,2000-03-01
12219,2746,13,4,2000-04-24
12220,2746,12,1,2000-04-09
12221,2746,3,4,2000-01-19
12222,2747,7,5,2000-04-01
12223,2747,5,2,2000-06-11
12224,2747,2,4,2000-06-27
12225,2747,10,2,2000-01-25
12226,2747,14,1,2000-03-14
12227,2748,6,2,2000-02-25
12228,2748,3,2,2000-03-20
12229,2749,7,3,2000-01-06
12230,2749,6,1,2000-04-02
12231,2749,14,1,2000-05-12
12232,2750,7,1,2000-04-04
12233,2750,3,2,2000-03-28
12234,2750,14,1,2000-05-10
12235,2750,8,2,2000-03-15
12236,2750,10,2,2000-06-01
12237,2750,8,4,2000-05-17
12238,2750,9,4,2000-03-19
12239,2750,6,1,2000-04-08
12240,2751,2,1,2000-02-14
12241,2751,13,5,2000-05-12
12242,2751,2,4,2000-02-13
12243,2751,13,3,2000-06-15
12244,2752,7,2,2000-04-24
12245,2752,2,4,2000-05-27
12246,2752,14,1,2000-06-21
12247,2752,2,2,2000-03-07
12248,2752,14,1,2000-03-06
12249,2753,4,2,2000-03-05
12250,2753,11,1,2000-01-29
12251,2753,7,5,2000-03-12
12252,2753,2,4,2000-02-11
12253,2753,5,1,2000-03-15
12254,2754,5,4,2000-03-02
12255,2754,4,1,2000-03-14
12256,2754,11,2,2000-04-12
12257,2754,6,5,2000-06-17
12258,2754,3,2,2000-03-15
12259,2754,8,5,2000-02-24
12260,2754,4,5,2000-01-24
12261,2754,7,5,2000-05-29
12262,2755,4,3,2000-02-18
12263,2755,1,1,2000-03-09
12264,2755,6,3,2000-04-23
12265,2755,8,1,2000-03-04
12266,2755,8,5,2000-03-15
12267,2755,10,5,2000-06-03
12268,2755,10,5,2000-01-29
12269,2755,14,1,2000-06-06
12270,2756,9,4,2000-01-12
12271,2756,5,2,2000-03-11
12272,2756,6,2,2000-06-04
12273,2756,8,1,2000-06-25
12274,2756,13,5,2000-01-28
12275,2756,3,1,2000-03-22
12276,2756,4,4,2000-04-14
12277,2757,8,3,2000-03-04
12278,2757,13,2,2000-01-25
12279,2757,11,3,2000-03-13
12280,2757,7,3,2000-03-06
12281,2757,5,3,2000-06-26
12282,2758,2,3,2000-04-13
12283,2758,3,4,2000-04-26
12284,2758,11,3,2000-01-04
12285,2758,9,1,2000-04-26
12286,2758,1,5,2000-05-27
12287,2759,11,1,2000-02-10
12288,2759,3,1,2000-01-21
12289,2760,14,5,2000-04-26
12290,2760,10,3,2000-02-28
12291,2760,2,3,2000-05-03
12292,2760,11,1,2000-01-30
12293,2760,2,2,2000-02-27
12294,2760,6,5,2000-03-23
12295,2761,11,4,2000-01-21
12296,2761,14,3,2000-05-26
12297,2761,2,1,2000-05-20
12298,2761,1,1,2000-05-12
12299,2761,11,3,2000-04-25
12300,2761,2,2,2000-02-27
12301,2762,4,1,2000-05-29
12302,2762,11,1,2000-06-05
12303,2763,11,1,2000-06-10
12304,2763,2,4,2000-04-21
12305,2763,1,1,2000-02-03
12306,2764,13,1,2000-01-30
12307,2764,8,1,2000-01-12
12308,2765,2,4,2000-05-17
12309,2765,1,3,2000-02-14
12310,2765,12,3,2000-01-07
12311,2766,5,3,2000-04-30
12312,2766,9,1,2000-04-19
12313,2766,8,2,2000-02-04
12314,2766,3,2,2000-04-30
12315,2766,4,3,2000-02-05
12316,2766,3,1,2000-06-08
12317,2766,14,5,2000-01-16
12318,2766,7,3,2000-02-08
12319,2767,2,1,2000-01-15
12320,2767,9,4,2000-01-27
12321,2767,8,5,2000-02-14
12322,2768,10,3,2000-06-17
12323,2769,8,1,2000-05-26
12324,2769,6,4,2000-02-03
12325,2769,1,5,2000-01-29
12326,2769,8,1,2000-02-14
12327,2769,8,1,2000-01-25
12328,2769,6,4,2000-06-21
12329,2769,11,2,2000-04-10
12330,2769,2,2,2000-04-09
12331,2770,1,4,2000-04-08
12332,2770,13,4,2000-01-08
12333,2770,2,2,2000-04-07
12334,2770,12,5,2000-02-20
12335,2770,4,1,2000-04-18
12336,2770,3,4,2000-01-25
12337,2770,5,4,2000-05-30
12338,2771,10,2,2000-04-21
12339,2771,4,1,2000-05-24
12340,2771,3,1,2000-02-26
12341,2771,5,2,2000-04-07
12342,2771,9,3,2000-05-13
12343,2771,5,2,2000-06-18
12344,2771,5,2,2000-05-30
12345,2772,4,5,2000-01-07
12346,2772,7,3,2000-04-20
12347,2772,11,4,2000-02-18
12348,2772,12,4,2000-05-20
12349,2772,14,3,2000-05-18
12350,2772,7,5,2000-04-21
12351,2772,13,2,2000-06-01
12352,2773,13,4,2000-06-08
12353,2773,7,2,2000-02-11
12354,2773,6,2,2000-04-20
12355,2773,12,2,2000-06-17
12356,2773,10,1,2000-02-26
12357,2773,14,3,2000-02-18
12358,2774,2,3,2000-01-23
12359,2774,12,4,2000-02-23
12360,2774,6,4,2000-01-29
12361,2775,6,2,2000-04-02
12362,2775,11,4,2000-05-30
12363,2776,13,3,2000-05-09
12364,2776,8,2,2000-06-25
12365,2776,8,5,2000-05-04
12366,2776,9,2,2000-04-13
12367,2777,2,3,2000-02-07
12368,2777,7,4,2000-05-13
12369,2777,8,3,2000-06-18
12370,2777,8,5,2000-03-17
12371,2777,8,4,2000-04-21
12372,2777,11,4,2000-05-27
12373,2777,6,4,2000-04-08
12374,2778,11,1,2000-04-28
12375,2778,5,4,2000-04-24
12376,2778,9,3,2000-06-25
12377,2778,1,3,2000-04-16
12378,2778,13,5,2000-04-26
12379,2778,11,5,2000-03-23
12380,2778,14,5,2000-04-13
12381,2778,5,1,2000-04-03
12382,2779,1,4,2000-06-24
12383,2779,1,5,2000-04-05
12384,2779,6,3,2000-02-19
12385,2779,2,3,2000-04-22
12386,2779,2,5,2000-02-27
12387,2779,8,1,2000-02-03
12388,2779,3,5,2000-01-21
12389,2780,3,4,2000-05-31
12390,2780,3,4,2000-06-14
12391,2781,8,2,2000-01-13
12392,2781,3,5,2000-05-05
12393,2781,5,3,2000-03-26
12394,2781,4,5,2000-04-19
12395,2781,6,3,2000-05-07
12396,2781,10,4,2000-05-14
12397,2782,11,5,2000-05-08
12398,2782,3,3,2000-05-29
12399,2782,8,4,2000-04-07
12400,2783,1,4,2000-03-25
12401,2783,1,4,2000-01-06
12402,2783,3,5,2000-01-13
12403,2783,1,4,2000-03-01
12404,2783,1,1,2000-02-27
12405,2783,10,3,2000-05-29
12406,2783,5,1,2000-04-03
12407,2784,3,2,2000-05-24
12408,2784,11,4,2000-02-04
12409,2784,6,5,2000-06-19
12410,2784,3,3,2000-01-17
12411,2784,11,5,2000-05-17
12412,2784,5,4,2000-01-22
12413,2785,7,1,2000-06-11
12414,2785,7,2,2000-01-05
12415,2785,11,2,2000-02-21
12416,2786,8,5,2000-06-16
12417,2786,5,4,2000-06-20
12418,2786,6,4,2000-04-15
12419,2786,8,3,2000-04-15
12420,2786,8,5,2000-04-17
12421,2787,4,4,2000-02-28
12422,2787,12,5,2000-05-18
12423,2787,13,5,2000-04-15
12424,2787,4,5,2000-01-13
12425,2787,2,5,2000-02-21
12426,2788,10,4,2000-06-26
12427,2788,3,3,2000-03-22
12428,2789,4,2,2000-06-14
12429,2789,8,4,2000-05-28
12430,2789,14,4,2000-06-24
12431,2789,1,3,2000-04-13
12432,2789,5,2,2000-01-09
12433,2789,7,5,2000-01-26
12434,2789,13,4,2000-04-23
12435,2790,11,1,2000-05-03
12436,2790,12,4,2000-02-25
12437,2790,12,1,2000-02-11
12438,2790,4,5,2000-03-11
12439,2790,7,1,2000-01-26
12440,2790,10,4,2000-05-26
12441,2790,14,3,2000-02-07
12442,2791,12,3,2000-03-05
12443,2791,8,3,2000-04-11
12444,2791,13,1,2000-02-05
12445,2791,13,3,2000-02-17
12446,2792,4,2,2000-03-04
12447,2792,5,2,2000-03-14
12448,2792,9,1,2000-02-04
12449,2792,12,2,2000-02-17
12450,2792,9,5,2000-04-01
12451,2793,6,5,2000-01-13
12452,2794,6,4,2000-02-11
12453,2794,8,3,2000-03-21
12454,2795,12,5,2000-01-31
12455,2795,14,3,2000-04-18
12456,2795,8,5,2000-06-25
12457,2795,4,4,2000-05-26
12458,2795,10,1,2000-01-30
12459,2795,11,2,2000-02-20
12460,2796,4,2,2000-01-02
12461,2796,4,4,2000-06-28
12462,2796,13,3,2000-05-15
12463,2796,13,1,2000-03-17
12464,2796,3,3,2000-06-12
12465,2797,11,2,2000-05-28
12466,2797,5,2,2000-05-14
12467,2797,10,4,2000-02-20
12468,2797,2,5,2000-05-10
12469,2797,1,3,2000-06-02
12470,2797,1,2,2000-04-29
12471,2797,3,2,2000-06-24
12472,2798,14,3,2000-03-12
12473,2798,12,3,2000-03-31
12474,2798,8,3,2000-06-14
12475,2798,8,4,2000-04-24
12476,2798,6,1,2000-04-12
12477,2798,7,2,2000-05-08
12478,2799,7,2,2000-03-09
12479,2799,5,1,2000-02-28
12480,2799,13,4,2000-01-18
12481,2799,14,5,2000-01-22
12482,2799,11,4,2000-05-21
12483,2799,13,4,2000-03-19
12484,2799,9,1,2000-06-17
12485,2799,11,3,2000-02-04
12486,2800,10,1,2000-06-12
12487,2800,11,5,2000-04-06
12488,2800,6,3,2000-02-28
12489,2800,1,1,2000-06-17
12490,2800,10,1,2000-03-14
12491,2800,6,2,2000-06-14
12492,2800,1,3,2000-03-28
12493,2801,6,2,2000-06-23
12494,2802,13,1,2000-05-13
12495,2802,5,3,2000-02-29
12496,2802,1,4,2000-02-06
12497,2802,9,2,2000-01-28
12498,2802,10,1,2000-04-27
12499,2802,13,5,2000-04-22
12500,2802,12,2,2000-06-24
12501,2802,13,2,2000-01-12
12502,2803,13,3,2000-01-12
12503,2803,6,4,2000-02-22
12504,2803,5,5,2000-05-03
12505,2803,6,1,2000-06-21
12506,2803,4,2,2000-03-02
12507,2803,13,4,2000-01-26
12508,2803,10,3,2000-06-15
12509,2803,4,3,2000-01-22
12510,2804,12,1,2000-03-01
12511,2804,11,3,2000-04-19
12512,2804,5,2,2000-03-11
12513,2804,6,1,2000-04-17
12514,2805,13,5,2000-05-02
12515,2805,7,2,2000-03-10
12516,2805,6,3,2000-01-18
12517,2805,12,1,2000-05-25
12518,2805,8,2,2000-01-24
12519,2805,10,3,2000-03-16
12520,2805,1,5,2000-02-07
12521,2805,6,1,2000-04-08
12522,2806,10,4,2000-01-12
12523,2806,1,3,2000-03-25
12524,2806,1,4,2000-05-21
12525,2806,4,3,2000-02-14
12526,2806,13,2,2000-03-01
12527,2806,14,3,2000-05-06
12528,2806,9,4,2000-05-17
12529,2807,14,5,2000-05-08
12530,2807,1,5,2000-01-28
12531,2807,5,1,2000-01-21
12532,2807,11,4,2000-06-12
12533,2808,6,4,2000-03-30
12534,2809,2,4,2000-04-23
12535,2809,13,2,2000-05-06
12536,2809,12,3,2000-04-26
12537,2809,3,1,2000-05-11
12538,2809,13,2,2000-02-14
12539,2809,1,5,2000-04-25
12540,2809,5,4,2000-06-14
12541,2810,11,3,2000-01-22
12542,2810,11,3,2000-02-22
12543,2810,10,2,2000-06-24
12544,2810,7,5,2000-04-02
12545,2810,9,4,2000-02-22
12546,2810,8,2,2000-01-06
12547,2810,2,2,2000-04-02
12548,2810,11,2,2000-04-06
12549,2811,5,2,2000-05-27
12550,2811,4,2,2000-02-23
12551,2811,12,1,2000-06-20
12552,2811,10,2,2000-06-18
12553,2811,13,3,2000-04-09
12554,2811,8,5,2000-04-10
12555,2811,12,2,2000-03-19
12556,2812,10,4,2000-02-20
12557,2812,14,1,2000-01-20
12558,2812,2,3,2000-05-20
12559,2812,9,3,2000-01-12
12560,2812,4,5,2000-01-25
12561,2813,13,3,2000-04-18
12562,2813,14,1,2000-04-21
12563,2813,8,3,2000-01-06
12564,2813,9,5,2000-05-28
12565,2814,6,5,2000-01-11
12566,2814,2,2,2000-05-14
12567,2814,1,3,2000-03-24
12568,2815,7,3,2000-03-18
12569,2815,8,1,2000-06-27
12570,2815,5,5,2000-03-06
14902,3340,10,1,2000-02-19
14903,3341,11,1,2000-01-28
14904,3341,1,3,2000-03-18
14905,3341,6,1,2000-01-17
14906,3341,7,2,2000-02-22
14907,3341,9,5,2000-06-20
14908,3341,14,5,2000-03-30
14909,3341,11,4,2000-02-16
14910,3341,12,4,2000-03-16
14911,3342,8,5,2000-01-18
14912,3342,4,3,2000-02-21
14913,3342,3,4,2000-03-13
14914,3342,14,1,2000-02-01
14915,3342,2,3,2000-04-29
14916,3342,13,4,2000-04-12
14917,3342,10,4,2000-06-20
14918,3343,8,4,2000-03-17
14919,3343,8,4,2000-04-26
14920,3343,3,4,2000-01-09
14921,3343,6,4,2000-01-12
14922,3344,2,4,2000-01-02
14923,3344,11,3,2000-01-12
14924,3344,3,3,2000-01-01
14925,3344,13,3,2000-04-15
14926,3344,7,3,2000-05-30
14927,3344,7,3,2000-05-29
14928,3344,14,2,2000-03-06
14929,3344,7,1,2000-06-25
14930,3345,9,3,2000-01-21
14931,3345,13,2,2000-06-20
14932,3345,7,1,2000-05-31
14933,3345,8,1,2000-05-04
14934,3345,3,1,2000-03-18
14935,3345,1,3,2000-02-05
14936,3345,4,4,2000-01-05
14937,3346,8,3,2000-03-17
14938,3346,9,4,2000-05-21
14939,3346,6,2,2000-03-01
14940,3347,7,4,2000-05-07
14941,3347,8,4,2000-03-02
14942,3347,9,3,2000-05-23
14943,3347,14,5,2000-04-09
14944,3347,10,3,2000-05-13
14945,3347,13,3,2000-01-28
14946,3347,8,2,2000-05-16
14947,3348,2,3,2000-05-04
14948,3348,10,3,2000-02-09
14949,3348,8,5,2000-04-08
14950,3348,4,5,2000-01-31
14951,3348,6,1,2000-02-27
14952,3349,1,2,2000-05-21
14953,3349,7,5,2000-04-08
14954,3349,7,1,2000-06-22
14955,3349,4,3,2000-06-06
14956,3349,2,3,2000-02-28
14957,3349,7,2,2000-04-26
14958,3349,3,5,2000-04-19
14959,3349,10,1,2000-03-12
14960,3350,5,2,2000-03-20
14961,3350,12,5,2000-05-29
14962,3350,9,1,2000-04-25
14963,3351,5,3,2000-03-29
14964,3351,5,5,2000-03-06
14965,3351,2,4,2000-06-02
14966,3351,13,5,2000-04-03
14967,3352,9,2,2000-04-22
14968,3352,5,5,2000-02-15
14969,3352,8,1,2000-03-06
14970,3352,9,2,2000-05-07
14971,3352,12,2,2000-06-10
14972,3352,12,2,2000-01-01
14973,3352,5,1,2000-05-19
14974,3353,8,1,2000-03-16
14975,3354,1,3,2000-05-25
14976,3354,12,3,2000-01-17
14977,3354,8,4,2000-06-21
14978,3354,12,1,2000-03-25
14979,3354,8,1,2000-05-16
14980,3354,8,4,2000-06-21
14981,3355,14,4,2000-01-15
14982,3355,8,1,2000-01-15
14983,3355,3,2,2000-02-18
14984,3355,7,1,2000-01-09
14985,3355,10,1,2000-02-25
14986,3355,7,2,2000-04-30
14987,3356,9,2,2000-01-25
14988,3356,12,3,2000-04-02
14989,3356,13,2,2000-01-24
14990,3356,4,4,2000-06-18
14991,3356,11,1,2000-01-02
14992,3356,10,1,2000-01-21
14993,3357,12,5,2000-03-20
14994,3357,11,1,2000-05-21
14995,3357,13,3,2000-01-29
14996,3357,4,1,2000-06-11
14997,3357,14,4,2000-05-19
14998,3357,9,1,2000-06-01
14999,3357,5,4,2000-03-10
15000,3357,12,3,2000-05-04
15001,3358,5,3,2000-02-16
15002,3358,4,3,2000-05-07
15003,3358,3,1,2000-02-20
15004,3358,11,3,2000-03-19
15005,3358,14,4,2000-01-27
15006,3359,12,3,2000-01-22
15007,3359,13,3,2000-03-13
15008,3360,11,5,2000-06-14
15009,3360,2,2,2000-01-20
15010,3360,4,2,2000-05-01
15011,3360,1,3,2000-01-06
15012,3360,10,4,2000-03-31
15013,3360,3,5,2000-04-03
15014,3360,5,4,2000-06-09
15015,3360,9,4,2000-04-02
15016,3361,1,3,2000-05-20
15017,3361,11,1,2000-03-24
15018,3362,6,2,2000-04-10
15019,3362,12,4,2000-03-16
15020,3362,3,4,2000-03-02
15021,3363,9,2,2000-02-16
15022,3363,9,2,2000-05-28
15023,3363,2,5,2000-01-06
15024,3363,14,3,2000-01-14
15025,3363,8,1,2000-04-21
15026,3363,1,4,2000-03-21
15027,3363,4,2,2000-05-29
15028,3363,8,3,2000-04-27
15029,3364,10,4,2000-05-27
15030,3364,2,5,2000-01-12
15031,3365,5,3,2000-01-11
15032,3365,14,4,2000-01-29
15033,3365,14,2,2000-03-28
15034,3365,13,1,2000-04-04
15035,3365,14,5,2000-03-30
15036,3366,13,3,2000-06-28
15037,3366,13,2,2000-05-25
15038,3366,14,2,2000-04-09
15039,3366,14,3,2000-01-03
15040,3366,9,4,2000-04-02
15041,3366,5,2,2000-03-16
15042,3366,5,5,2000-02-25
15043,3367,13,3,2000-04-12
15044,3367,9,3,2000-01-05
15045,3367,4,5,2000-01-19
15046,3367,2,4,2000-04-28
15047,3367,12,1,2000-05-06
15048,3368,1,3,2000-01-24
15049,3368,4,1,2000-01-25
15050,3368,12,3,2000-01-29
15051,3368,4,2,2000-05-07
15052,3368,14,3,2000-04-04
15053,3368,9,3,2000-01-04
15054,3368,2,2,2000-01-17
15055,3369,2,3,2000-06-23
15056,3369,7,4,2000-05-07
15057,3369,8,3,2000-05-02
15058,3369,12,5,2000-01-17
15059,3369,4,3,2000-02-15
15060,3370,2,3,2000-02-17
15061,3371,4,2,2000-04-18
15062,3371,5,4,2000-01-24
15063,3371,3,2,2000-06-05
15064,3371,6,3,2000-04-25
15065,3371,13,4,2000-03-17
15066,3371,13,3,2000-06-21
15067,3372,6,1,2000-06-23
15068,3372,9,5,2000-04-23
15069,3372,13,4,2000-06-09
15070,3372,6,5,2000-02-08
15071,3373,12,1,2000-03-25
15072,3374,3,1,2000-06-04
15073,3374,12,2,2000-02-09
15074,3374,7,3,2000-06-08
15075,3374,3,4,2000-02-28
15076,3374,14,5,2000-01-28
15077,3374,8,1,2000-02-29
15078,3374,8,5,2000-05-17
15079,3374,4,3,2000-01-26
15080,3375,11,2,2000-03-23
15081,3375,13,3,2000-03-27
15082,3375,5,2,2000-01-10
15083,3375,1,1,2000-03-04
15084,3375,10,3,2000-05-14
15085,3375,11,4,2000-02-01
15086,3376,1,5,2000-03-10
15087,3376,8,2,2000-03-24
15088,3376,12,5,2000-01-20
15089,3376,8,3,2000-03-23
15090,3376,3,2,2000-05-19
15091,3376,6,5,2000-01-15
15092,3376,2,4,2000-05-30
15093,3376,1,4,2000-01-01
15094,3377,9,1,2000-03-04
15095,3377,11,4,2000-05-04
15096,3377,14,5,2000-03-05
15097,3377,14,1,2000-03-29
15098,3378,7,4,2000-06-09
15099,3379,9,3,2000-03-31
15100,3379,14,5,2000-02-14
15101,3380,1,5,2000-02-20
15102,3380,5,5,2000-03-16
15103,3380,1,5,2000-05-11
15104,3380,4,1,2000-04-30
15105,3380,4,2,2000-03-03
15106,3380,14,3,2000-03-30
15107,3381,7,1,2000-01-25
15108,3381,6,5,2000-06-22
15109,3381,12,2,2000-06-23
15110,3381,9,3,2000-06-14
15111,3381,7,3,2000-05-15
15112,3381,4,4,2000-02-27
15113,3381,7,2,2000-04-27
15114,3381,12,4,2000-06-16
15115,3382,4,2,2000-01-19
15116,3382,11,1,2000-04-23
15117,3382,4,4,2000-02-12
15118,3382,9,3,2000-02-05
15119,3382,2,4,2000-02-24
15120,3383,1,4,2000-01-14
15121,3383,4,5,2000-02-26
15122,3383,6,1,2000-01-25
15123,3383,14,4,2000-05-31
15124,3383,14,5,2000-06-15
15125,3383,8,5,2000-02-01
15126,3383,12,3,2000-03-05
15127,3384,1,2,2000-01-05
15128,3384,1,5,2000-05-07
15129,3384,2,1,2000-01-17
15130,3384,5,5,2000-02-24
15131,3384,8,3,2000-02-22
15132,3384,5,2,2000-05-06
15133,3384,14,2,2000-04-22
15134,3385,13,5,2000-02-27
15135,3385,9,1,2000-06-12
15136,3385,9,2,2000-02-28
15137,3385,11,4,2000-02-01
15138,3385,4,3,2000-05-26
15139,3385,10,4,2000-05-12
15140,3385,8,5,2000-06-27
15141,3385,4,4,2000-01-11
15142,3386,10,3,2000-01-30
15143,3386,12,1,2000-01-23
15144,3387,10,5,2000-03-25
15145,3387,8,1,2000-05-27
15146,3387,13,5,2000-04-05
15147,3387,8,3,2000-01-20
15148,3387,14,4,2000-05-17
15149,3387,11,4,2000-03-31
15150,3388,2,2,2000-05-29
15151,3388,3,1,2000-03-14
15152,3389,7,2,2000-01-18
15153,3389,5,4,2000-01-19
15154,3389,8,2,2000-03-08
15155,3389,2,1,2000-06-22
15156,3389,4,5,2000-04-07
15157,3389,8,5,2000-04-06
15158,3389,5,3,2000-01-18
15159,3389,8,2,2000-01-04
15160,3390,14,3,2000-02-25
15161,3390,11,2,2000-04-29
15162,3390,3,2,2000-02-09
15163,3391,13,2,2000-06-15
15164,3391,3,4,2000-05-24
15165,3391,7,2,2000-03-04
15166,3392,8,5,2000-06-07
15167,3393,14,2,2000-02-13
15168,3393,14,4,2000-06-15
15169,3393,8,2,2000-04-10
15170,3393,13,3,2000-01-16
15171,3393,7,5,2000-05-13
15172,3394,14,4,2000-02-09
15173,3394,12,1,2000-06-09
15174,3394,12,2,2000-06-05
15175,3394,2,3,2000-03-25
15176,3394,6,4,2000-06-06
15177,3394,12,2,2000-02-03
15178,3395,10,3,2000-05-05
15179,3395,3,3,2000-06-10
15180,3395,9,5,2000-05-01
15181,3396,11,3,2000-01-04
15182,3396,4,2,2000-03-17
15183,3396,2,4,2000-06-01
15184,3396,8,5,2000-03-09
15185,3397,2,1,2000-02-09
15186,3397,13,2,2000-02-22
15187,3397,1,1,2000-05-18
15188,3397,7,4,2000-01-26
15189,3398,12,5,2000-05-17
15190,3398,10,1,2000-06-01
15191,3398,3,5,2000-03-23
15192,3398,7,4,2000-06-22
15193,3398,11,5,2000-04-27
15194,3398,10,5,2000-05-18
15195,3398,4,2,2000-03-09
15196,3399,9,2,2000-02-25
15197,3399,14,3,2000-04-25
15198,3399,2,1,2000-06-12
15199,3399,5,2,2000-01-21
15200,3399,3,2,2000-02-19
15201,3399,3,4,2000-06-12
15202,3399,5,2,2000-01-26
15203,3399,7,4,2000-05-01
15204,3400,5,3,2000-01-15
15205,3400,11,2,2000-01-07
15206,3400,4,5,2000-05-11
15207,3401,10,3,2000-04-26
15208,3401,10,5,2000-05-06
15209,3402,14,2,2000-06-20
15210,3402,9,2,2000-03-01
15211,3402,10,1,2000-03-11
15212,3402,3,4,2000-06-04
15213,3402,10,4,2000-04-18
15214,3402,1,4,2000-06-20
15215,3402,9,4,2000-05-27
15216,3403,11,3,2000-05-29
15217,3403,14,4,2000-04-09
15218,3403,10,3,2000-02-14
15219,3403,5,5,2000-03-24
15220,3404,12,1,2000-04-26
15221,3404,9,5,2000-05-25
15222,3405,14,5,2000-02-11
15223,3405,3,3,2000-05-20
15224,3405,13,1,2000-05-07
15225,3405,7,3,2000-04-05
15226,3406,6,1,2000-01-27
15227,3406,12,1,2000-01-04
15228,3406,14,5,2000-06-17
15229,3406,9,5,2000-03-22
15230,3406,1,1,2000-01-07
15231,3406,12,2,2000-01-11
15232,3406,12,1,2000-06-08
15233,3406,13,1,2000-01-21
15234,3407,9,1,2000-03-10
15235,3407,5,3,2000-06-16
15236,3408,1,5,2000-03-26
15237,3408,14,2,2000-02-26
15238,3408,7,4,2000-05-18
15239,3408,13,1,2000-01-28
15240,3408,2,2,2000-02-27
15241,3409,1,1,2000-03-02
15242,3409,4,4,2000-03-19
15243,3409,10,1,2000-06-11
15244,3409,7,1,2000-05-16
15245,3409,9,1,2000-05-31
15246,3409,4,3,2000-02-05
15247,3409,8,5,2000-05-02
15248,3409,10,3,2000-01-11
15249,3410,7,2,2000-04-03
15250,3410,5,4,2000-02-03
15251,3410,5,3,2000-01-26
15252,3411,4,2,2000-03-16
15253,3411,2,1,2000-06-07
15254,3411,13,5,2000-02-01
15255,3411,5,5,2000-01-08
15256,3411,1,5,2000-05-15
15257,3411,9,3,2000-05-18
15258,3412,1,3,2000-04-24
15259,3412,13,4,2000-04-19
15260,3412,13,3,2000-03-05
15261,3412,8,2,2000-03-29
15262,3412,12,2,2000-05-09
15263,3412,13,2,2000-05-12
15264,3412,8,3,2000-06-21
15265,3413,1,5,2000-04-19
15266,3413,7,3,2000-05-25
15267,3413,3,2,2000-05-25
15268,3414,4,3,2000-05-12
15269,3414,10,2,2000-05-29
15270,3415,2,2,2000-03-03
15271,3416,11,4,2000-01-25
15272,3416,12,5,2000-02-23
15273,3416,10,3,2000-04-16
15274,3416,10,5,2000-01-11
15275,3416,3,2,2000-01-25
15276,3416,13,2,2000-05-17
15277,3416,14,2,2000-01-16
15278,3416,4,5,2000-05-22
15279,3417,1,2,2000-06-12
15280,3417,10,5,2000-03-07
15281,3417,2,3,2000-01-10
15282,3418,11,5,2000-04-23
15283,3418,10,4,2000-05-22
15284,3418,6,1,2000-02-20
15285,3418,5,3,2000-03-23
15286,3418,3,5,2000-06-21
15287,3419,4,1,2000-06-22
15288,3419,8,2,2000-04-03
15289,3419,14,5,2000-06-06
15290,3420,8,5,2000-04-14
15291,3420,7,4,2000-02-23
15292,3420,3,2,2000-02-04
15293,3421,5,4,2000-02-14
15294,3421,6,1,2000-02-13
15295,3421,13,1,2000-06-20
15296,3421,3,1,2000-03-15
15297,3421,1,5,2000-02-27
15298,3422,1,4,2000-06-21
15299,3422,3,4,2000-03-29
15300,3423,9,5,2000-04-30
15301,3423,11,3,2000-06-18
15302,3423,9,5,2000-01-26
15303,3423,11,3,2000-03-06
15304,3423,7,2,2000-03-16
15305,3423,13,5,2000-06-20
15306,3423,9,5,2000-03-03
15307,3424,3,3,2000-02-03
15308,3424,1,5,2000-02-10
15309,3424,14,1,2000-03-21
15310,3425,12,2,2000-02-02
15311,3425,11,4,2000-01-25
15312,3425,2,3,2000-05-20
15313,3425,6,2,2000-04-16
15314,3426,8,3,2000-05-03
15315,3426,10,4,2000-02-24
15316,3426,2,2,2000-03-31
15317,3426,3,1,2000-02-22
15318,3427,14,2,2000-01-31
15319,3428,10,5,2000-06-09
15320,3428,14,3,2000-04-25
15321,3428,14,1,2000-03-03
15322,3428,11,5,2000-03-17
15323,3428,14,3,2000-04-20
15324,3429,10,2,2000-01-02
15325,3429,10,1,2000-06-22
15326,3429,10,3,2000-05-09
15327,3429,14,2,2000-04-30
15328,3429,9,5,2000-06-04
15329,3429,8,5,2000-05-07
15330,3429,8,1,2000-06-27
15331,3429,6,3,2000-01-10
15332,3430,6,3,2000-04-04
15333,3431,11,4,2000-02-20
15334,3432,13,2,2000-01-28
15335,3432,12,3,2000-02-18
15336,3433,13,2,2000-04-28
15337,3433,14,4,2000-05-06
15338,3434,11,1,2000-04-05
15339,3434,8,1,2000-04-07
15340,3434,13,3,2000-03-20
15341,3434,3,5,2000-05-25
15342,3434,12,1,2000-04-26
15343,3434,14,4,2000-01-25
15344,3434,1,4,2000-01-01
15345,3434,10,3,2000-01-19
15346,3435,8,5,2000-01-05
15347,3435,3,3,2000-03-19
15348,3435,2,3,2000-05-27
15349,3435,2,2,2000-03-10
15350,3435,1,4,2000-05-11
15351,3435,3,1,2000-05-26
15352,3436,12,4,2000-06-19
15353,3436,5,1,2000-05-09
15354,3436,10,5,2000-05-01
15355,3436,6,5,2000-03-31
15356,3436,2,1,2000-03-02
15357,3436,7,3,2000-04-28
15358,3436,3,4,2000-01-19
15359,3437,1,5,2000-06-21
15360,3437,8,2,2000-04-23
15361,3437,9,1,2000-05-13
15362,3437,6,5,2000-04-19
15363,3437,6,4,2000-03-23
15364,3437,2,2,2000-01-01
15365,3437,9,3,2000-05-11
15366,3437,1,2,2000-05-11
15367,3438,4,2,2000-06-11
15368,3438,5,2,2000-02-04
15369,3439,6,1,2000-01-22
15370,3439,5,5,2000-06-11
15371,3440,10,5,2000-01-14
15372,3440,5,5,2000-04-29
15373,3440,13,4,2000-05-26
15374,3440,7,5,2000-02-22
15375,3440,4,1,2000-05-25
15376,3440,6,1,2000-03-25
15377,3440,11,4,2000-01-11
15378,3441,12,4,2000-06-12
15379,3442,10,4,2000-06-03
15380,3442,11,3,2000-03-14
15381,3442,14,2,2000-01-03
15382,3442,14,3,2000-06-09
15383,3442,6,1,2000-03-07
15384,3442,13,1,2000-03-25
15385,3442,12,1,2000-04-06
15386,3442,11,5,2000-06-15
15387,3443,8,3,2000-02-20
15388,3443,5,4,2000-04-30
15389,3444,10,4,2000-01-20
15390,3444,11,5,2000-01-28
15391,3444,13,5,2000-01-11
15392,3444,13,2,2000-05-11
15393,3444,10,1,2000-06-11
15394,3444,10,1,2000-01-22
15395,3445,11,3,2000-04-11
15396,3445,14,1,2000-02-17
15397,3446,9,4,2000-03-22
15398,3446,11,2,2000-04-05
15399,3446,12,1,2000-06-24
15400,3446,13,1,2000-03-16
15401,3446,12,4,2000-04-01
15402,3447,12,1,2000-05-31
15403,3447,2,5,2000-01-10
15404,3448,2,1,2000-01-21
15405,3448,12,1,2000-06-06
15406,3448,2,2,2000-01-09
15407,3448,10,5,2000-02-07
15408,3448,10,5,2000-02-22
15409,3448,9,2,2000-03-22
15410,3448,2,5,2000-01-31
15411,3448,8,3,2000-01-22
15412,3449,3,3,2000-06-10
15413,3449,13,1,2000-05-09
15414,3449,4,1,2000-02-12
15415,3449,1,4,2000-05-28
15416,3450,11,4,2000-03-21
15417,3450,7,4,2000-03-05
15418,3450,3,5,2000-05-29
15419,3451,11,3,2000-04-27
13348,2992,12,2,2000-02-06
13349,2992,12,4,2000-04-09
13350,2992,11,4,2000-03-28
13351,2992,14,4,2000-03-27
13352,2992,11,4,2000-01-19
13353,2992,9,5,2000-01-27
13354,2993,3,1,2000-04-29
13355,2993,1,5,2000-05-22
13356,2993,1,2,2000-03-24
13357,2993,6,4,2000-02-26
13358,2993,4,5,2000-02-01
13359,2993,1,1,2000-06-26
13360,2994,1,5,2000-03-15
13361,2994,12,1,2000-05-31
13362,2994,11,2,2000-03-26
13363,2994,8,2,2000-06-17
13364,2994,4,5,2000-06-25
13365,2994,2,3,2000-04-22
13366,2995,13,1,2000-05-05
13367,2995,12,2,2000-02-05
13368,2996,5,1,2000-02-01
13369,2997,13,1,2000-05-25
13370,2997,14,2,2000-05-02
13371,2997,14,3,2000-03-08
13372,2997,6,5,2000-06-06
13373,2997,14,4,2000-06-03
13374,2997,8,2,2000-06-02
13375,2998,9,2,2000-05-15
13376,2998,7,3,2000-06-15
13377,2998,13,4,2000-05-14
13378,2998,6,2,2000-04-04
13379,2998,10,1,2000-06-14
13380,2999,4,5,2000-01-24
13381,2999,1,4,2000-04-10
13382,2999,6,4,2000-03-08
13383,3000,12,3,2000-02-28
13384,3000,1,2,2000-01-04
13385,3000,9,5,2000-01-24
13386,3000,6,3,2000-01-25
13387,3000,4,1,2000-01-11
13388,3000,8,1,2000-04-27
13389,3000,7,1,2000-04-24
13390,3001,12,5,2000-06-06
13391,3002,10,4,2000-02-21
13392,3002,9,3,2000-05-20
13393,3003,6,4,2000-01-28
13394,3003,13,3,2000-02-27
13395,3003,8,4,2000-01-22
13396,3003,12,2,2000-01-19
13397,3003,14,3,2000-04-20
13398,3003,3,5,2000-01-15
13399,3003,3,4,2000-06-06
13400,3004,5,4,2000-04-03
13401,3004,13,4,2000-05-18
13402,3004,14,5,2000-05-17
13403,3004,5,1,2000-06-26
13404,3004,10,1,2000-04-09
13405,3005,1,3,2000-06-17
13406,3005,9,4,2000-03-10
13407,3005,4,4,2000-06-27
13408,3005,11,3,2000-03-05
13409,3005,12,5,2000-05-20
13410,3005,7,3,2000-03-22
13411,3006,13,3,2000-03-17
13412,3006,3,5,2000-06-26
13413,3006,10,5,2000-02-29
13414,3006,14,5,2000-05-08
13415,3006,9,2,2000-03-31
13416,3006,11,3,2000-06-03
13417,3006,9,3,2000-06-27
13418,3007,5,4,2000-03-22
13419,3007,14,5,2000-06-14
13420,3007,5,3,2000-04-11
13421,3008,6,5,2000-02-18
13422,3008,8,1,2000-05-07
13423,3008,6,5,2000-01-28
13424,3008,12,1,2000-03-24
13425,3008,14,1,2000-03-20
13426,3008,11,2,2000-06-27
13427,3008,12,1,2000-01-20
13428,3009,14,4,2000-05-11
13429,3010,2,5,2000-03-20
13430,3010,7,5,2000-02-05
13431,3010,9,3,2000-06-27
13432,3011,11,5,2000-05-15
13433,3011,5,5,2000-04-26
13434,3011,11,3,2000-06-06
13435,3011,2,3,2000-05-12
13436,3011,10,3,2000-01-22
13437,3011,5,1,2000-02-29
13438,3011,3,2,2000-01-06
13439,3011,4,4,2000-03-11
13440,3012,1,2,2000-04-01
13441,3012,9,3,2000-06-27
13442,3012,5,5,2000-01-30
13443,3013,1,4,2000-02-12
13444,3013,10,3,2000-02-22
13445,3013,4,1,2000-05-29
13446,3013,14,3,2000-01-30
13447,3014,13,1,2000-04-24
13448,3014,9,1,2000-04-19
13449,3014,9,1,2000-01-15
13450,3014,11,5,2000-02-11
13451,3014,14,1,2000-05-26
13452,3015,2,5,2000-02-17
13453,3015,1,1,2000-06-15
13454,3015,3,2,2000-01-18
13455,3016,1,1,2000-01-12
13456,3016,8,3,2000-05-06
13457,3016,8,3,2000-02-13
13458,3016,1,3,2000-01-10
13459,3017,7,2,2000-01-24
13460,3017,12,2,2000-06-02
13461,3017,10,3,2000-03-21
13462,3017,1,1,2000-04-22
13463,3018,12,3,2000-05-12
13464,3018,5,5,2000-05-10
13465,3018,2,1,2000-01-11
13466,3018,14,4,2000-06-11
13467,3018,3,5,2000-04-02
13468,3018,11,4,2000-06-03
13469,3019,14,3,2000-06-09
13470,3019,9,3,2000-06-06
13471,3019,2,1,2000-05-13
13472,3019,2,3,2000-02-09
13473,3019,13,5,2000-06-16
13474,3019,2,1,2000-02-18
13475,3020,11,2,2000-05-20
13476,3020,7,4,2000-01-02
13477,3020,2,1,2000-02-19
13478,3020,2,3,2000-05-04
13479,3021,14,3,2000-06-27
13480,3021,6,1,2000-03-24
13481,3021,9,2,2000-05-15
13482,3021,3,1,2000-01-29
13483,3021,11,4,2000-04-13
13484,3021,9,4,2000-05-17
13485,3022,14,1,2000-01-13
13486,3022,13,1,2000-02-21
13487,3023,7,1,2000-04-22
13488,3023,7,3,2000-03-16
13489,3023,10,3,2000-04-21
13490,3023,10,4,2000-04-28
13491,3024,3,4,2000-02-23
13492,3025,11,2,2000-06-15
13493,3025,8,1,2000-02-11
13494,3026,11,5,2000-02-13
13495,3026,1,2,2000-06-20
13496,3026,9,1,2000-03-26
13497,3026,14,3,2000-04-21
13498,3026,6,4,2000-05-30
13499,3027,12,1,2000-04-15
13500,3027,2,3,2000-01-05
13501,3027,6,3,2000-02-09
13502,3027,10,2,2000-05-30
13503,3028,2,1,2000-06-25
13504,3028,10,2,2000-01-04
13505,3028,12,2,2000-04-29
13506,3028,1,5,2000-06-21
13507,3028,14,3,2000-03-05
13508,3028,2,1,2000-04-10
13509,3029,2,2,2000-01-27
13510,3030,5,2,2000-04-20
13511,3031,11,5,2000-03-25
13512,3031,13,2,2000-05-29
13513,3031,10,5,2000-03-10
13514,3031,2,5,2000-01-03
13515,3031,2,4,2000-03-15
13516,3032,7,3,2000-01-09
13517,3032,11,5,2000-06-20
13518,3033,14,5,2000-03-03
13519,3033,1,5,2000-04-16
13520,3033,1,4,2000-02-18
13521,3033,3,1,2000-01-24
13522,3033,12,4,2000-04-04
13523,3033,8,1,2000-04-21
13524,3033,5,3,2000-05-30
13525,3034,9,3,2000-04-29
13526,3034,4,1,2000-02-20
13527,3034,10,2,2000-01-21
13528,3034,5,1,2000-02-17
13529,3034,9,2,2000-06-22
13530,3034,5,5,2000-05-10
13531,3034,12,3,2000-04-22
13532,3035,11,1,2000-05-25
13533,3035,5,3,2000-05-04
13534,3035,4,1,2000-04-25
13535,3035,10,2,2000-02-02
13536,3036,7,3,2000-01-28
13537,3037,12,1,2000-05-17
13538,3037,11,2,2000-06-27
13539,3037,8,5,2000-02-01
13540,3037,3,3,2000-05-28
13541,3038,6,5,2000-02-06
13542,3038,12,3,2000-04-10
13543,3038,2,1,2000-04-21
13544,3038,6,3,2000-02-26
13545,3038,8,3,2000-03-10
13546,3038,7,1,2000-04-24
13547,3038,10,4,2000-06-19
13548,3039,11,4,2000-01-06
13549,3039,8,3,2000-04-13
13550,3039,13,2,2000-02-05
13551,3039,9,1,2000-06-02
13552,3039,11,5,2000-04-15
13553,3039,7,4,2000-06-06
13554,3039,9,1,2000-06-23
13555,3040,13,1,2000-06-26
13556,3041,4,3,2000-06-18
13557,3041,2,2,2000-06-07
13558,3042,6,1,2000-02-20
13559,3042,7,3,2000-02-29
13560,3042,3,4,2000-04-07
13561,3043,11,2,2000-05-14
13562,3043,9,5,2000-05-08
13563,3043,2,5,2000-05-02
13564,3043,3,1,2000-03-07
13565,3044,8,2,2000-03-20
13566,3044,10,1,2000-06-04
13567,3044,2,5,2000-04-08
13568,3044,7,1,2000-04-12
13569,3044,1,1,2000-02-28
13570,3045,7,1,2000-05-09
13571,3045,10,5,2000-02-27
13572,3045,1,4,2000-01-24
13573,3045,9,2,2000-03-23
13574,3045,14,4,2000-03-28
13575,3045,8,3,2000-04-22
13576,3046,5,4,2000-05-08
13577,3046,13,1,2000-01-28
13578,3047,11,4,2000-06-19
13579,3047,1,3,2000-01-31
13580,3047,12,5,2000-04-18
13581,3047,1,4,2000-05-07
13582,3047,3,5,2000-04-09
13583,3047,2,4,2000-03-21
13584,3047,9,2,2000-03-15
13585,3048,4,2,2000-03-20
13586,3048,4,3,2000-06-03
13587,3049,3,4,2000-02-02
13588,3049,13,2,2000-01-10
13589,3049,3,4,2000-02-20
13590,3049,2,1,2000-01-22
13591,3049,9,5,2000-03-06
13592,3050,11,3,2000-06-23
13593,3050,9,2,2000-04-24
13594,3050,13,5,2000-01-03
13595,3051,13,2,2000-02-06
13596,3052,6,2,2000-05-26
13597,3053,4,2,2000-03-08
13598,3053,9,4,2000-06-11
13599,3053,4,5,2000-03-20
13600,3053,12,3,2000-06-11
13601,3053,8,3,2000-06-22
13602,3054,10,5,2000-01-10
13603,3054,10,4,2000-05-18
13604,3054,1,4,2000-02-17
13605,3054,2,3,2000-02-05
13606,3054,10,2,2000-05-04
13607,3054,2,4,2000-02-27
13608,3054,2,1,2000-01-08
13609,3054,10,5,2000-01-21
13610,3055,3,2,2000-06-22
13611,3055,2,1,2000-03-27
13612,3055,8,5,2000-04-16
13613,3055,12,1,2000-06-09
13614,3055,11,3,2000-06-26
13615,3055,14,5,2000-04-09
13616,3056,1,4,2000-03-31
13617,3056,3,5,2000-06-21
13618,3057,4,4,2000-04-30
13619,3057,1,1,2000-06-09
13620,3058,8,2,2000-03-15
13621,3059,4,5,2000-04-05
13622,3059,6,5,2000-01-01
13623,3059,13,4,2000-04-19
13624,3059,8,4,2000-03-15
13625,3059,4,1,2000-02-26
13626,3060,12,2,2000-06-14
13627,3060,11,1,2000-01-05
13628,3060,14,1,2000-02-05
13629,3060,11,3,2000-01-30
13630,3060,1,3,2000-06-25
13631,3061,5,2,2000-03-06
13632,3061,13,5,2000-04-02
13633,3061,5,4,2000-05-22
13634,3061,12,1,2000-03-30
13635,3061,12,5,2000-03-14
13636,3062,2,5,2000-03-21
13637,3062,13,2,2000-06-23
13638,3062,5,5,2000-05-22
13639,3062,7,4,2000-01-29
13640,3062,2,1,2000-04-03
13641,3062,11,2,2000-05-08
13642,3063,8,4,2000-05-15
13643,3063,2,5,2000-04-27
13644,3063,1,2,2000-05-20
13645,3063,13,5,2000-03-18
13646,3063,3,2,2000-06-06
13647,3063,2,4,2000-03-26
13648,3063,13,3,2000-02-24
13649,3064,1,3,2000-01-09
13650,3064,12,2,2000-03-17
13651,3064,13,3,2000-05-01
13652,3064,13,4,2000-05-15
13653,3064,13,2,2000-04-10
13654,3064,11,2,2000-03-24
13655,3064,9,4,2000-01-20
13656,3064,1,2,2000-06-16
13657,3065,9,3,2000-03-27
13658,3065,10,4,2000-05-22
13659,3065,7,5,2000-03-09
13660,3065,7,2,2000-04-05
13661,3065,11,1,2000-02-13
13662,3065,9,5,2000-01-27
13663,3065,9,2,2000-06-17
13664,3066,3,4,2000-03-22
13665,3066,10,2,2000-03-24
13666,3066,1,5,2000-01-24
13667,3066,3,4,2000-06-26
13668,3066,12,4,2000-03-08
13669,3066,10,4,2000-04-15
13670,3067,4,3,2000-05-12
13671,3067,6,1,2000-02-17
13672,3068,12,4,2000-04-09
13673,3068,1,1,2000-03-14
13674,3068,8,1,2000-03-28
13675,3069,4,4,2000-06-05
13676,3069,14,3,2000-06-12
13677,3069,12,4,2000-03-09
13678,3069,9,1,2000-03-20
13679,3069,2,4,2000-05-02
13680,3069,2,1,2000-06-24
13681,3070,10,3,2000-06-05
13682,3070,13,4,2000-05-15
13683,3070,5,3,2000-06-28
13684,3071,4,1,2000-02-09
13685,3071,11,1,2000-04-11
13686,3071,7,4,2000-03-06
13687,3071,13,2,2000-04-06
13688,3072,13,3,2000-05-22
13689,3072,13,4,2000-06-01
13690,3072,8,2,2000-01-17
13691,3072,2,3,2000-06-07
13692,3072,5,4,2000-05-21
13693,3072,12,1,2000-05-25
13694,3073,10,3,2000-02-21
13695,3073,5,2,2000-06-19
13696,3074,10,4,2000-03-26
13697,3074,14,1,2000-01-23
13698,3074,5,2,2000-04-19
13699,3074,6,2,2000-01-30
13700,3074,8,4,2000-02-04
13701,3074,4,1,2000-01-24
13702,3074,13,2,2000-05-23
13703,3074,10,3,2000-03-08
13704,3075,7,4,2000-05-17
13705,3075,14,3,2000-04-29
13706,3075,5,4,2000-03-11
13707,3076,11,3,2000-05-04
13708,3076,12,3,2000-04-30
13709,3076,4,4,2000-04-15
13710,3077,10,5,2000-05-11
13711,3078,7,5,2000-05-16
13712,3078,1,5,2000-03-07
13713,3078,2,5,2000-01-14
13714,3079,2,1,2000-06-01
13715,3079,13,2,2000-02-05
13716,3079,5,2,2000-03-19
13717,3079,2,5,2000-01-03
13718,3079,3,5,2000-06-09
13719,3079,8,3,2000-02-07
13720,3079,5,2,2000-03-25
13721,3080,7,5,2000-01-28
13722,3080,12,2,2000-03-02
13723,3080,4,2,2000-04-06
13724,3080,5,3,2000-06-06
13725,3081,5,4,2000-05-30
13726,3081,10,2,2000-01-18
13727,3081,9,3,2000-02-25
13728,3081,14,2,2000-01-08
13729,3081,9,3,2000-03-22
13730,3082,13,3,2000-01-29
13731,3082,6,2,2000-03-27
13732,3082,2,2,2000-03-29
13733,3082,5,4,2000-06-19
13734,3083,4,3,2000-04-13
13735,3083,10,3,2000-06-08
13736,3083,10,4,2000-06-25
13737,3083,2,2,2000-06-25
13738,3083,10,4,2000-05-21
13739,3083,1,3,2000-01-12
13740,3083,14,2,2000-05-07
13741,3083,4,3,2000-04-26
13742,3084,4,3,2000-04-20
13743,3084,5,1,2000-03-20
13744,3084,2,2,2000-01-10
13745,3085,5,1,2000-06-02
13746,3085,9,4,2000-03-25
13747,3085,9,5,2000-04-03
13748,3085,9,2,2000-03-27
13749,3085,6,5,2000-04-23
13750,3085,13,1,2000-04-10
13751,3085,14,4,2000-01-18
13752,3085,13,4,2000-04-24
13753,3086,9,2,2000-01-24
13754,3086,2,3,2000-01-26
13755,3086,7,1,2000-05-15
13756,3086,13,2,2000-04-30
13757,3086,4,2,2000-01-10
13758,3086,6,5,2000-01-24
13759,3086,4,5,2000-01-14
13760,3087,10,2,2000-02-26
13761,3087,8,3,2000-04-24
13762,3087,7,5,2000-04-18
13763,3087,10,3,2000-03-08
13764,3087,7,5,2000-02-26
13765,3087,13,2,2000-04-26
13766,3087,8,1,2000-01-02
13767,3088,7,2,2000-05-28
13768,3088,6,1,2000-02-10
13769,3088,6,4,2000-06-02
13770,3089,4,5,2000-01-13
13771,3090,6,4,2000-03-02
13772,3090,2,1,2000-04-22
13773,3090,5,3,2000-06-15
13774,3090,4,2,2000-05-22
13775,3090,8,2,2000-04-22
13776,3090,11,3,2000-02-20
13777,3090,4,4,2000-06-10
13778,3090,10,2,2000-06-26
13779,3091,10,5,2000-01-18
13780,3091,8,2,2000-06-04
13781,3091,5,3,2000-03-15
13782,3092,7,5,2000-02-09
13783,3092,10,1,2000-05-22
13784,3092,8,4,2000-01-31
13785,3092,6,1,2000-04-09
13786,3092,13,5,2000-02-02
13787,3092,10,2,2000-02-25
13788,3092,11,2,2000-06-28
13789,3092,11,4,2000-06-20
13790,3093,12,1,2000-05-12
13791,3093,6,3,2000-03-22
13792,3093,11,2,2000-01-28
13793,3094,4,1,2000-03-08
13794,3094,2,1,2000-02-28
13795,3094,9,3,2000-01-31
13796,3094,2,2,2000-01-30
13797,3094,1,5,2000-01-20
13798,3094,10,4,2000-03-03
13799,3094,14,1,2000-06-04
13800,3094,9,3,2000-05-10
13801,3095,6,5,2000-05-23
13802,3096,5,5,2000-05-07
13803,3097,14,3,2000-02-16
13804,3097,14,5,2000-06-22
13805,3097,14,2,2000-04-09
13806,3097,7,5,2000-05-21
13807,3097,14,3,2000-02-25
13808,3097,5,5,2000-01-06
13809,3097,1,3,2000-03-15
13810,3098,4,3,2000-02-26
13811,3098,4,2,2000-06-19
13812,3098,13,5,2000-04-13
13813,3098,13,2,2000-04-20
13814,3099,5,2,2000-01-08
13815,3099,6,2,2000-04-05
13816,3099,11,2,2000-01-27
13817,3099,9,1,2000-02-05
13818,3099,6,5,2000-02-08
13819,3099,13,1,2000-03-11
13820,3099,1,3,2000-04-24
13821,3099,9,3,2000-05-25
13822,3100,9,1,2000-01-22
13823,3101,8,2,2000-05-18
13824,3101,10,2,2000-01-25
13825,3101,11,1,2000-06-08
13826,3101,2,4,2000-02-23
13827,3101,7,1,2000-01-15
13828,3102,5,4,2000-06-28
13829,3102,10,1,2000-03-25
13830,3102,13,3,2000-02-02
13831,3102,6,3,2000-02-26
13832,3102,9,1,2000-06-13
13833,3103,12,3,2000-03-06
13834,3103,9,2,2000-02-16
13835,3103,13,3,2000-06-16
13836,3103,2,1,2000-02-12
13837,3104,3,5,2000-03-17
13838,3104,7,1,2000-06-22
13839,3105,3,4,2000-04-29
13840,3105,2,2,2000-06-23
13841,3105,2,3,2000-01-24
13842,3105,14,1,2000-06-22
13843,3105,13,1,2000-06-24
13844,3105,14,2,2000-01-07
13845,3105,6,2,2000-05-18
13846,3106,13,1,2000-04-04
13847,3106,1,2,2000-02-07
13848,3106,4,1,2000-06-04
13849,3106,12,1,2000-06-01
13850,3106,5,2,2000-01-16
13851,3106,7,3,2000-04-12
13852,3107,4,5,2000-02-26
13853,3107,7,4,2000-04-25
13854,3107,14,4,2000-02-23
13855,3107,13,4,2000-04-02
13856,3107,8,2,2000-04-05
13857,3108,5,5,2000-06-11
13858,3108,2,3,2000-01-11
13859,3108,12,1,2000-02-08
13860,3108,11,1,2000-02-08
13861,3108,10,1,2000-01-25
13862,3108,8,2,2000-03-18
13863,3109,14,1,2000-01-24
13864,3109,3,1,2000-03-17
13865,3109,7,2,2000-01-16
13866,3109,4,3,2000-03-02
13867,3110,9,2,2000-06-08
13868,3110,2,5,2000-06-10
13869,3110,6,2,2000-02-06
13870,3110,11,5,2000-04-01
13871,3110,1,1,2000-06-25
13872,3110,9,2,2000-03-25
13873,3110,8,5,2000-02-23
13874,3110,1,1,2000-01-05
13875,3111,13,5,2000-06-27
13876,3111,8,4,2000-01-25
13877,3111,8,2,2000-04-28
13878,3111,2,4,2000-04-01
13879,3111,1,5,2000-03-01
13880,3111,3,1,2000-05-22
13881,3111,1,4,2000-02-27
13882,3112,2,5,2000-05-08
13883,3112,5,5,2000-05-25
13884,3112,9,3,2000-05-08
13885,3112,1,4,2000-02-15
13886,3112,7,5,2000-01-21
13887,3112,1,5,2000-02-24
13888,3112,10,1,2000-02-25
13889,3113,13,5,2000-05-02
13890,3113,14,1,2000-05-12
13891,3113,8,5,2000-04-11
13892,3113,4,1,2000-05-02
13893,3113,13,4,2000-05-22
13894,3113,2,2,2000-03-01
13895,3113,5,5,2000-06-10
13896,3114,4,2,2000-01-18
13897,3114,8,3,2000-04-07
13898,3114,1,3,2000-04-30
13899,3114,11,3,2000-01-06
13900,3114,3,4,2000-03-05
13901,3114,11,3,2000-02-26
13902,3114,2,1,2000-03-17
13903,3114,11,5,2000-05-07
13904,3115,8,4,2000-04-18
13905,3116,2,4,2000-04-28
13906,3116,10,1,2000-01-29
13907,3116,4,3,2000-05-03
13908,3116,3,5,2000-02-07
13909,3116,3,3,2000-03-02
13910,3117,8,3,2000-01-25
13911,3117,8,4,2000-01-16
13912,3117,12,2,2000-04-22
13913,3117,9,2,2000-03-19
13914,3117,12,1,2000-01-17
13915,3117,5,3,2000-03-23
13916,3117,3,5,2000-03-27
13917,3118,2,4,2000-02-06
13918,3118,1,2,2000-02-14
13919,3118,2,1,2000-06-10
13920,3119,11,3,2000-01-28
13921,3119,13,4,2000-06-26
13922,3119,11,5,2000-01-08
13923,3119,1,1,2000-01-05
13924,3119,7,1,2000-05-07
13925,3119,13,5,2000-03-08
13926,3119,8,3,2000-03-24
13927,3120,13,5,2000-06-02
13928,3120,6,3,2000-06-25
13929,3120,6,3,2000-02-25
13930,3120,6,3,2000-01-04
13931,3121,8,3,2000-04-27
13932,3121,1,2,2000-06-25
13933,3121,11,4,2000-06-21
13934,3121,6,3,2000-04-11
13935,3121,7,5,2000-03-17
13936,3121,12,4,2000-01-29
13937,3122,2,3,2000-03-31
13938,3122,7,5,2000-04-19
13939,3122,10,1,2000-04-24
13940,3122,12,2,2000-01-07
13941,3122,1,3,2000-01-27
13942,3122,10,2,2000-06-10
13943,3122,13,2,2000-02-15
13944,3123,7,5,2000-02-17
13945,3123,3,2,2000-01-06
13946,3123,4,4,2000-02-23
13947,3123,8,4,2000-02-17
13948,3124,9,3,2000-02-05
13949,3124,3,5,2000-05-25
13950,3124,1,4,2000-02-07
13951,3125,9,4,2000-02-04
13952,3125,2,3,2000-03-20
13953,3125,7,3,2000-01-17
13954,3125,12,4,2000-02-13
13955,3126,4,4,2000-03-07
13956,3126,2,2,2000-01-12
13957,3126,8,4,2000-01-15
13958,3126,4,1,2000-05-10
13959,3126,14,4,2000-06-06
13960,3126,14,1,2000-02-24
13961,3126,8,4,2000-06-25
13962,3127,14,2,2000-02-17
13963,3127,14,4,2000-03-22
13964,3127,6,4,2000-01-15
13965,3127,8,5,2000-01-16
13966,3127,9,2,2000-04-15
13967,3127,4,2,2000-06-02
13968,3127,12,1,2000-04-20
13969,3127,9,4,2000-04-18
13970,3128,6,2,2000-02-03
13971,3128,6,4,2000-02-28
13972,3128,7,5,2000-06-06
13973,3128,3,4,2000-04-28
13974,3129,11,1,2000-04-20
13975,3129,3,1,2000-02-21
13976,3129,3,1,2000-05-23
13977,3130,6,1,2000-06-23
13978,3130,14,4,2000-03-26
13979,3130,7,2,2000-03-04
13980,3130,10,1,2000-03-14
13981,3130,7,3,2000-01-31
13982,3130,11,5,2000-02-29
13983,3131,11,1,2000-02-13
13984,3132,6,2,2000-02-17
13985,3132,2,3,2000-05-23
13986,3132,13,1,2000-02-06
13987,3132,14,3,2000-02-18
13988,3132,3,2,2000-06-22
13989,3132,7,1,2000-03-10
13990,3132,10,3,2000-03-01
13991,3133,5,5,2000-03-26
13992,3133,3,1,2000-04-04
13993,3134,7,3,2000-02-02
13994,3134,14,3,2000-03-02
13995,3134,5,5,2000-03-31
13996,3134,11,5,2000-06-16
13997,3135,3,5,2000-03-17
13998,3135,1,3,2000-06-28
13999,3135,13,3,2000-06-01
14000,3136,10,1,2000-01-28
14001,3136,14,2,2000-02-19
14002,3136,3,2,2000-02-23
14003,3136,8,3,2000-01-20
14004,3137,1,5,2000-03-14
14005,3137,8,5,2000-05-10
14006,3137,13,2,2000-03-17
14007,3137,3,1,2000-02-18
14008,3137,6,2,2000-04-04
14009,3137,5,5,2000-01-21
14010,3138,6,1,2000-06-02
14011,3139,7,5,2000-02-16
14012,3139,14,4,2000-04-19
14013,3140,11,2,2000-01-26
14014,3140,8,5,2000-05-18
14015,3140,13,3,2000-02-09
14016,3141,1,2,2000-03-13
14017,3141,13,2,2000-03-16
14018,3141,7,3,2000-03-06
14019,3141,12,5,2000-02-21
14020,3141,12,3,2000-01-15
14021,3141,6,5,2000-01-06
14022,3142,4,1,2000-06-04
14023,3142,1,1,2000-05-24
14024,3142,12,4,2000-02-22
14025,3142,11,3,2000-04-05
14026,3143,9,4,2000-02-17
14027,3143,11,1,2000-02-18
14028,3143,11,3,2000-05-15
14029,3143,2,5,2000-03-24
14030,3143,7,3,2000-01-22
14031,3143,12,3,2000-03-16
14032,3144,5,4,2000-04-30
14033,3144,2,2,2000-03-01
14034,3144,2,1,2000-06-13
14035,3144,12,3,2000-02-13
14036,3144,6,4,2000-05-23
14037,3145,11,1,2000-03-26
14038,3146,14,1,2000-05-22
14039,3146,11,5,2000-06-16
14040,3147,2,1,2000-06-20
14041,3147,8,2,2000-03-05
14042,3147,7,1,2000-05-14
14043,3147,6,3,2000-06-09
14044,3147,8,4,2000-02-15
14045,3147,14,1,2000-03-02
14046,3147,10,2,2000-04-03
14047,3148,4,5,2000-03-22
14048,3148,9,4,2000-03-03
14049,3148,13,3,2000-05-21
14050,3148,14,1,2000-05-12
14051,3148,9,5,2000-06-03
14052,3149,9,2,2000-04-06
14053,3149,6,2,2000-01-02
14054,3149,3,1,2000-02-02
14055,3149,8,3,2000-04-29
14056,3150,1,1,2000-03-24
14057,3150,14,3,2000-04-30
14058,3150,7,1,2000-01-24
14059,3150,3,5,2000-04-21
14060,3150,13,4,2000-05-10
14061,3150,11,1,2000-03-24
14062,3150,5,4,2000-01-19
14063,3151,11,3,2000-05-07
14064,3151,6,2,2000-05-15
14065,3151,5,3,2000-01-23
14066,3152,13,1,2000-04-16
14067,3152,1,3,2000-06-06
14068,3153,12,4,2000-04-23
14069,3153,10,1,2000-02-20
14070,3154,6,3,2000-04-04
14071,3154,7,2,2000-04-23
14072,3154,14,5,2000-05-21
14073,3154,12,5,2000-04-17
14074,3154,12,1,2000-04-07
14075,3154,7,2,2000-04-09
14076,3155,9,1,2000-05-12
14077,3155,5,2,2000-01-31
14078,3156,3,5,2000-03-11
14079,3157,11,4,2000-03-12
14080,3157,8,1,2000-02-23
14081,3157,7,3,2000-02-12
14082,3157,13,3,2000-06-12
14083,3158,6,5,2000-03-02
14084,3158,10,3,2000-06-14
14085,3158,3,2,2000-04-16
14086,3158,12,2,2000-04-01
14087,3158,4,3,2000-03-28
14088,3158,12,2,2000-01-16
14089,3159,1,1,2000-02-18
14090,3159,1,5,2000-01-23
14091,3159,13,5,2000-05-24
14092,3159,6,3,2000-06-24
14093,3159,6,3,2000-03-19
14094,3159,12,5,2000-06-17
14095,3160,12,2,2000-06-28
14096,3160,2,1,2000-05-05
14097,3160,1,2,2000-03-28
14098,3160,9,3,2000-03-24
14099,3160,6,5,2000-01-09
14100,3160,2,4,2000-06-23
14101,3160,3,2,2000-05-24
14102,3160,10,3,2000-05-13
14103,3161,12,3,2000-03-08
14104,3161,11,2,2000-06-15
14105,3162,12,5,2000-05-16
14106,3162,10,5,2000-05-06
14107,3162,2,1,2000-06-19
14108,3162,13,4,2000-03-17
14109,3162,6,3,2000-05-19
14110,3162,6,1,2000-01-08
14111,3162,12,2,2000-04-30
14112,3162,2,1,2000-01-27
14113,3163,7,3,2000-04-23
14114,3163,1,1,2000-01-12
14115,3163,5,4,2000-06-21
14116,3163,3,4,2000-02-15
14117,3163,3,1,2000-02-25
14118,3163,3,2,2000-03-10
14119,3164,4,2,2000-03-04
14120,3164,13,5,2000-03-18
14121,3164,11,2,2000-01-01
14122,3164,3,1,2000-03-29
14123,3164,7,5,2000-03-23
14124,3164,1,4,2000-04-14
14125,3164,2,1,2000-02-02
14126,3165,3,1,2000-03-17
14127,3166,7,5,2000-05-08
14128,3166,10,5,2000-04-01
14129,3166,5,5,2000-05-22
14130,3166,6,2,2000-02-13
14131,3166,12,5,2000-05-01
14132,3166,4,2,2000-02-28
14133,3167,7,3,2000-06-20
14134,3167,11,1,2000-06-10
14135,3167,11,2,2000-05-27
14136,3167,8,5,2000-03-29
14137,3167,11,5,2000-05-17
14138,3167,9,5,2000-05-17
14139,3168,6,4,2000-01-28
14140,3168,7,3,2000-04-21
14141,3168,11,,2000-01-14
14142,3168,12,4,2000-06-17
14143,3168,6,4,2000-01-02
14144,3168,8,3,2000-03-29
14145,3168,13,5,2000-03-03
14146,3168,9,1,2000-06-18
14147,3169,11,4,2000-05-30
14148,3170,11,5,2000-01-05
14149,3170,2,3,2000-06-22
14150,3170,5,4,2000-05-02
14151,3170,8,5,2000-06-24
14152,3170,14,2,2000-06-21
14153,3170,3,2,2000-04-09
14154,3170,6,3,2000-04-11
14155,3171,7,4,2000-04-21
14156,3171,12,3,2000-04-15
14157,3171,6,2,2000-02-12
14158,3171,3,3,2000-02-07
14159,3171,14,4,2000-03-17
14160,3172,11,1,2000-06-06
14161,3172,11,2,2000-06-14
14162,3173,10,3,2000-02-07
14163,3173,14,1,2000-04-14
14164,3174,10,2,2000-04-27
14165,3174,12,1,2000-06-13
14166,3174,12,5,2000-05-20
14167,3174,5,2,2000-02-14
14168,3174,2,5,2000-05-23
14169,3174,11,1,2000-04-12
14170,3174,5,1,2000-03-05
14171,3174,14,2,2000-04-28
14172,3175,14,1,2000-04-15
14173,3176,14,1,2000-05-15
14174,3176,14,3,2000-03-09
14175,3176,7,3,2000-02-23
14176,3176,12,1,2000-04-25
14177,3177,11,1,2000-02-19
14178,3177,7,2,2000-06-05
14179,3177,12,5,2000-06-25
14180,3177,6,4,2000-02-01
14181,3178,3,4,2000-04-22
14182,3178,6,1,2000-04-15
14183,3178,5,1,2000-05-09
14184,3178,7,5,2000-02-28
14185,3178,11,3,2000-04-24
14186,3178,4,4,2000-05-15
14187,3179,12,3,2000-05-07
14188,3179,8,2,2000-06-23
14189,3179,5,5,2000-06-17
14190,3179,1,5,2000-05-15
14191,3179,11,5,2000-05-29
14192,3179,3,4,2000-02-08
14193,3180,5,2,2000-02-19
14194,3180,13,3,2000-02-11
14195,3181,2,2,2000-03-25
14196,3181,1,3,2000-03-08
14197,3181,14,5,2000-01-24
14198,3182,7,4,2000-03-30
14199,3182,3,1,2000-04-15
14200,3182,8,4,2000-03-05
14201,3183,10,4,2000-01-25
14202,3183,11,4,2000-01-31
14203,3183,1,3,2000-02-27
14204,3183,2,1,2000-04-06
14205,3184,13,2,2000-02-17
14206,3184,13,3,2000-03-31
14207,3184,8,2,2000-04-11
14208,3184,10,5,2000-04-18
14209,3185,3,3,2000-05-27
14210,3185,5,5,2000-05-16
14211,3186,10,1,2000-02-23
14212,3186,4,1,2000-01-16
14213,3186,12,4,2000-04-20
14214,3186,3,4,2000-04-22
14215,3186,4,1,2000-04-14
14216,3186,6,1,2000-03-15
14217,3186,10,5,2000-06-23
14218,3186,4,2,2000-04-07
14219,3187,4,1,2000-04-07
14220,3187,12,3,2000-05-03
14221,3187,5,3,2000-03-03
14222,3187,14,5,2000-03-03
14223,3188,2,2,2000-05-21
14224,3188,13,1,2000-04-22
14225,3188,13,2,2000-05-18
14226,3188,14,5,2000-05-17
14227,3188,2,1,2000-06-19
14228,3188,13,4,2000-03-04
14229,3188,9,1,2000-02-27
14230,3188,10,3,2000-03-28
14231,3189,4,3,2000-03-13
14232,3189,11,4,2000-06-10
14233,3189,14,4,2000-03-22
14234,3189,11,3,2000-06-26
14235,3189,14,2,2000-03-12
14236,3189,5,3,2000-04-25
14237,3189,7,5,2000-05-29
14238,3189,5,3,2000-02-16
14239,3190,14,3,2000-06-25
14240,3191,7,4,2000-01-14
14241,3191,12,2,2000-06-10
14242,3191,1,1,2000-01-17
14243,3192,8,4,2000-04-14
14244,3193,12,1,2000-04-20
14245,3193,4,5,2000-04-04
14246,3194,9,1,2000-04-29
14247,3194,8,3,2000-02-04
14248,3194,5,2,2000-02-22
14249,3194,10,3,2000-02-22
14250,3194,11,2,2000-03-31
14251,3194,13,3,2000-02-27
14252,3194,6,1,2000-04-21
14253,3195,8,5,2000-03-01
14254,3195,5,2,2000-01-23
14255,3195,4,5,2000-02-18
14256,3195,1,1,2000-06-14
14257,3195,6,4,2000-05-28
14258,3195,6,5,2000-05-27
14259,3195,11,2,2000-03-29
14260,3195,7,2,2000-06-11
14261,3196,14,3,2000-03-22
14262,3196,7,1,2000-04-02
14263,3196,7,5,2000-06-14
14264,3196,6,1,2000-03-01
14265,3196,5,3,2000-03-31
14266,3197,11,3,2000-04-29
14267,3197,8,2,2000-04-09
14268,3197,12,2,2000-01-04
14269,3197,7,2,2000-03-16
14270,3197,14,4,2000-03-21
14271,3197,3,3,2000-06-01
14272,3198,3,3,2000-03-27
14273,3198,7,3,2000-06-20
14274,3198,4,4,2000-06-15
14275,3198,13,4,2000-04-03
14276,3198,10,2,2000-01-09
14277,3198,11,5,2000-02-10
14278,3198,9,4,2000-06-05
14279,3199,6,4,2000-05-31
14280,3199,6,2,2000-02-11
14281,3200,1,3,2000-03-05
14282,3200,6,1,2000-02-20
14283,3200,2,4,2000-04-24
14284,3200,6,5,2000-04-21
14285,3200,5,2,2000-03-31
14286,3200,6,4,2000-01-05
14287,3201,4,2,2000-03-15
14288,3201,13,1,2000-04-21
14289,3201,4,3,2000-03-13
14290,3201,3,4,2000-01-01
14291,3201,8,2,2000-03-30
14292,3201,9,5,2000-05-26
14293,3201,11,5,2000-05-21
14294,3201,14,3,2000-05-02
14295,3202,3,3,2000-06-23
14296,3202,14,1,2000-05-25
14297,3202,13,5,2000-02-25
14298,3202,13,5,2000-01-23
14299,3202,4,4,2000-05-25
14300,3202,7,1,2000-05-15
14301,3203,1,2,2000-05-23
14302,3203,11,1,2000-04-30
14303,3203,4,2,2000-04-20
14304,3203,10,5,2000-06-16
14305,3203,2,2,2000-06-18
14306,3204,8,4,2000-06-12
14307,3204,4,3,2000-05-03
14308,3205,3,5,2000-01-25
14309,3205,7,3,2000-05-31
14310,3205,2,1,2000-05-15
14311,3205,11,2,2000-03-22
14312,3205,8,4,2000-05-09
14313,3206,1,2,2000-06-17
14314,3206,4,3,2000-04-16
14315,3207,12,2,2000-03-26
14316,3207,3,1,2000-03-30
14317,3207,9,1,2000-02-13
14318,3208,7,2,2000-05-30
14319,3208,12,4,2000-03-28
14320,3209,13,3,2000-06-17
14321,3209,4,4,2000-06-19
14322,3209,7,3,2000-03-29
14323,3209,1,1,2000-02-09
14324,3209,3,1,2000-02-23
14325,3209,8,5,2000-05-26
14326,3210,4,1,2000-03-14
14327,3210,9,3,2000-01-10
14328,3210,2,4,2000-04-24
14329,3210,2,5,2000-06-09
14330,3210,4,1,2000-03-11
14331,3210,11,4,2000-04-19
14332,3210,10,1,2000-06-04
14333,3211,1,5,2000-03-23
14334,3211,3,1,2000-03-07
14335,3211,14,3,2000-06-06
14336,3211,10,4,2000-02-14
14337,3212,3,1,2000-02-28
14338,3212,5,4,2000-02-15
14339,3212,9,3,2000-04-07
14340,3212,6,2,2000-01-17
14341,3212,2,2,2000-05-17
14342,3212,2,4,2000-01-30
14343,3212,9,5,2000-04-14
14344,3213,11,2,2000-03-18
14345,3214,1,1,2000-05-26
14346,3214,12,2,2000-02-12
14347,3214,8,2,2000-02-09
14348,3215,10,1,2000-06-27
14349,3215,14,3,2000-05-03
14350,3216,4,5,2000-01-29
14351,3217,10,5,2000-06-09
14352,3217,4,5,2000-05-21
14353,3217,6,3,2000-03-20
14354,3217,5,4,2000-01-08
14355,3218,10,1,2000-05-29
14356,3218,9,3,2000-01-07
14357,3219,6,5,2000-02-28
14358,3220,12,4,2000-03-20
14359,3220,9,1,2000-02-24
14360,3220,6,2,2000-03-05
14361,3220,14,3,2000-02-23
14362,3220,7,2,2000-04-07
14363,3221,1,3,2000-05-18
14364,3221,13,1,2000-02-29
14365,3221,11,4,2000-05-05
14366,3221,2,4,2000-05-28
14367,3221,7,4,2000-03-03
14368,3221,3,3,2000-06-19
14369,3221,9,1,2000-01-16
14370,3221,10,1,2000-05-15
14371,3222,14,4,2000-03-21
14372,3222,5,3,2000-04-11
14373,3222,6,4,2000-04-27
14374,3222,11,4,2000-02-15
14375,3223,4,4,2000-03-17
14376,3223,6,3,2000-02-15
14377,3223,11,4,2000-05-22
14378,3223,5,1,2000-01-18
14379,3223,2,2,2000-04-23
14380,3224,8,3,2000-05-27
14381,3224,9,4,2000-05-16
14382,3224,8,4,2000-03-18
14383,3224,10,5,2000-02-03
14384,3224,11,4,2000-05-23
14385,3224,14,4,2000-03-09
14386,3224,7,1,2000-06-27
14387,3225,5,4,2000-03-08
14388,3225,8,3,2000-02-01
14389,3225,3,4,2000-03-04
14390,3225,2,1,2000-06-04
14391,3225,14,1,2000-03-29
14392,3226,7,5,2000-05-07
14393,3226,12,2,2000-04-14
14394,3226,10,4,2000-05-15
14395,3226,12,4,2000-03-31
14396,3226,3,1,2000-01-17
14397,3226,13,3,2000-04-09
14398,3227,2,2,2000-01-25
14399,3228,10,5,2000-06-13
14400,3228,4,5,2000-02-17
14401,3228,13,1,2000-05-11
14402,3228,9,1,2000-05-21
14403,3229,3,5,2000-04-26
14404,3229,12,3,2000-04-29
14405,3229,14,5,2000-03-17
14406,3229,12,3,2000-04-03
14407,3230,2,4,2000-05-30
14408,3230,6,1,2000-02-19
14409,3230,8,4,2000-05-03
14410,3230,5,3,2000-01-23
14411,3230,1,3,2000-06-04
14412,3230,9,5,2000-04-25
14413,3230,4,5,2000-01-24
14414,3230,3,4,2000-06-13
14415,3231,4,5,2000-01-11
14416,3231,1,1,2000-02-24
14417,3231,8,1,2000-05-18
14418,3231,1,2,2000-02-16
14419,3231,10,4,2000-05-23
14420,3232,13,5,2000-02-21
14421,3232,5,1,2000-02-06
14422,3232,7,1,2000-01-16
14423,3233,2,3,2000-01-05
14424,3234,10,3,2000-04-23
14425,3234,4,5,2000-05-27
14426,3234,4,5,2000-02-18
14427,3234,3,4,2000-03-14
14428,3234,6,2,2000-01-06
14429,3234,14,3,2000-05-30
14430,3234,6,2,2000-02-09
14431,3234,7,5,2000-04-14
14432,3235,11,4,2000-01-21
14433,3235,8,1,2000-02-19
14434,3235,4,5,2000-02-25
14435,3235,11,4,2000-02-20
14436,3235,9,1,2000-06-20
14437,3235,3,1,2000-02-19
14438,3235,7,2,2000-05-20
14439,3236,2,2,2000-02-22
14440,3236,3,3,2000-05-21
14441,3236,2,2,2000-02-28
14442,3236,8,3,2000-03-05
14443,3237,9,1,2000-03-26
14444,3238,14,3,2000-01-13
14445,3238,8,2,2000-02-14
14446,3239,9,2,2000-05-05
14447,3239,11,1,2000-03-01
14448,3239,14,3,2000-02-27
14449,3239,14,3,2000-01-24
14450,3240,10,2,2000-02-28
14451,3240,13,4,2000-06-16
14452,3240,1,5,2000-03-15
14453,3240,7,5,2000-03-22
14454,3241,1,3,2000-05-31
14455,3241,5,1,2000-06-22
14456,3241,7,5,2000-02-17
14457,3241,3,4,2000-01-19
14458,3241,9,5,2000-03-14
14459,3241,9,3,2000-03-28
14460,3241,6,4,2000-06-27
14461,3242,12,2,2000-01-23
14462,3242,9,3,2000-05-31
14463,3242,3,3,2000-03-30
14464,3242,6,1,2000-01-25
14465,3242,11,2,2000-02-14
14466,3242,6,4,2000-06-01
14467,3242,6,2,2000-03-09
14468,3242,4,3,2000-03-22
14469,3243,10,2,2000-04-29
14470,3243,14,4,2000-02-05
14471,3243,9,2,2000-06-14
14472,3243,1,1,2000-02-21
14473,3243,3,5,2000-04-10
14474,3244,11,2,2000-06-13
14475,3244,4,2,2000-03-11
14476,3244,1,2,2000-04-29
14477,3244,10,3,2000-02-27
14478,3244,6,3,2000-05-06
14479,3244,8,4,2000-06-28
14480,3244,13,2,2000-04-15
14481,3244,8,5,2000-03-31
14482,3245,8,2,2000-02-17
14483,3245,3,3,2000-03-31
14484,3245,11,2,2000-01-11
14485,3245,9,4,2000-06-17
14486,3246,10,3,2000-02-04
14487,3246,4,4,2000-01-01
14488,3246,10,2,2000-06-21
14489,3246,5,3,2000-04-06
14490,3246,11,4,2000-04-13
14491,3246,14,4,2000-01-20
14492,3246,7,1,2000-05-17
14493,3247,9,3,2000-05-15
14494,3247,7,2,2000-04-13
14495,3247,8,5,2000-06-21
14496,3247,5,4,2000-04-29
14497,3247,7,3,2000-05-04
14498,3248,11,4,2000-04-01
14499,3248,10,1,2000-06-02
14500,3248,13,4,2000-04-22
14501,3248,1,1,2000-02-24
14502,3248,13,2,2000-02-12
14503,3248,14,3,2000-03-27
14504,3249,14,2,2000-03-24
14505,3249,3,3,2000-02-15
14506,3249,11,4,2000-06-24
14507,3249,10,4,2000-06-20
14508,3249,14,5,2000-06-21
14509,3249,8,3,2000-02-27
14510,3249,12,1,2000-05-02
14511,3250,9,4,2000-01-27
14512,3251,5,2,2000-04-06
14513,3251,9,3,2000-03-20
14514,3251,12,3,2000-05-10
14515,3251,7,3,2000-01-22
14516,3251,7,5,2000-01-28
14517,3252,14,1,2000-05-16
14518,3252,13,1,2000-04-05
14519,3252,4,3,2000-03-25
14520,3252,7,2,2000-02-15
14521,3252,2,1,2000-02-12
14522,3252,11,1,2000-02-15
14523,3252,13,4,2000-01-12
14524,3253,5,1,2000-01-18
14525,3253,8,4,2000-05-30
14526,3253,12,2,2000-05-31
14527,3253,12,1,2000-03-12
14528,3253,10,5,2000-05-12
14529,3254,5,1,2000-02-01
14530,3254,12,1,2000-06-25
14531,3254,8,2,2000-04-03
14532,3255,4,3,2000-03-13
14533,3255,3,3,2000-02-02
14534,3255,4,4,2000-05-08
14535,3255,13,3,2000-03-09
14536,3255,4,4,2000-02-10
14537,3255,5,2,2000-02-20
14538,3255,2,4,2000-05-25
14539,3256,7,4,2000-06-05
14540,3256,8,4,2000-03-15
14541,3257,9,4,2000-06-26
14542,3257,13,2,2000-02-05
14543,3257,3,4,2000-01-08
14544,3257,3,1,2000-02-27
14545,3257,8,3,2000-01-04
14546,3258,4,2,2000-06-17
14547,3258,12,5,2000-02-22
14548,3258,5,5,2000-01-19
14549,3258,11,1,2000-02-21
14550,3258,11,3,2000-04-13
14551,3258,6,1,2000-03-03
14552,3258,14,1,2000-06-13
14553,3258,4,1,2000-03-03
14554,3259,4,1,2000-06-27
14555,3259,9,2,2000-04-01
14556,3259,12,1,2000-05-04
14557,3259,8,2,2000-02-14
14558,3259,11,3,2000-06-06
14559,3260,10,1,2000-03-09
14560,3260,13,2,2000-01-16
14561,3260,11,3,2000-05-18
14562,3260,5,5,2000-04-05
14563,3261,13,4,2000-01-14
14564,3261,10,2,2000-01-27
14565,3261,12,5,2000-04-08
14566,3261,14,2,2000-05-15
14567,3261,10,2,2000-04-30
14568,3261,14,2,2000-05-02
14569,3262,4,2,2000-04-06
14570,3262,13,4,2000-05-18
14571,3262,10,2,2000-02-16
14572,3262,6,3,2000-03-24
14573,3262,2,2,2000-05-28
14574,3262,3,3,2000-04-30
14575,3263,13,1,2000-01-14
14576,3263,12,3,2000-05-17
14577,3264,1,5,2000-05-27
14578,3264,13,2,2000-05-05
14579,3264,5,3,2000-03-14
14580,3264,10,2,2000-05-16
14581,3264,4,2,2000-01-28
14582,3265,14,5,2000-03-09
14583,3265,6,5,2000-02-14
14584,3266,10,1,2000-06-09
14585,3267,14,5,2000-01-03
14586,3267,7,3,2000-03-19
14587,3267,12,5,2000-06-28
14588,3267,10,3,2000-02-05
14589,3267,3,5,2000-04-21
14590,3268,8,2,2000-05-13
14591,3268,3,2,2000-04-22
14592,3268,12,1,2000-01-30
14593,3268,4,4,2000-01-15
14594,3268,4,3,2000-01-01
14595,3268,9,3,2000-01-21
14596,3269,12,1,2000-05-05
14597,3269,13,3,2000-06-15
14598,3269,14,3,2000-05-27
14599,3270,6,2,2000-01-06
14600,3271,11,3,2000-01-23
14601,3271,13,2,2000-06-17
14602,3271,13,1,2000-02-20
14603,3272,11,5,2000-04-20
14604,3273,10,2,2000-03-27
14605,3273,1,5,2000-01-21
14606,3273,11,4,2000-02-27
14607,3274,14,1,2000-05-20
14608,3275,6,5,2000-03-16
14609,3275,8,2,2000-06-18
14610,3275,6,2,2000-03-10
14611,3276,9,2,2000-05-17
14612,3276,3,5,2000-03-18
14613,3276,9,3,2000-02-18
14614,3277,11,4,2000-02-27
14615,3277,11,1,2000-03-18
14616,3278,5,2,2000-03-02
14617,3278,3,4,2000-03-14
14618,3278,12,2,2000-02-23
14619,3278,11,1,2000-03-26
14620,3278,14,2,2000-02-09
14621,3279,7,2,2000-03-05
14622,3279,9,5,2000-03-03
14623,3279,6,3,2000-06-27
14624,3279,2,3,2000-01-22
14625,3279,4,4,2000-02-06
14626,3279,3,1,2000-05-26
14627,3279,3,5,2000-01-21
14628,3279,10,5,2000-02-29
14629,3280,11,4,2000-01-18
14630,3280,11,3,2000-05-07
14631,3280,1,5,2000-05-21
14632,3280,14,2,2000-01-14
14633,3280,1,3,2000-03-13
14634,3281,12,1,2000-06-01
14635,3281,4,1,2000-05-30
14636,3281,4,3,2000-05-24
14637,3281,4,5,2000-06-07
14638,3281,8,2,2000-02-07
14639,3281,7,3,2000-05-30
14640,3282,10,5,2000-04-06
14641,3282,12,2,2000-01-02
14642,3282,10,1,2000-06-24
14643,3282,10,4,2000-04-05
14644,3282,9,1,2000-06-05
14645,3282,4,4,2000-05-21
14646,3282,9,1,2000-01-18
14647,3282,14,5,2000-05-22
14648,3283,1,2,2000-04-22
14649,3283,14,1,2000-05-08
14650,3283,11,2,2000-03-06
14651,3283,3,2,2000-02-21
14652,3283,13,3,2000-02-27
14653,3283,10,1,2000-04-24
14654,3283,12,2,2000-03-13
14655,3283,12,1,2000-03-24
14656,3284,4,5,2000-05-23
14657,3284,2,5,2000-05-18
14658,3284,10,3,2000-06-23
14659,3284,4,3,2000-03-21
14660,3284,11,1,2000-05-20
14661,3284,14,3,2000-01-20
14662,3285,2,4,2000-04-06
14663,3285,12,2,2000-06-13
14664,3285,11,2,2000-02-13
14665,3285,13,3,2000-06-06
14666,3285,2,1,2000-01-09
14667,3286,6,4,2000-02-06
14668,3286,12,2,2000-05-09
14669,3286,1,2,2000-06-17
14670,3286,1,1,2000-02-10
14671,3286,9,4,2000-01-09
14672,3286,7,4,2000-01-13
14673,3286,7,5,2000-01-26
14674,3286,1,1,2000-06-28
14675,3287,6,3,2000-05-19
14676,3287,7,1,2000-02-21
14677,3287,9,3,2000-01-27
14678,3287,9,5,2000-05-13
14679,3287,14,1,2000-06-04
14680,3287,1,5,2000-02-25
14681,3287,9,4,2000-01-23
14682,3287,2,4,2000-04-02
14683,3288,1,2,2000-01-28
14684,3288,14,2,2000-01-02
14685,3288,8,4,2000-03-10
14686,3289,9,3,2000-03-24
14687,3289,13,5,2000-02-03
14688,3289,6,2,2000-05-15
14689,3289,3,5,2000-06-15
14690,3289,10,2,2000-01-08
14691,3289,6,4,2000-03-08
14692,3290,10,1,2000-02-13
14693,3290,12,4,2000-02-19
14694,3291,7,4,2000-05-14
14695,3292,7,5,2000-01-03
14696,3292,7,2,2000-04-07
14697,3293,12,5,2000-02-26
14698,3293,9,2,2000-04-06
14699,3293,6,1,2000-03-09
14700,3293,2,2,2000-03-23
14701,3293,6,5,2000-05-31
14702,3294,6,1,2000-01-16
14703,3294,10,1,2000-03-09
14704,3294,1,2,2000-04-29
14705,3294,14,3,2000-01-01
14706,3295,3,5,2000-04-11
14707,3296,2,3,2000-03-23
14708,3296,13,4,2000-03-04
14709,3297,6,5,2000-01-09
14710,3297,14,2,2000-04-21
14711,3297,1,4,2000-05-30
14712,3297,5,3,2000-01-30
14713,3298,14,1,2000-06-04
14714,3298,2,5,2000-05-04
14715,3298,14,5,2000-02-05
14716,3298,6,2,2000-05-15
14717,3298,11,1,2000-02-26
14718,3298,2,3,2000-06-14
14719,3298,4,4,2000-03-19
14720,3299,9,1,2000-02-12
14721,3299,13,4,2000-02-26
14722,3300,6,3,2000-02-03
14723,3300,11,3,2000-01-10
14724,3300,1,4,2000-03-03
14725,3301,6,2,2000-02-01
14726,3302,2,1,2000-01-22
14727,3302,7,3,2000-03-01
14728,3302,12,3,2000-01-18
14729,3302,1,4,2000-05-04
14730,3302,10,1,2000-01-11
14731,3302,8,3,2000-03-20
14732,3302,7,2,2000-02-08
14733,3302,13,4,2000-06-17
14734,3303,4,5,2000-03-01
14735,3303,13,4,2000-06-15
14736,3303,1,3,2000-05-03
14737,3304,8,3,2000-05-14
14738,3304,5,3,2000-03-08
14739,3304,3,5,2000-03-17
14740,3304,13,3,2000-02-02
14741,3304,14,3,2000-03-20
14742,3304,10,2,2000-03-15
14743,3304,11,3,2000-04-02
14744,3305,5,4,2000-01-29
14745,3305,8,2,2000-01-29
14746,3305,6,5,2000-06-14
14747,3306,12,1,2000-06-15
14748,3306,5,1,2000-06-23
14749,3306,14,3,2000-06-07
14750,3306,6,4,2000-06-23
14751,3306,10,1,2000-04-21
14752,3306,3,2,2000-02-08
14753,3307,1,2,2000-01-21
14754,3308,14,5,2000-01-26
14755,3308,1,2,2000-04-04
14756,3309,5,4,2000-02-05
14757,3309,5,5,2000-04-27
14758,3309,14,3,2000-05-15
14759,3309,12,2,2000-05-19
14760,3310,1,4,2000-02-11
14761,3310,13,2,2000-06-28
14762,3310,12,3,2000-03-18
14763,3310,1,5,2000-05-31
14764,3310,3,2,2000-01-25
14765,3310,8,3,2000-02-26
14766,3310,3,5,2000-03-04
14767,3311,9,1,2000-06-15
14768,3311,5,1,2000-02-04
14769,3311,14,4,2000-01-11
14770,3312,5,3,2000-05-06
14771,3312,5,4,2000-03-16
14772,3312,3,3,2000-03-02
14773,3312,5,3,2000-04-11
14774,3312,9,1,2000-01-27
14775,3312,10,1,2000-03-08
14776,3312,11,1,2000-03-24
14777,3312,8,2,2000-02-15
14778,3313,11,5,2000-02-25
14779,3314,14,2,2000-02-11
14780,3314,3,3,2000-01-05
14781,3314,10,1,2000-02-27
14782,3314,12,2,2000-04-26
14783,3314,4,1,2000-02-25
14784,3315,2,5,2000-03-03
14785,3315,4,1,2000-01-03
14786,3315,8,1,2000-02-08
14787,3315,5,3,2000-05-10
14788,3315,12,2,2000-02-29
14789,3315,10,3,2000-05-28
14790,3315,13,4,2000-01-15
14791,3316,5,2,2000-06-03
14792,3316,7,3,2000-03-24
14793,3316,9,2,2000-02-10
14794,3316,3,2,2000-04-07
14795,3316,12,4,2000-03-15
14796,3316,8,4,2000-02-27
14797,3316,10,4,2000-06-01
14798,3316,11,5,2000-02-28
14799,3317,4,1,2000-05-15
14800,3317,8,5,2000-06-20
14801,3318,8,1,2000-01-24
14802,3318,8,1,2000-03-13
14803,3318,9,3,2000-01-12
14804,3318,7,1,2000-06-03
14805,3318,12,3,2000-06-12
14806,3318,11,1,2000-01-30
14807,3319,7,2,2000-03-31
14808,3319,5,1,2000-03-24
14809,3319,2,5,2000-03-14
14810,3319,9,2,2000-01-08
14811,3319,12,3,2000-03-15
14812,3320,13,4,2000-02-16
14813,3320,12,1,2000-04-23
14814,3320,13,4,2000-05-29
14815,3320,4,3,2000-02-03
14816,3320,2,1,2000-01-01
14817,3320,4,5,2000-02-09
14818,3321,10,2,2000-02-23
14819,3321,13,5,2000-03-27
14820,3321,7,3,2000-05-16
14821,3321,10,5,2000-01-12
14822,3321,1,4,2000-06-03
14823,3321,3,5,2000-05-15
14824,3322,1,1,2000-04-05
14825,3323,11,3,2000-03-13
14826,3323,5,3,2000-03-06
14827,3323,14,1,2000-03-13
14828,3323,5,5,2000-05-27
14829,3324,10,3,2000-01-29
14830,3324,9,2,2000-02-21
14831,3325,3,3,2000-06-15
14832,3325,14,4,2000-03-17
14833,3325,11,1,2000-05-01
14834,3326,11,3,2000-06-09
14835,3327,2,2,2000-06-08
14836,3327,9,3,2000-02-07
14837,3327,14,4,2000-02-12
14838,3328,7,4,2000-01-25
14839,3328,12,2,2000-04-26
14840,3328,10,1,2000-05-12
14841,3328,5,1,2000-06-11
14842,3328,12,2,2000-03-08
14843,3329,5,3,2000-01-27
14844,3329,5,4,2000-06-16
14845,3329,6,4,2000-04-13
14846,3329,11,3,2000-02-05
14847,3329,6,2,2000-01-19
14848,3330,1,3,2000-02-14
14849,3330,10,3,2000-03-20
14850,3330,2,5,2000-06-03
14851,3330,1,2,2000-03-30
14852,3330,1,2,2000-06-15
14853,3330,2,1,2000-01-04
14854,3330,2,1,2000-02-01
14855,3330,13,1,2000-02-19
14856,3331,14,5,2000-03-05
14857,3331,7,4,2000-04-12
14858,3331,7,1,2000-06-20
14859,3331,4,3,2000-03-18
14860,3331,7,2,2000-04-24
14861,3331,14,4,2000-04-27
14862,3331,13,1,2000-01-19
14863,3332,14,2,2000-01-20
14864,3332,4,1,2000-05-21
14865,3332,2,3,2000-06-14
14866,3333,6,4,2000-02-04
14867,3333,2,1,2000-02-22
14868,3333,6,2,2000-02-29
14869,3333,4,4,2000-04-12
14870,3333,4,1,2000-01-12
14871,3334,5,3,2000-02-04
14872,3334,11,3,2000-01-11
14873,3334,3,3,2000-01-05
14874,3334,7,4,2000-04-27
14875,3335,10,2,2000-04-01
14876,3335,4,2,2000-02-20
14877,3335,13,2,2000-05-03
14878,3335,4,5,2000-02-20
14879,3335,8,1,2000-01-06
14880,3335,14,2,2000-06-01
14881,3335,11,2,2000-06-14
14882,3336,11,1,2000-06-18
14883,3336,8,2,2000-03-12
14884,3336,1,5,2000-05-13
14885,3337,4,1,2000-04-15
14886,3337,2,1,2000-03-22
14887,3337,5,1,2000-06-06
14888,3337,4,2,2000-01-16
14889,3337,2,4,2000-05-17
14890,3338,10,5,2000-03-18
14891,3338,11,4,2000-04-03
14892,3338,14,4,2000-05-10
14893,3338,2,3,2000-03-27
14894,3338,2,4,2000-03-20
14895,3338,11,1,2000-01-18
14896,3339,10,4,2000-06-12
14897,3339,9,4,2000-04-18
14898,3340,8,5,2000-06-06
14899,3340,8,3,2000-04-14
14900,3340,13,3,2000-04-16
14901,3340,11,3,2000-02-06
16456,3673,9,3,2000-06-18
16457,3673,13,1,2000-04-19
16458,3674,13,4,2000-02-03
16459,3674,13,2,2000-06-03
16460,3674,1,2,2000-04-07
16461,3675,3,4,2000-05-17
16462,3675,6,5,2000-02-07
16463,3675,3,1,2000-05-04
16464,3675,9,5,2000-05-20
16465,3675,8,4,2000-02-10
16466,3676,3,3,2000-02-12
16467,3677,14,2,2000-05-05
16468,3677,13,2,2000-03-06
16469,3677,6,2,2000-06-15
16470,3678,9,2,2000-06-01
16471,3678,10,1,2000-01-14
16472,3678,6,5,2000-04-14
16473,3678,13,3,2000-04-09
16474,3678,8,2,2000-03-14
16475,3678,13,1,2000-06-21
16476,3679,14,5,2000-03-26
16477,3679,13,3,2000-01-17
16478,3679,10,3,2000-02-01
16479,3679,9,3,2000-01-31
16480,3679,12,4,2000-04-23
16481,3679,6,3,2000-02-24
16482,3679,12,4,2000-02-03
16483,3679,10,4,2000-06-02
16484,3680,7,1,2000-01-29
16485,3680,9,4,2000-04-05
16486,3680,5,5,2000-05-11
16487,3680,11,5,2000-06-15
16488,3680,6,3,2000-06-15
16489,3681,4,1,2000-03-18
16490,3681,4,1,2000-03-10
16491,3681,14,1,2000-04-15
16492,3681,5,3,2000-01-23
16493,3682,8,1,2000-03-26
16494,3682,4,2,2000-01-04
16495,3682,5,1,2000-03-16
16496,3682,11,1,2000-04-16
16497,3682,11,1,2000-03-05
16498,3682,6,1,2000-02-09
16499,3682,14,4,2000-05-14
16500,3682,3,1,2000-04-22
16501,3683,9,4,2000-04-25
16502,3684,6,3,2000-06-27
16503,3684,8,2,2000-02-21
16504,3684,7,1,2000-01-25
16505,3684,4,5,2000-02-17
16506,3684,11,5,2000-05-13
16507,3685,5,2,2000-02-24
16508,3685,1,2,2000-03-04
16509,3685,9,3,2000-05-20
16510,3685,9,5,2000-06-04
16511,3685,2,5,2000-05-14
16512,3685,1,4,2000-04-03
16513,3685,2,3,2000-03-16
16514,3686,3,4,2000-03-31
16515,3687,8,1,2000-01-26
16516,3687,14,3,2000-02-01
16517,3687,9,5,2000-02-26
16518,3688,4,1,2000-02-06
16519,3688,4,3,2000-01-30
16520,3688,13,2,2000-01-09
16521,3688,1,2,2000-04-15
16522,3688,3,3,2000-04-19
16523,3688,2,1,2000-02-02
16524,3689,4,1,2000-04-27
16525,3689,14,5,2000-01-01
16526,3689,2,1,2000-03-10
16527,3689,1,4,2000-02-06
16528,3689,1,2,2000-01-10
16529,3689,5,2,2000-03-29
16530,3689,1,5,2000-01-08
16531,3690,8,5,2000-01-07
16532,3690,4,5,2000-03-16
16533,3690,2,5,2000-05-07
16534,3691,4,2,2000-02-27
16535,3691,9,5,2000-04-04
16536,3691,4,2,2000-03-12
16537,3691,4,3,2000-03-06
16538,3692,4,2,2000-02-25
16539,3692,6,4,2000-02-15
16540,3692,14,4,2000-02-27
16541,3692,1,2,2000-02-02
16542,3692,6,5,2000-04-01
16543,3693,14,1,2000-01-09
16544,3693,7,2,2000-05-25
16545,3693,8,4,2000-03-30
16546,3693,2,2,2000-03-12
16547,3693,1,4,2000-01-21
16548,3693,7,4,2000-03-11
16549,3694,1,1,2000-06-23
16550,3694,8,4,2000-03-11
16551,3694,13,4,2000-05-17
16552,3694,1,1,2000-06-28
16553,3695,9,1,2000-06-18
16554,3695,12,3,2000-01-10
16555,3695,8,3,2000-06-22
16556,3695,8,3,2000-04-26
16557,3695,5,2,2000-02-29
16558,3695,13,1,2000-01-12
16559,3695,9,3,2000-01-29
16560,3696,12,5,2000-04-16
16561,3697,8,3,2000-02-04
16562,3697,11,1,2000-03-03
16563,3697,5,4,2000-02-01
16564,3697,9,1,2000-05-04
16565,3697,2,5,2000-02-11
16566,3697,2,4,2000-02-10
16567,3697,4,5,2000-01-23
16568,3697,9,1,2000-06-14
16569,3698,2,1,2000-06-24
16570,3698,6,3,2000-04-18
16571,3698,4,5,2000-04-15
16572,3698,1,1,2000-01-22
16573,3698,9,1,2000-03-13
16574,3699,11,3,2000-04-02
16575,3699,1,2,2000-03-31
16576,3699,4,4,2000-04-07
16577,3700,5,4,2000-01-20
16578,3700,8,4,2000-04-12
16579,3700,3,1,2000-04-14
16580,3700,14,1,2000-05-10
16581,3701,6,2,2000-03-27
16582,3701,14,4,2000-01-18
16583,3702,5,2,2000-01-26
16584,3702,9,4,2000-05-02
16585,3702,12,5,2000-03-08
16586,3702,3,1,2000-06-25
16587,3702,2,5,2000-04-30
16588,3702,2,2,2000-04-14
16589,3703,3,4,2000-02-04
16590,3703,4,1,2000-04-20
16591,3703,14,5,2000-04-07
16592,3703,7,4,2000-03-05
16593,3703,6,5,2000-04-02
16594,3703,4,2,2000-03-05
16595,3703,6,3,2000-05-01
16596,3704,14,2,2000-06-01
16597,3705,3,2,2000-04-13
16598,3705,13,5,2000-03-16
16599,3706,7,2,2000-01-12
16600,3706,6,5,2000-03-21
16601,3706,12,2,2000-02-12
16602,3706,12,,2000-01-31
16603,3706,6,3,2000-03-24
16604,3706,2,5,2000-03-21
16605,3706,9,3,2000-02-26
16606,3706,12,2,2000-01-23
16607,3707,5,1,2000-05-03
16608,3707,6,3,2000-03-23
16609,3707,12,5,2000-02-28
16610,3707,9,3,2000-02-20
16611,3708,1,3,2000-02-13
16612,3708,8,4,2000-04-11
16613,3708,8,2,2000-01-19
16614,3708,2,2,2000-03-22
16615,3708,8,4,2000-02-28
16616,3708,13,5,2000-02-05
16617,3708,10,3,2000-05-20
16618,3709,3,4,2000-05-14
16619,3709,14,3,2000-03-11
16620,3709,2,3,2000-06-07
16621,3710,2,2,2000-01-18
16622,3710,6,1,2000-03-23
16623,3710,4,1,2000-05-12
16624,3711,12,1,2000-02-03
16625,3711,8,4,2000-01-10
16626,3711,11,2,2000-06-07
16627,3711,13,2,2000-06-15
16628,3711,7,2,2000-05-10
16629,3712,5,1,2000-03-09
16630,3713,8,5,2000-06-22
16631,3714,6,5,2000-06-21
16632,3714,6,4,2000-06-17
16633,3714,10,2,2000-02-23
16634,3714,9,4,2000-04-26
16635,3714,10,1,2000-03-21
16636,3714,5,1,2000-06-22
16637,3714,3,3,2000-04-09
16638,3714,9,1,2000-03-13
16639,3715,14,2,2000-02-26
16640,3715,8,5,2000-06-28
16641,3715,13,2,2000-05-13
16642,3716,12,1,2000-03-07
16643,3716,2,5,2000-05-03
16644,3716,7,1,2000-05-09
16645,3716,9,4,2000-03-03
16646,3716,4,5,2000-06-15
16647,3716,14,3,2000-01-04
16648,3717,7,3,2000-06-03
16649,3717,14,3,2000-01-14
16650,3717,14,1,2000-05-19
16651,3717,4,3,2000-04-25
16652,3718,11,4,2000-06-14
16653,3718,3,4,2000-02-25
16654,3718,13,4,2000-05-26
16655,3718,10,3,2000-02-21
16656,3719,9,1,2000-04-23
16657,3719,3,2,2000-06-12
16658,3719,7,1,2000-02-24
16659,3720,11,1,2000-02-09
16660,3721,12,5,2000-04-25
16661,3721,2,5,2000-04-07
16662,3721,7,2,2000-02-09
16663,3721,9,3,2000-01-11
16664,3721,6,5,2000-04-09
16665,3721,3,3,2000-02-29
16666,3721,12,2,2000-05-15
16667,3722,14,2,2000-03-25
16668,3722,5,1,2000-02-19
16669,3722,3,2,2000-04-05
16670,3722,4,5,2000-02-15
16671,3722,1,4,2000-02-12
16672,3722,9,2,2000-02-25
16673,3723,6,4,2000-03-25
16674,3723,6,2,2000-02-17
16675,3723,3,5,2000-03-13
16676,3724,11,2,2000-03-29
16677,3724,13,2,2000-01-01
16678,3724,2,5,2000-02-24
16679,3724,9,2,2000-04-06
16680,3724,6,1,2000-02-01
16681,3725,8,3,2000-02-01
16682,3725,10,5,2000-04-12
16683,3726,5,3,2000-02-25
16684,3727,6,2,2000-01-08
16685,3728,9,5,2000-06-06
16686,3728,6,3,2000-05-13
16687,3728,11,5,2000-06-04
16688,3728,4,3,2000-06-16
16689,3728,2,2,2000-05-05
16690,3728,1,3,2000-04-13
16691,3728,14,5,2000-05-10
16692,3729,13,2,2000-03-04
16693,3729,9,4,2000-02-11
16694,3730,14,2,2000-06-11
16695,3730,14,3,2000-02-18
16696,3730,2,5,2000-04-26
16697,3730,8,1,2000-04-02
16698,3730,6,3,2000-02-20
16699,3730,10,2,2000-06-07
16700,3731,9,2,2000-06-16
16701,3731,5,4,2000-03-15
16702,3731,1,4,2000-03-12
16703,3732,9,3,2000-03-22
16704,3733,2,4,2000-02-13
16705,3733,13,5,2000-01-25
16706,3733,13,1,2000-06-21
16707,3733,7,2,2000-05-15
16708,3733,12,1,2000-04-17
16709,3733,10,5,2000-01-22
16710,3734,1,3,2000-05-07
16711,3734,2,2,2000-06-02
16712,3734,8,3,2000-06-02
16713,3735,11,5,2000-01-04
16714,3735,6,4,2000-05-06
16715,3735,11,2,2000-05-01
16716,3735,12,4,2000-04-04
16717,3735,7,3,2000-04-16
16718,3736,13,1,2000-01-26
16719,3737,2,3,2000-02-20
16720,3738,13,4,2000-01-08
16721,3738,5,5,2000-04-09
16722,3738,5,2,2000-02-13
16723,3738,8,5,2000-04-03
16724,3738,8,1,2000-01-12
16725,3738,11,5,2000-06-07
16726,3738,10,4,2000-01-09
16727,3738,5,5,2000-01-22
16728,3739,9,2,2000-05-23
16729,3739,7,3,2000-01-09
16730,3739,13,4,2000-01-18
16731,3739,6,1,2000-03-13
16732,3740,4,4,2000-03-22
16733,3740,11,1,2000-01-25
16734,3740,5,2,2000-03-09
16735,3740,6,2,2000-01-17
16736,3740,6,4,2000-03-04
16737,3741,13,1,2000-06-06
16738,3741,4,2,2000-01-06
16739,3741,12,2,2000-01-01
16740,3742,7,2,2000-02-13
16741,3742,13,3,2000-01-01
16742,3742,2,3,2000-04-14
16743,3742,6,4,2000-04-12
16744,3742,3,2,2000-05-26
16745,3742,14,2,2000-04-14
16746,3742,4,1,2000-05-31
16747,3743,7,2,2000-03-15
16748,3743,14,3,2000-04-18
16749,3743,12,5,2000-01-05
16750,3743,5,3,2000-05-08
16751,3744,5,1,2000-03-30
16752,3745,12,2,2000-04-21
16753,3746,9,2,2000-01-22
16754,3747,7,2,2000-03-16
16755,3747,7,5,2000-04-09
16756,3747,14,4,2000-03-21
16757,3748,1,4,2000-02-02
16758,3748,2,3,2000-01-01
16759,3749,11,2,2000-05-24
16760,3749,4,5,2000-05-16
16761,3750,11,3,2000-01-28
16762,3750,11,2,2000-01-28
16763,3750,8,3,2000-01-28
16764,3751,1,1,2000-02-24
16765,3751,9,3,2000-03-13
16766,3752,2,2,2000-04-16
16767,3753,14,3,2000-03-19
16768,3753,6,2,2000-06-09
16769,3754,1,3,2000-03-03
16770,3754,6,3,2000-04-25
16771,3754,13,2,2000-02-26
16772,3754,7,1,2000-01-10
16773,3754,7,5,2000-02-13
16774,3754,4,2,2000-05-05
16775,3755,8,3,2000-06-19
16776,3755,12,5,2000-02-02
16777,3755,8,4,2000-05-26
16778,3756,4,1,2000-05-10
16779,3756,1,5,2000-04-15
16780,3756,1,3,2000-03-27
16781,3756,10,3,2000-04-03
16782,3756,4,4,2000-01-03
16783,3756,6,3,2000-04-18
16784,3756,9,1,2000-01-04
16785,3757,4,5,2000-04-12
16786,3757,10,2,2000-05-23
16787,3757,3,5,2000-05-01
16788,3757,4,1,2000-04-21
16789,3758,7,5,2000-01-18
16790,3758,1,5,2000-03-24
16791,3758,10,5,2000-01-23
16792,3758,11,1,2000-04-02
16793,3758,10,4,2000-01-09
16794,3758,11,3,2000-03-25
16795,3759,14,3,2000-04-25
16796,3759,11,4,2000-06-10
16797,3759,3,3,2000-05-01
16798,3759,3,2,2000-02-12
16799,3760,14,2,2000-06-10
16800,3760,6,3,2000-05-27
16801,3761,9,1,2000-05-09
16802,3761,2,1,2000-04-03
16803,3761,4,2,2000-05-09
16804,3761,9,1,2000-01-23
16805,3761,9,5,2000-05-01
16806,3761,8,4,2000-01-30
16807,3761,11,5,2000-06-04
16808,3761,11,1,2000-02-18
16809,3762,9,3,2000-05-09
16810,3762,5,4,2000-01-30
16811,3762,7,4,2000-04-26
16812,3762,13,4,2000-02-22
16813,3762,8,4,2000-01-30
16814,3763,3,4,2000-03-15
16815,3763,13,1,2000-06-01
16816,3763,1,2,2000-02-24
16817,3763,7,4,2000-04-13
16818,3763,3,1,2000-04-28
16819,3764,12,1,2000-04-23
16820,3764,5,1,2000-01-26
16821,3765,14,2,2000-06-03
16822,3765,7,2,2000-03-21
16823,3765,3,5,2000-04-08
16824,3765,13,3,2000-02-10
16825,3766,4,3,2000-06-27
16826,3766,7,1,2000-01-30
16827,3766,8,2,2000-05-18
16828,3766,10,4,2000-04-19
16829,3766,10,4,2000-02-04
16830,3766,2,2,2000-03-03
16831,3766,8,2,2000-01-08
16832,3766,14,3,2000-05-25
16833,3767,2,2,2000-05-03
16834,3767,6,1,2000-06-24
16835,3767,3,1,2000-01-28
16836,3767,5,4,2000-01-03
16837,3767,1,2,2000-03-16
16838,3767,8,1,2000-03-15
16839,3768,4,3,2000-06-02
16840,3768,9,1,2000-04-19
16841,3769,7,3,2000-02-22
16842,3769,13,5,2000-01-11
16843,3770,11,3,2000-03-20
16844,3770,12,3,2000-01-26
16845,3770,1,1,2000-05-28
16846,3770,3,3,2000-01-20
16847,3771,9,4,2000-04-17
16848,3771,7,3,2000-02-11
16849,3771,1,3,2000-02-29
16850,3771,6,4,2000-05-31
16851,3772,9,4,2000-01-08
16852,3772,9,1,2000-01-10
16853,3772,8,5,2000-06-21
16854,3772,1,4,2000-02-24
16855,3772,4,2,2000-02-01
16856,3772,14,3,2000-02-20
16857,3773,6,1,2000-02-12
16858,3773,8,5,2000-03-13
16859,3773,14,1,2000-05-28
16860,3773,13,1,2000-05-17
16861,3773,9,4,2000-06-18
16862,3773,2,1,2000-05-22
16863,3773,7,2,2000-04-10
16864,3774,3,1,2000-02-07
16865,3774,11,4,2000-03-20
16866,3774,9,5,2000-06-12
16867,3774,12,1,2000-03-22
16868,3774,12,5,2000-05-08
16869,3774,12,1,2000-06-01
16870,3774,11,5,2000-02-05
16871,3774,14,2,2000-01-16
16872,3775,14,4,2000-06-16
16873,3775,1,1,2000-04-10
16874,3775,5,2,2000-03-08
16875,3775,8,1,2000-02-07
16876,3775,14,5,2000-01-14
16877,3775,5,4,2000-01-25
16878,3775,2,1,2000-01-24
16879,3776,11,3,2000-03-08
16880,3776,11,2,2000-02-20
16881,3776,13,5,2000-04-09
16882,3776,1,4,2000-05-21
16883,3777,14,1,2000-03-18
16884,3777,13,1,2000-05-26
16885,3777,9,3,2000-01-29
16886,3777,13,3,2000-05-05
16887,3777,4,3,2000-05-15
16888,3777,7,3,2000-02-16
16889,3777,11,3,2000-01-12
16890,3777,6,3,2000-03-24
16891,3778,10,2,2000-03-28
16892,3778,6,5,2000-04-24
16893,3778,7,2,2000-05-05
16894,3778,7,2,2000-02-16
16895,3779,8,3,2000-02-22
16896,3779,13,3,2000-01-18
16897,3779,6,3,2000-05-08
16898,3779,11,1,2000-05-19
16899,3779,13,2,2000-02-27
16900,3779,7,3,2000-05-03
16901,3779,8,2,2000-04-18
16902,3779,5,3,2000-04-19
16903,3780,4,4,2000-03-08
16904,3780,4,5,2000-01-30
16905,3780,3,3,2000-04-08
16906,3780,4,3,2000-01-30
16907,3780,7,3,2000-04-11
16908,3781,3,5,2000-01-19
16909,3781,12,3,2000-03-30
16910,3782,7,1,2000-03-01
16911,3782,7,1,2000-05-30
16912,3782,1,3,2000-04-20
16913,3783,13,2,2000-03-24
16914,3783,7,4,2000-03-30
16915,3784,7,2,2000-02-07
16916,3784,2,1,2000-03-07
16917,3784,7,4,2000-03-27
16918,3784,3,2,2000-04-23
16919,3784,8,3,2000-04-27
16920,3784,7,1,2000-06-17
16921,3784,4,1,2000-05-17
16922,3784,13,3,2000-05-01
16923,3785,7,3,2000-05-28
16924,3785,3,1,2000-03-23
16925,3785,9,1,2000-06-25
16926,3785,9,3,2000-02-20
16927,3785,4,5,2000-02-09
16928,3785,7,3,2000-02-14
16929,3786,4,4,2000-05-12
16930,3786,12,3,2000-04-22
16931,3786,8,3,2000-03-07
16932,3786,7,5,2000-05-28
16933,3786,13,3,2000-04-17
16934,3786,10,1,2000-01-11
16935,3786,7,3,2000-02-01
16936,3786,6,2,2000-03-19
16937,3787,2,1,2000-02-27
16938,3787,12,5,2000-04-10
16939,3787,10,5,2000-04-06
16940,3787,9,1,2000-02-01
16941,3787,10,4,2000-01-12
16942,3788,13,3,2000-03-15
16943,3788,13,2,2000-05-21
16944,3788,12,5,2000-01-19
16945,3788,1,3,2000-05-25
16946,3788,3,5,2000-04-09
16947,3789,7,3,2000-05-02
16948,3789,13,5,2000-01-17
16949,3789,3,1,2000-02-09
16950,3789,2,3,2000-03-20
16951,3789,10,5,2000-06-11
16952,3789,14,2,2000-02-24
16953,3789,1,1,2000-04-26
16954,3789,9,1,2000-03-23
16955,3790,3,3,2000-02-25
16956,3790,4,5,2000-03-16
16957,3790,3,2,2000-01-17
16958,3790,13,3,2000-02-04
16959,3790,1,1,2000-03-23
16960,3790,7,5,2000-01-24
16961,3790,2,1,2000-02-14
16962,3790,11,4,2000-01-16
16963,3791,10,4,2000-01-17
16964,3791,2,2,2000-03-30
16965,3791,13,5,2000-01-01
16966,3791,6,4,2000-02-22
16967,3791,2,1,2000-04-12
16968,3792,11,1,2000-01-19
16969,3793,10,2,2000-06-16
16970,3794,6,3,2000-05-17
16971,3794,12,2,2000-04-04
16972,3794,2,4,2000-02-07
16973,3794,5,4,2000-05-17
16974,3794,13,4,2000-06-05
16975,3794,10,4,2000-01-30
16976,3794,6,5,2000-02-29
16977,3795,11,4,2000-05-31
16978,3795,12,1,2000-01-23
16979,3795,12,1,2000-01-07
16980,3795,14,2,2000-05-28
16981,3795,5,1,2000-06-16
16982,3795,9,4,2000-05-19
16983,3795,9,4,2000-01-29
16984,3796,14,3,2000-04-09
16985,3797,13,5,2000-01-07
16986,3797,12,1,2000-02-25
16987,3797,4,1,2000-05-20
16988,3798,7,2,2000-04-26
16989,3798,14,1,2000-01-16
16990,3798,13,3,2000-02-02
16991,3798,12,5,2000-02-19
16992,3798,9,4,2000-06-15
16993,3798,12,5,2000-04-04
16994,3799,11,5,2000-03-05
16995,3799,11,2,2000-06-07
16996,3799,7,3,2000-04-02
16997,3799,8,2,2000-02-15
16998,3799,2,4,2000-03-10
16999,3799,13,4,2000-02-24
17000,3799,13,5,2000-05-04
17001,3800,11,3,2000-03-24
17002,3800,11,3,2000-01-11
17003,3800,11,3,2000-02-28
17004,3800,12,4,2000-01-13
17005,3800,2,2,2000-02-23
17006,3801,5,3,2000-01-09
17007,3801,1,4,2000-01-09
17008,3801,5,1,2000-04-12
17009,3801,6,2,2000-03-02
17010,3802,6,3,2000-06-20
17011,3802,12,4,2000-03-06
17012,3802,5,3,2000-06-02
17013,3802,6,1,2000-03-18
17014,3802,8,5,2000-04-23
17015,3802,10,5,2000-05-12
17016,3802,8,5,2000-01-13
17017,3803,8,1,2000-02-19
17018,3803,6,5,2000-05-23
17019,3803,4,2,2000-03-29
17020,3803,9,3,2000-02-13
17021,3804,4,4,2000-05-23
17022,3805,4,4,2000-02-14
17023,3805,11,1,2000-01-12
17024,3805,2,3,2000-04-03
17025,3805,9,4,2000-03-03
17026,3805,10,3,2000-02-10
17027,3805,13,2,2000-01-03
17028,3805,3,1,2000-01-27
17029,3805,14,5,2000-01-11
17030,3806,2,5,2000-05-12
17031,3806,3,4,2000-05-13
17032,3807,8,1,2000-06-19
17033,3807,11,2,2000-01-05
17034,3807,11,3,2000-05-25
17035,3807,6,4,2000-01-25
17036,3807,7,4,2000-04-11
17037,3807,3,1,2000-01-21
17038,3808,11,1,2000-01-21
17039,3808,14,5,2000-04-28
17040,3808,7,5,2000-05-26
17041,3808,1,1,2000-04-16
17042,3808,6,4,2000-03-04
17043,3808,7,4,2000-04-22
17044,3808,10,2,2000-06-14
17045,3808,6,4,2000-05-26
17046,3809,14,2,2000-02-26
17047,3809,5,3,2000-04-13
17048,3809,5,4,2000-03-24
17049,3809,9,2,2000-05-08
17050,3810,3,5,2000-04-13
17051,3810,10,1,2000-01-13
17052,3811,6,4,2000-02-12
17053,3811,13,3,2000-05-25
17054,3812,14,4,2000-02-10
17055,3812,1,5,2000-03-07
17056,3812,5,2,2000-03-28
17057,3812,14,2,2000-01-02
17058,3813,11,3,2000-01-08
17059,3813,6,3,2000-04-28
17060,3813,6,3,2000-01-19
17061,3813,13,3,2000-03-11
17062,3814,4,5,2000-01-13
17063,3814,9,5,2000-06-11
17064,3814,1,4,2000-05-28
17065,3814,5,2,2000-05-08
17066,3814,9,3,2000-03-23
17067,3814,12,1,2000-04-04
17068,3814,10,3,2000-03-24
17069,3814,5,2,2000-03-20
17070,3815,10,3,2000-01-14
17071,3815,7,2,2000-03-06
17072,3816,10,5,2000-05-12
17073,3816,13,3,2000-03-12
17074,3816,6,4,2000-02-11
17075,3816,7,2,2000-05-04
17076,3816,13,5,2000-02-09
17077,3816,9,5,2000-03-19
17078,3816,4,1,2000-03-24
17079,3816,7,2,2000-02-15
17080,3817,8,1,2000-04-03
17081,3817,5,1,2000-05-10
17082,3817,8,5,2000-03-09
17083,3817,4,1,2000-04-08
17084,3817,10,3,2000-04-24
17085,3817,11,4,2000-03-28
17086,3817,3,3,2000-05-19
17087,3817,8,4,2000-06-07
17088,3818,7,3,2000-01-22
17089,3818,14,4,2000-02-28
17090,3818,4,3,2000-05-14
17091,3818,13,3,2000-06-05
17092,3818,6,3,2000-04-12
17093,3818,1,1,2000-03-28
17094,3818,12,5,2000-03-20
17095,3818,8,3,2000-03-20
17096,3819,12,2,2000-03-25
17097,3819,5,2,2000-05-01
17098,3819,5,4,2000-04-03
17099,3819,3,5,2000-03-25
17100,3819,9,3,2000-03-31
17101,3820,12,3,2000-02-19
17102,3821,2,5,2000-05-14
17103,3821,7,1,2000-04-29
17104,3822,1,4,2000-05-11
17105,3822,14,2,2000-01-15
17106,3822,13,4,2000-01-09
17107,3822,2,5,2000-02-27
17108,3822,10,3,2000-03-14
17109,3823,14,5,2000-06-12
17110,3823,12,1,2000-01-11
17111,3823,10,4,2000-01-01
17112,3823,5,1,2000-02-14
17113,3823,14,3,2000-05-05
17114,3824,14,1,2000-01-02
17115,3824,6,2,2000-02-29
17116,3825,9,2,2000-03-10
17117,3825,2,5,2000-06-18
17118,3825,4,1,2000-03-10
17119,3825,8,1,2000-03-14
17120,3826,8,4,2000-03-14
17121,3826,4,1,2000-04-20
17122,3826,9,3,2000-06-03
17123,3826,12,4,2000-04-18
17124,3827,4,5,2000-01-29
17125,3828,3,4,2000-05-30
17126,3828,9,3,2000-02-12
17127,3828,3,2,2000-04-26
17128,3828,9,2,2000-02-13
17129,3828,1,1,2000-01-08
17130,3829,11,4,2000-04-17
17131,3829,6,4,2000-02-28
17132,3830,7,1,2000-03-03
17133,3830,3,4,2000-03-06
17134,3830,1,3,2000-05-21
17135,3830,3,3,2000-02-05
17136,3831,12,1,2000-06-09
17137,3831,8,3,2000-03-26
17138,3831,12,2,2000-06-06
17139,3831,14,1,2000-01-28
17140,3831,14,4,2000-04-14
17141,3831,2,5,2000-01-22
17142,3831,4,2,2000-03-11
17143,3832,13,4,2000-05-04
17144,3832,12,5,2000-06-02
17145,3832,4,5,2000-01-05
17146,3832,9,5,2000-03-05
17147,3833,12,4,2000-02-11
17148,3833,11,2,2000-03-11
17149,3834,8,1,2000-01-14
17150,3834,4,3,2000-03-10
17151,3835,6,5,2000-06-15
17152,3836,8,5,2000-01-09
17153,3836,4,2,2000-05-12
17154,3836,7,4,2000-03-24
17155,3836,6,3,2000-05-06
17156,3836,5,5,2000-06-21
17157,3837,2,3,2000-02-10
17158,3837,2,1,2000-01-31
17159,3838,14,2,2000-03-25
17160,3838,4,2,2000-05-04
17161,3838,9,5,2000-06-24
17162,3838,2,2,2000-03-06
17163,3838,12,1,2000-06-01
17164,3838,2,3,2000-04-23
17165,3838,7,5,2000-02-11
17166,3838,1,1,2000-05-02
17167,3839,2,2,2000-05-16
17168,3839,9,1,2000-01-03
17169,3839,1,1,2000-06-17
17170,3839,5,3,2000-03-01
17171,3840,12,5,2000-05-10
17172,3840,14,1,2000-02-22
17173,3840,6,2,2000-02-09
17174,3840,6,5,2000-01-17
17175,3840,1,3,2000-05-27
17176,3840,2,2,2000-05-13
17177,3840,7,1,2000-01-26
17178,3841,6,1,2000-03-10
17179,3841,4,3,2000-03-19
17180,3841,4,3,2000-03-31
17181,3841,11,5,2000-04-06
17182,3841,14,5,2000-06-12
17183,3841,4,5,2000-04-06
17184,3842,11,1,2000-03-18
17185,3842,7,1,2000-01-07
17186,3842,11,4,2000-02-12
17187,3842,9,4,2000-06-09
17188,3842,13,5,2000-03-29
17189,3842,11,3,2000-05-01
17190,3842,5,3,2000-02-20
17191,3842,1,5,2000-03-26
17192,3843,7,4,2000-04-14
17193,3843,14,2,2000-04-27
17194,3843,3,4,2000-04-12
17195,3843,11,5,2000-01-31
17196,3843,11,5,2000-06-17
17197,3844,8,2,2000-01-31
17198,3844,4,2,2000-05-11
17199,3844,11,3,2000-02-16
17200,3845,14,3,2000-04-17
17201,3845,2,5,2000-02-29
17202,3845,12,3,2000-04-24
17203,3845,4,4,2000-03-25
17204,3846,4,4,2000-04-09
17205,3846,6,5,2000-04-21
17206,3846,8,5,2000-01-21
17207,3846,1,4,2000-04-06
17208,3846,14,1,2000-04-05
17209,3846,9,3,2000-03-24
17210,3846,2,1,2000-01-25
17211,3846,6,5,2000-04-08
17212,3847,12,1,2000-04-06
17213,3847,8,2,2000-05-13
17214,3847,1,4,2000-06-16
17215,3847,4,1,2000-03-27
17216,3847,8,2,2000-04-29
17217,3848,9,2,2000-03-11
17218,3848,14,3,2000-03-17
17219,3849,6,2,2000-05-22
17220,3849,11,2,2000-05-15
17221,3849,2,3,2000-03-27
17222,3849,6,1,2000-06-17
17223,3849,3,5,2000-06-08
17224,3850,9,5,2000-06-06
17225,3850,13,5,2000-02-18
17226,3850,10,4,2000-01-10
17227,3850,6,5,2000-05-30
17228,3851,14,2,2000-05-22
17229,3851,11,1,2000-02-10
17230,3851,8,3,2000-01-15
17231,3851,14,4,2000-05-19
17232,3852,2,3,2000-05-30
15420,3451,2,4,2000-03-18
15421,3451,14,4,2000-06-03
15422,3451,11,4,2000-03-25
15423,3451,7,1,2000-03-01
15424,3451,11,1,2000-06-08
15425,3451,12,3,2000-02-03
15426,3452,13,2,2000-03-12
15427,3452,14,2,2000-01-22
15428,3452,9,1,2000-06-12
15429,3452,13,5,2000-06-05
15430,3452,11,2,2000-04-10
15431,3452,1,2,2000-05-28
15432,3452,9,2,2000-06-13
15433,3452,5,2,2000-02-02
15434,3453,13,5,2000-05-25
15435,3453,13,5,2000-01-24
15436,3453,10,4,2000-06-17
15437,3453,11,1,2000-02-01
15438,3453,14,4,2000-05-04
15439,3454,3,1,2000-04-05
15440,3454,12,4,2000-02-24
15441,3454,4,2,2000-05-22
15442,3454,14,2,2000-02-10
15443,3454,2,5,2000-04-28
15444,3455,12,4,2000-03-08
15445,3455,7,5,2000-02-24
15446,3455,4,5,2000-05-01
15447,3455,1,5,2000-01-17
15448,3455,7,3,2000-02-27
15449,3455,14,1,2000-05-14
15450,3455,11,1,2000-01-27
15451,3455,12,4,2000-05-11
15452,3456,1,3,2000-01-01
15453,3456,9,5,2000-02-10
15454,3456,2,1,2000-03-28
15455,3456,7,3,2000-02-25
15456,3456,13,4,2000-04-06
15457,3456,4,2,2000-01-22
15458,3456,9,2,2000-06-08
15459,3456,4,2,2000-05-16
15460,3457,14,3,2000-01-02
15461,3457,11,5,2000-05-01
15462,3457,6,5,2000-01-22
15463,3457,8,3,2000-03-18
15464,3457,8,1,2000-03-26
15465,3457,4,2,2000-03-25
15466,3458,3,5,2000-03-01
15467,3458,12,2,2000-03-06
15468,3458,11,5,2000-02-15
15469,3458,5,1,2000-04-27
15470,3458,7,5,2000-05-24
15471,3458,13,1,2000-01-17
15472,3459,10,2,2000-01-05
15473,3459,8,5,2000-01-19
15474,3459,9,5,2000-01-13
15475,3459,11,1,2000-05-26
15476,3459,11,2,2000-03-09
15477,3460,1,5,2000-06-01
15478,3460,7,1,2000-03-19
15479,3460,5,3,2000-05-11
15480,3460,9,3,2000-05-10
15481,3460,4,2,2000-02-25
15482,3460,5,4,2000-05-05
15483,3460,13,4,2000-01-02
15484,3460,3,2,2000-05-12
15485,3461,14,5,2000-02-18
15486,3461,4,1,2000-03-22
15487,3461,1,3,2000-04-21
15488,3461,14,1,2000-05-24
15489,3461,13,5,2000-05-09
15490,3461,1,3,2000-04-22
15491,3462,14,3,2000-01-03
15492,3462,6,2,2000-01-15
15493,3462,8,2,2000-05-28
15494,3462,5,4,2000-06-06
15495,3463,5,2,2000-03-17
15496,3463,1,2,2000-01-18
15497,3463,13,4,2000-05-11
15498,3463,14,4,2000-01-08
15499,3463,8,2,2000-02-02
15500,3464,8,3,2000-01-24
15501,3464,14,1,2000-01-03
15502,3465,9,5,2000-05-24
15503,3465,13,5,2000-03-09
15504,3465,11,3,2000-05-06
15505,3465,9,1,2000-06-14
15506,3465,11,1,2000-02-16
15507,3466,12,4,2000-05-24
15508,3466,4,2,2000-06-13
15509,3466,7,3,2000-05-03
15510,3466,13,2,2000-01-17
15511,3466,8,1,2000-06-16
15512,3466,1,4,2000-04-02
15513,3467,10,4,2000-04-24
15514,3467,11,3,2000-03-09
15515,3468,12,4,2000-03-05
15516,3468,3,3,2000-06-14
15517,3468,14,5,2000-06-01
15518,3468,5,5,2000-03-22
15519,3468,3,1,2000-01-12
15520,3468,8,3,2000-04-05
15521,3468,10,4,2000-04-08
15522,3469,12,1,2000-02-08
15523,3469,7,2,2000-02-23
15524,3470,12,4,2000-01-16
15525,3470,1,5,2000-04-06
15526,3471,12,5,2000-05-24
15527,3471,14,1,2000-01-14
15528,3471,2,1,2000-06-24
15529,3471,12,3,2000-02-26
15530,3471,3,5,2000-04-18
15531,3472,2,2,2000-03-15
15532,3472,14,2,2000-04-15
15533,3472,6,5,2000-05-12
15534,3472,14,2,2000-06-17
15535,3472,1,4,2000-06-27
15536,3472,2,1,2000-02-17
15537,3472,11,1,2000-02-24
15538,3472,1,3,2000-06-20
15539,3473,10,2,2000-05-13
15540,3473,3,3,2000-03-14
15541,3473,14,5,2000-03-16
15542,3473,3,1,2000-04-04
15543,3474,8,5,2000-04-05
15544,3474,9,5,2000-05-12
15545,3474,3,2,2000-03-05
15546,3474,5,4,2000-02-01
15547,3474,4,2,2000-01-12
15548,3474,3,1,2000-05-23
15549,3474,9,5,2000-04-11
15550,3475,3,3,2000-03-13
15551,3475,4,1,2000-04-12
15552,3475,2,4,2000-02-13
15553,3475,6,3,2000-04-28
15554,3475,11,2,2000-06-02
15555,3476,5,4,2000-06-16
15556,3476,13,2,2000-03-22
15557,3476,9,2,2000-02-22
15558,3476,6,3,2000-02-07
15559,3476,4,1,2000-02-18
15560,3476,2,5,2000-04-01
15561,3476,9,2,2000-04-19
15562,3476,10,3,2000-05-24
15563,3477,5,1,2000-02-21
15564,3477,12,2,2000-04-16
15565,3477,13,1,2000-01-12
15566,3478,8,2,2000-02-21
15567,3478,6,1,2000-05-04
15568,3478,7,4,2000-03-03
15569,3479,2,3,2000-05-26
15570,3479,12,2,2000-06-07
15571,3479,2,2,2000-04-25
15572,3479,2,5,2000-05-19
15573,3479,13,1,2000-06-14
15574,3480,3,1,2000-06-21
15575,3480,2,1,2000-06-28
15576,3481,13,5,2000-04-25
15577,3481,9,3,2000-01-19
15578,3482,12,4,2000-01-26
15579,3482,1,5,2000-05-21
15580,3482,3,4,2000-04-12
15581,3482,9,5,2000-05-21
15582,3482,3,1,2000-01-07
15583,3482,7,4,2000-02-09
15584,3482,5,4,2000-02-03
15585,3482,1,3,2000-04-22
15586,3483,1,1,2000-02-23
15587,3483,9,3,2000-01-19
15588,3483,10,4,2000-01-11
15589,3483,9,3,2000-06-01
15590,3484,9,1,2000-05-09
15591,3484,2,2,2000-04-13
15592,3484,1,1,2000-02-25
15593,3484,12,4,2000-01-01
15594,3484,2,3,2000-03-26
15595,3484,8,1,2000-03-14
15596,3484,14,1,2000-01-15
15597,3484,1,5,2000-06-28
15598,3485,7,5,2000-05-15
15599,3485,4,3,2000-03-08
15600,3486,7,1,2000-02-23
15601,3486,13,3,2000-04-08
15602,3487,1,4,2000-02-29
15603,3487,6,4,2000-03-11
15604,3487,8,4,2000-03-04
15605,3487,13,4,2000-02-27
15606,3487,12,1,2000-06-18
15607,3487,2,2,2000-03-23
15608,3487,8,4,2000-05-03
15609,3487,12,5,2000-04-05
15610,3488,8,1,2000-03-15
15611,3488,1,4,2000-04-14
15612,3488,14,4,2000-03-12
15613,3489,4,2,2000-04-28
15614,3489,1,2,2000-06-15
15615,3490,12,2,2000-02-08
15616,3490,14,1,2000-02-25
15617,3490,10,5,2000-04-09
15618,3490,1,5,2000-06-08
15619,3491,5,2,2000-06-11
15620,3491,3,3,2000-02-10
15621,3491,4,5,2000-02-10
15622,3491,6,1,2000-02-24
15623,3492,11,4,2000-01-29
15624,3492,1,4,2000-02-01
15625,3492,13,4,2000-06-12
15626,3492,2,2,2000-04-10
15627,3492,14,4,2000-05-19
15628,3493,12,5,2000-06-15
15629,3493,4,5,2000-02-26
15630,3493,3,5,2000-01-13
15631,3493,14,4,2000-01-12
15632,3493,1,3,2000-01-29
15633,3493,10,4,2000-01-18
15634,3493,12,3,2000-02-06
15635,3493,14,3,2000-05-19
15636,3494,4,4,2000-06-21
15637,3494,3,4,2000-01-05
15638,3494,10,1,2000-03-04
15639,3494,3,2,2000-04-29
15640,3495,4,5,2000-04-05
15641,3496,9,3,2000-02-25
15642,3497,9,1,2000-02-07
15643,3497,13,2,2000-06-10
15644,3497,3,3,2000-03-08
15645,3497,2,1,2000-01-14
15646,3497,8,2,2000-03-24
15647,3497,12,4,2000-06-14
15648,3498,7,4,2000-02-15
15649,3498,7,1,2000-01-08
15650,3499,10,3,2000-04-09
15651,3499,9,5,2000-02-28
15652,3499,4,2,2000-05-13
15653,3499,11,5,2000-05-05
15654,3499,1,5,2000-02-14
15655,3499,8,3,2000-06-03
15656,3499,12,2,2000-01-22
15657,3499,10,3,2000-05-16
15658,3500,6,1,2000-01-09
15659,3500,7,2,2000-05-20
15660,3500,10,4,2000-06-21
15661,3500,11,1,2000-04-07
15662,3500,13,5,2000-05-22
15663,3500,13,1,2000-06-17
15664,3501,3,3,2000-05-02
15665,3501,14,4,2000-04-15
15666,3502,13,2,2000-06-19
15667,3502,4,4,2000-03-26
15668,3502,5,2,2000-06-01
15669,3502,8,4,2000-05-04
15670,3502,1,4,2000-03-12
15671,3502,9,5,2000-01-02
15672,3503,13,1,2000-01-07
15673,3503,9,1,2000-01-21
15674,3504,3,1,2000-05-27
15675,3505,14,1,2000-04-13
15676,3505,11,3,2000-04-11
15677,3505,8,1,2000-05-09
15678,3505,4,4,2000-06-06
15679,3505,7,3,2000-05-29
15680,3505,1,3,2000-03-08
15681,3505,7,3,2000-02-09
15682,3506,1,3,2000-05-22
15683,3506,1,1,2000-02-10
15684,3506,9,1,2000-05-29
15685,3506,8,5,2000-05-28
15686,3506,4,1,2000-02-01
15687,3506,13,1,2000-01-26
15688,3506,8,4,2000-03-04
15689,3507,14,3,2000-06-25
15690,3507,2,4,2000-01-05
15691,3507,9,3,2000-02-07
15692,3507,7,1,2000-06-22
15693,3507,3,2,2000-06-26
15694,3507,2,5,2000-02-26
15695,3507,6,4,2000-02-26
15696,3507,12,5,2000-02-26
15697,3508,8,3,2000-04-25
15698,3508,12,1,2000-04-18
15699,3508,11,4,2000-01-11
15700,3509,5,4,2000-05-10
15701,3509,11,4,2000-02-16
15702,3509,5,1,2000-04-18
15703,3509,6,1,2000-04-06
15704,3509,4,5,2000-02-17
15705,3510,4,1,2000-04-27
15706,3510,11,4,2000-04-20
15707,3510,13,5,2000-05-29
15708,3510,4,3,2000-06-25
15709,3511,2,4,2000-01-04
15710,3511,13,5,2000-02-07
15711,3511,4,5,2000-04-13
15712,3511,8,1,2000-05-08
15713,3511,12,3,2000-05-10
15714,3511,9,5,2000-05-01
15715,3511,6,2,2000-03-09
15716,3512,1,3,2000-02-05
15717,3512,9,4,2000-03-14
15718,3512,2,1,2000-01-06
15719,3512,7,4,2000-01-21
15720,3512,6,3,2000-02-23
15721,3512,3,3,2000-01-08
15722,3512,3,2,2000-04-28
15723,3513,12,2,2000-02-11
15724,3513,14,2,2000-05-03
15725,3514,12,2,2000-05-10
15726,3515,9,3,2000-05-31
15727,3515,7,1,2000-04-27
15728,3515,3,4,2000-02-08
15729,3515,14,2,2000-03-16
15730,3515,1,4,2000-05-21
15731,3516,2,4,2000-06-25
15732,3516,9,3,2000-05-16
15733,3516,1,3,2000-06-13
15734,3517,14,5,2000-05-29
15735,3517,5,4,2000-06-14
15736,3517,4,2,2000-03-28
15737,3517,12,2,2000-04-23
15738,3517,13,5,2000-01-08
15739,3517,9,4,2000-02-21
15740,3517,11,3,2000-04-16
15741,3517,5,1,2000-02-02
15742,3518,7,4,2000-03-04
15743,3519,8,3,2000-06-16
15744,3519,5,1,2000-01-08
15745,3520,1,1,2000-05-09
15746,3520,2,4,2000-06-04
15747,3520,12,1,2000-03-19
15748,3520,11,1,2000-06-22
15749,3520,7,2,2000-04-07
15750,3520,8,2,2000-01-16
15751,3520,2,3,2000-04-04
15752,3521,9,1,2000-04-12
15753,3521,13,4,2000-03-14
15754,3521,9,3,2000-01-31
15755,3521,2,2,2000-03-14
15756,3521,12,3,2000-05-27
15757,3522,9,1,2000-04-13
15758,3522,12,5,2000-03-18
15759,3522,9,2,2000-04-07
15760,3522,9,3,2000-02-12
15761,3522,2,5,2000-04-14
15762,3522,6,5,2000-05-05
15763,3522,7,3,2000-04-15
15764,3522,7,3,2000-04-12
15765,3523,11,5,2000-01-25
15766,3523,6,5,2000-02-19
15767,3523,5,5,2000-03-28
15768,3523,2,2,2000-02-01
15769,3524,6,4,2000-05-22
15770,3524,3,2,2000-04-23
15771,3524,3,2,2000-06-21
15772,3524,2,3,2000-02-25
15773,3524,13,3,2000-01-29
15774,3524,3,4,2000-01-03
15775,3524,5,1,2000-05-27
15776,3525,11,1,2000-05-25
15777,3525,5,4,2000-06-05
15778,3525,9,1,2000-04-16
15779,3525,10,3,2000-06-17
15780,3525,14,5,2000-05-13
15781,3525,3,3,2000-04-11
15782,3525,12,4,2000-06-19
15783,3526,1,1,2000-05-18
15784,3526,7,2,2000-06-27
15785,3526,1,1,2000-04-13
15786,3527,5,5,2000-06-09
15787,3527,14,1,2000-05-06
15788,3527,4,3,2000-06-28
15789,3527,5,4,2000-01-28
15790,3528,14,4,2000-06-20
15791,3528,3,4,2000-05-10
15792,3528,8,4,2000-06-18
15793,3529,14,5,2000-02-24
15794,3529,7,3,2000-01-19
15795,3529,10,3,2000-01-22
15796,3529,4,4,2000-02-10
15797,3530,2,4,2000-04-25
15798,3530,6,5,2000-03-21
15799,3530,7,5,2000-02-04
15800,3530,8,1,2000-06-28
15801,3531,10,1,2000-06-05
15802,3531,14,2,2000-06-25
15803,3531,8,5,2000-02-12
15804,3531,11,5,2000-01-02
15805,3531,11,5,2000-05-05
15806,3531,9,4,2000-05-09
15807,3531,11,2,2000-02-23
15808,3531,14,4,2000-02-02
15809,3532,4,2,2000-03-06
15810,3532,3,4,2000-04-30
15811,3532,7,4,2000-02-27
15812,3532,4,5,2000-04-11
15813,3532,6,1,2000-01-15
15814,3532,11,4,2000-04-08
15815,3533,5,1,2000-06-04
15816,3534,13,2,2000-04-16
15817,3534,3,3,2000-01-08
15818,3534,3,4,2000-02-06
15819,3534,1,2,2000-03-21
15820,3534,3,5,2000-05-28
15821,3534,5,5,2000-05-26
15822,3535,14,2,2000-01-18
15823,3535,14,1,2000-01-14
15824,3536,5,3,2000-04-18
15825,3536,1,1,2000-02-20
15826,3536,1,3,2000-03-04
15827,3536,1,4,2000-05-07
15828,3536,9,2,2000-02-15
15829,3536,8,5,2000-03-17
15830,3537,14,2,2000-02-04
15831,3537,12,4,2000-04-23
15832,3537,6,3,2000-05-30
15833,3537,7,1,2000-04-23
15834,3537,2,2,2000-05-20
15835,3538,8,5,2000-06-14
15836,3539,10,3,2000-04-01
15837,3539,6,3,2000-02-22
15838,3539,12,4,2000-06-01
15839,3539,11,3,2000-04-10
15840,3540,12,2,2000-01-04
15841,3540,14,1,2000-06-12
15842,3540,5,5,2000-03-29
15843,3540,14,3,2000-06-11
15844,3541,5,2,2000-06-18
15845,3541,4,2,2000-06-25
15846,3541,3,3,2000-01-26
15847,3541,8,2,2000-03-29
15848,3541,4,5,2000-04-17
15849,3541,5,3,2000-02-28
15850,3541,4,2,2000-04-15
15851,3541,2,5,2000-03-10
15852,3542,9,3,2000-06-02
15853,3542,10,4,2000-05-03
15854,3542,14,4,2000-03-13
15855,3542,3,5,2000-04-20
15856,3543,1,1,2000-02-01
15857,3543,14,2,2000-05-10
15858,3543,4,3,2000-03-10
15859,3543,8,5,2000-03-09
15860,3543,5,5,2000-04-22
15861,3544,14,3,2000-05-15
15862,3544,11,3,2000-05-03
15863,3544,2,2,2000-01-10
15864,3544,8,1,2000-05-18
15865,3544,13,3,2000-06-02
15866,3544,5,3,2000-05-22
15867,3544,13,3,2000-02-02
15868,3544,10,5,2000-04-17
15869,3545,14,3,2000-02-07
15870,3545,14,3,2000-04-14
15871,3545,3,5,2000-06-18
15872,3545,10,3,2000-06-10
15873,3545,11,2,2000-05-09
15874,3545,4,1,2000-01-03
15875,3545,4,2,2000-06-13
15876,3546,7,5,2000-05-27
15877,3546,14,3,2000-03-12
15878,3546,7,4,2000-02-27
15879,3546,5,1,2000-06-22
15880,3546,12,1,2000-03-20
15881,3546,6,3,2000-06-22
15882,3546,5,3,2000-04-15
15883,3546,14,5,2000-04-25
15884,3547,13,3,2000-04-15
15885,3547,2,2,2000-05-01
15886,3547,4,2,2000-02-10
15887,3547,8,1,2000-03-30
15888,3548,13,4,2000-02-29
15889,3548,5,4,2000-03-06
15890,3548,11,1,2000-05-05
15891,3548,14,3,2000-01-07
15892,3548,1,4,2000-05-18
15893,3548,9,1,2000-01-26
15894,3549,6,4,2000-03-18
15895,3549,12,3,2000-03-01
15896,3549,5,3,2000-01-16
15897,3549,3,2,2000-02-29
15898,3549,2,3,2000-06-01
15899,3549,2,3,2000-04-16
15900,3549,5,5,2000-06-28
15901,3549,13,3,2000-03-24
15902,3550,14,1,2000-06-18
15903,3550,6,2,2000-06-16
15904,3550,5,4,2000-01-16
15905,3550,8,5,2000-04-05
15906,3550,11,4,2000-05-23
15907,3550,9,3,2000-03-21
15908,3551,14,2,2000-04-20
15909,3551,10,2,2000-05-13
15910,3551,6,3,2000-06-27
15911,3551,8,4,2000-02-10
15912,3552,6,3,2000-05-15
15913,3552,8,2,2000-04-01
15914,3552,9,2,2000-05-30
15915,3552,1,2,2000-05-11
15916,3552,14,1,2000-03-28
15917,3552,6,2,2000-03-19
15918,3553,1,1,2000-05-14
15919,3553,8,1,2000-01-06
15920,3554,12,3,2000-03-22
15921,3554,5,3,2000-03-19
15922,3554,9,3,2000-03-10
15923,3554,11,2,2000-03-27
15924,3554,1,5,2000-04-14
15925,3554,4,5,2000-03-11
15926,3555,10,4,2000-02-15
15927,3556,13,1,2000-01-02
15928,3557,1,5,2000-02-17
15929,3557,1,3,2000-06-05
15930,3557,7,2,2000-06-05
15931,3557,8,3,2000-01-21
15932,3557,13,1,2000-03-12
15933,3557,12,2,2000-06-05
15934,3557,12,4,2000-05-20
15935,3557,2,1,2000-01-27
15936,3558,1,2,2000-04-11
15937,3559,13,5,2000-04-16
15938,3559,5,3,2000-06-21
15939,3559,2,4,2000-04-01
15940,3559,6,1,2000-02-01
15941,3559,3,5,2000-05-03
15942,3559,10,4,2000-03-15
15943,3560,14,5,2000-06-05
15944,3560,4,2,2000-03-09
15945,3561,5,1,2000-04-04
15946,3561,7,3,2000-01-07
15947,3562,11,2,2000-04-11
15948,3562,3,1,2000-06-20
15949,3562,10,5,2000-03-13
15950,3562,5,1,2000-06-25
15951,3562,6,1,2000-04-26
15952,3563,11,4,2000-04-19
15953,3564,2,2,2000-05-07
15954,3564,12,1,2000-01-19
15955,3564,14,1,2000-03-14
15956,3565,6,1,2000-03-09
15957,3565,6,4,2000-04-09
15958,3566,2,1,2000-02-26
15959,3566,4,4,2000-02-09
15960,3566,9,2,2000-01-01
15961,3566,7,4,2000-02-22
15962,3566,9,2,2000-06-03
15963,3566,13,3,2000-01-20
15964,3566,12,3,2000-03-18
15965,3567,3,2,2000-06-24
15966,3567,7,3,2000-05-19
15967,3567,10,1,2000-03-03
15968,3567,2,3,2000-06-28
15969,3567,1,2,2000-04-30
15970,3568,7,4,2000-02-05
15971,3568,3,3,2000-06-25
15972,3568,9,5,2000-05-28
15973,3568,5,4,2000-02-01
15974,3568,13,4,2000-01-26
15975,3568,11,2,2000-01-25
15976,3568,5,4,2000-03-05
15977,3569,4,1,2000-04-17
15978,3569,7,3,2000-06-24
15979,3569,12,4,2000-03-18
15980,3569,9,1,2000-03-04
15981,3569,2,1,2000-05-16
15982,3569,12,5,2000-05-18
15983,3569,8,5,2000-06-17
15984,3570,8,1,2000-04-13
15985,3570,2,1,2000-03-21
15986,3570,6,1,2000-01-17
15987,3570,4,1,2000-03-12
15988,3570,11,1,2000-06-23
15989,3570,12,3,2000-06-19
15990,3570,10,3,2000-01-18
15991,3570,9,5,2000-05-21
15992,3571,4,3,2000-02-03
15993,3571,6,4,2000-03-20
15994,3571,14,2,2000-06-06
15995,3571,13,1,2000-02-25
15996,3571,5,4,2000-05-03
15997,3571,3,4,2000-01-20
15998,3571,1,5,2000-03-18
15999,3571,2,4,2000-03-18
16000,3572,10,4,2000-05-20
16001,3572,11,4,2000-01-08
16002,3573,1,4,2000-05-23
16003,3574,11,5,2000-04-25
16004,3574,3,4,2000-02-27
16005,3574,2,3,2000-03-13
16006,3575,4,4,2000-01-16
16007,3576,10,5,2000-06-09
16008,3576,11,1,2000-06-16
16009,3576,13,2,2000-02-27
16010,3576,5,2,2000-04-03
16011,3577,13,4,2000-01-06
16012,3577,11,4,2000-01-02
16013,3577,5,1,2000-03-25
16014,3577,10,5,2000-05-20
16015,3578,13,3,2000-04-19
16016,3578,14,4,2000-06-01
16017,3579,2,1,2000-03-19
16018,3579,2,5,2000-02-02
16019,3579,5,1,2000-06-15
16020,3579,5,4,2000-04-15
16021,3580,9,2,2000-01-30
16022,3580,4,3,2000-03-15
16023,3580,10,5,2000-01-27
16024,3580,3,1,2000-06-13
16025,3581,7,3,2000-01-31
16026,3581,6,2,2000-01-15
16027,3581,11,1,2000-06-02
16028,3581,13,4,2000-05-08
16029,3581,14,1,2000-03-05
16030,3581,10,4,2000-01-15
16031,3582,12,1,2000-03-20
16032,3582,7,1,2000-06-27
16033,3582,12,5,2000-04-01
16034,3582,10,1,2000-04-22
16035,3582,2,5,2000-01-29
16036,3583,2,1,2000-06-07
16037,3583,12,2,2000-06-02
16038,3583,12,5,2000-03-25
16039,3583,1,2,2000-04-28
16040,3583,3,3,2000-04-08
16041,3583,6,2,2000-02-25
16042,3583,4,4,2000-04-18
16043,3584,11,1,2000-03-18
16044,3585,12,4,2000-02-03
16045,3585,4,4,2000-02-17
16046,3585,7,1,2000-04-03
16047,3586,1,4,2000-04-06
16048,3586,9,4,2000-04-18
16049,3587,11,3,2000-06-27
16050,3587,4,3,2000-05-16
16051,3587,3,5,2000-03-05
16052,3588,14,1,2000-06-15
16053,3588,1,1,2000-01-11
16054,3588,13,1,2000-03-14
16055,3588,1,2,2000-03-10
16056,3588,3,4,2000-03-29
16057,3588,10,2,2000-03-04
16058,3589,4,3,2000-05-05
16059,3590,3,,2000-02-16
16060,3590,13,2,2000-01-01
16061,3590,9,3,2000-04-16
16062,3590,12,5,2000-06-08
16063,3590,13,3,2000-04-11
16064,3590,4,5,2000-03-16
16065,3591,5,1,2000-03-10
16066,3591,5,1,2000-01-19
16067,3591,6,2,2000-01-18
16068,3591,12,5,2000-02-04
16069,3591,10,2,2000-02-15
16070,3592,7,4,2000-06-02
16071,3592,14,5,2000-04-15
16072,3592,5,1,2000-06-03
16073,3592,6,3,2000-02-03
16074,3592,12,1,2000-02-13
16075,3592,2,5,2000-01-20
16076,3593,7,5,2000-01-20
16077,3593,2,1,2000-04-22
16078,3593,5,4,2000-02-23
16079,3594,2,1,2000-05-09
16080,3594,12,5,2000-05-11
16081,3594,3,1,2000-06-15
16082,3595,5,2,2000-05-24
16083,3595,3,2,2000-06-19
16084,3595,10,4,2000-01-25
16085,3595,10,5,2000-05-14
16086,3595,3,2,2000-04-09
16087,3595,9,5,2000-02-11
16088,3595,1,5,2000-03-14
16089,3595,7,5,2000-06-06
16090,3596,12,3,2000-01-08
16091,3596,9,4,2000-03-22
16092,3596,2,5,2000-01-02
16093,3596,11,3,2000-03-17
16094,3596,11,4,2000-05-30
16095,3596,5,1,2000-01-23
16096,3597,3,2,2000-04-09
16097,3597,11,3,2000-03-30
16098,3597,8,2,2000-02-16
16099,3597,14,4,2000-06-12
16100,3597,6,1,2000-03-06
16101,3597,6,2,2000-04-19
16102,3597,10,2,2000-01-21
16103,3598,3,1,2000-03-25
16104,3598,11,4,2000-05-09
16105,3598,9,1,2000-04-18
16106,3598,6,5,2000-04-07
16107,3598,1,4,2000-06-14
16108,3598,1,5,2000-06-21
16109,3598,13,2,2000-05-25
16110,3598,8,1,2000-02-20
16111,3599,13,2,2000-02-23
16112,3599,6,2,2000-05-28
16113,3599,12,4,2000-04-13
16114,3599,12,5,2000-06-05
16115,3599,7,4,2000-05-31
16116,3599,14,4,2000-05-27
16117,3600,3,4,2000-04-20
16118,3600,5,5,2000-04-26
16119,3600,14,2,2000-01-09
16120,3600,14,1,2000-03-09
16121,3600,4,5,2000-04-24
16122,3600,6,2,2000-03-30
16123,3600,13,4,2000-05-11
16124,3600,14,4,2000-01-25
16125,3601,1,1,2000-02-14
16126,3601,10,5,2000-05-15
16127,3601,3,5,2000-04-13
16128,3601,2,1,2000-04-15
16129,3601,12,4,2000-02-02
16130,3601,2,2,2000-05-02
16131,3602,4,2,2000-06-14
16132,3603,2,3,2000-06-25
16133,3603,7,2,2000-02-02
16134,3603,12,4,2000-03-25
16135,3604,1,1,2000-05-14
16136,3604,5,4,2000-02-03
16137,3604,14,5,2000-02-09
16138,3604,7,1,2000-05-01
16139,3604,9,1,2000-01-22
16140,3604,3,4,2000-06-02
16141,3604,4,3,2000-05-30
16142,3604,4,3,2000-03-20
16143,3605,7,3,2000-04-10
16144,3605,12,2,2000-02-01
16145,3605,1,5,2000-05-23
16146,3605,8,1,2000-01-17
16147,3606,11,1,2000-01-13
16148,3606,11,2,2000-01-06
16149,3607,4,3,2000-02-26
16150,3607,5,2,2000-05-25
16151,3607,5,5,2000-05-30
16152,3607,9,2,2000-02-26
16153,3607,5,3,2000-04-09
16154,3607,6,2,2000-04-05
16155,3607,5,4,2000-05-22
16156,3607,11,2,2000-05-11
16157,3608,14,5,2000-02-08
16158,3608,6,5,2000-02-19
16159,3608,11,4,2000-04-05
16160,3608,1,3,2000-03-16
16161,3609,11,2,2000-02-25
16162,3609,5,1,2000-04-06
16163,3609,8,4,2000-03-09
16164,3609,12,4,2000-01-13
16165,3609,4,3,2000-04-02
16166,3609,2,2,2000-03-24
16167,3610,6,2,2000-03-30
16168,3611,10,5,2000-04-03
16169,3611,10,1,2000-05-07
16170,3611,3,5,2000-06-09
16171,3611,12,1,2000-03-03
16172,3612,11,1,2000-06-07
16173,3612,3,4,2000-03-30
16174,3612,11,3,2000-04-17
16175,3612,2,2,2000-06-15
16176,3612,6,1,2000-05-22
16177,3613,12,4,2000-06-19
16178,3613,3,5,2000-02-01
16179,3613,4,4,2000-04-11
16180,3613,9,1,2000-02-20
16181,3613,4,3,2000-05-16
16182,3613,8,1,2000-03-30
16183,3613,14,1,2000-02-16
16184,3613,14,2,2000-02-27
16185,3614,6,5,2000-04-11
16186,3614,9,2,2000-05-01
16187,3614,10,2,2000-05-10
16188,3614,9,3,2000-01-20
16189,3614,8,1,2000-02-13
16190,3614,1,3,2000-06-07
16191,3615,13,3,2000-05-11
16192,3615,5,4,2000-04-26
16193,3615,6,4,2000-02-13
16194,3615,9,2,2000-04-14
16195,3615,5,4,2000-03-12
16196,3615,11,1,2000-01-23
16197,3615,5,5,2000-03-12
16198,3615,6,4,2000-06-20
16199,3616,6,3,2000-03-19
16200,3617,6,1,2000-02-02
16201,3618,10,3,2000-05-16
16202,3618,14,5,2000-04-05
16203,3618,7,2,2000-04-24
16204,3618,14,1,2000-01-15
16205,3618,1,1,2000-03-03
16206,3618,5,2,2000-03-10
16207,3619,8,4,2000-06-22
16208,3619,13,2,2000-03-07
16209,3619,12,1,2000-06-14
16210,3619,3,3,2000-03-15
16211,3619,1,3,2000-01-26
16212,3619,7,2,2000-04-05
16213,3620,4,3,2000-01-24
16214,3620,6,1,2000-03-31
16215,3620,5,2,2000-04-16
16216,3620,9,5,2000-05-07
16217,3620,10,5,2000-04-20
16218,3621,9,1,2000-04-10
16219,3621,9,4,2000-01-01
16220,3621,12,3,2000-04-05
16221,3621,5,1,2000-01-04
16222,3621,14,3,2000-06-05
16223,3621,8,3,2000-01-12
16224,3621,12,3,2000-04-13
16225,3621,1,2,2000-06-07
16226,3622,6,2,2000-01-25
16227,3622,7,5,2000-06-27
16228,3622,5,4,2000-01-15
16229,3622,3,4,2000-06-11
16230,3622,7,4,2000-01-27
16231,3623,3,5,2000-06-15
16232,3623,8,2,2000-05-30
16233,3623,9,1,2000-01-15
16234,3623,3,4,2000-06-27
16235,3624,9,4,2000-03-13
16236,3624,7,2,2000-03-19
16237,3624,12,5,2000-05-05
16238,3625,3,5,2000-02-17
16239,3625,7,1,2000-03-09
16240,3625,10,3,2000-02-25
16241,3626,4,1,2000-01-20
16242,3626,11,2,2000-05-01
16243,3627,3,3,2000-04-01
16244,3627,11,2,2000-02-05
16245,3627,9,5,2000-06-06
16246,3627,11,1,2000-06-14
16247,3628,3,2,2000-05-17
16248,3628,9,2,2000-01-01
16249,3628,1,2,2000-05-01
16250,3628,6,5,2000-06-06
16251,3628,14,5,2000-03-30
16252,3629,10,2,2000-02-08
16253,3629,11,4,2000-06-28
16254,3629,12,5,2000-03-08
16255,3629,12,4,2000-04-10
16256,3629,7,4,2000-02-08
16257,3629,1,3,2000-04-23
16258,3629,9,4,2000-01-21
16259,3630,3,3,2000-01-12
16260,3630,5,1,2000-02-28
16261,3630,14,4,2000-03-03
16262,3630,11,2,2000-04-11
16263,3631,11,1,2000-06-21
16264,3631,5,3,2000-03-05
16265,3631,12,1,2000-03-13
16266,3631,5,1,2000-05-18
16267,3631,9,4,2000-03-25
16268,3632,10,2,2000-06-09
16269,3632,5,1,2000-04-24
16270,3632,10,5,2000-04-06
16271,3632,6,2,2000-01-04
16272,3632,12,2,2000-05-10
16273,3632,6,5,2000-03-18
16274,3632,3,4,2000-03-12
16275,3632,7,1,2000-02-17
16276,3633,3,3,2000-01-25
16277,3633,10,4,2000-05-07
16278,3633,7,4,2000-02-06
16279,3634,3,3,2000-03-03
16280,3634,7,1,2000-06-15
16281,3634,1,1,2000-05-08
16282,3634,1,2,2000-03-14
16283,3634,9,2,2000-03-25
16284,3634,6,2,2000-02-27
16285,3634,1,4,2000-03-10
16286,3635,5,4,2000-03-04
16287,3635,7,2,2000-03-08
16288,3635,9,1,2000-02-17
16289,3635,9,2,2000-03-14
16290,3635,5,3,2000-06-28
16291,3635,6,3,2000-03-14
16292,3635,10,4,2000-05-06
16293,3636,12,2,2000-03-02
16294,3636,8,2,2000-01-10
16295,3637,6,1,2000-02-01
16296,3637,3,1,2000-05-27
16297,3637,6,1,2000-03-22
16298,3637,12,5,2000-03-17
16299,3637,5,4,2000-01-08
16300,3637,8,3,2000-03-02
16301,3637,1,5,2000-01-02
16302,3638,7,4,2000-02-28
16303,3638,7,2,2000-06-05
16304,3638,13,3,2000-03-16
16305,3638,4,1,2000-02-25
16306,3638,7,1,2000-04-19
16307,3638,3,4,2000-06-10
16308,3639,1,5,2000-05-02
16309,3639,11,5,2000-04-19
16310,3639,2,3,2000-01-20
16311,3640,4,3,2000-04-09
16312,3640,5,5,2000-03-12
16313,3641,5,1,2000-05-13
16314,3641,13,3,2000-01-02
16315,3641,5,1,2000-04-11
16316,3641,4,2,2000-06-25
16317,3641,13,5,2000-02-02
16318,3641,3,4,2000-04-16
16319,3641,1,4,2000-05-28
16320,3641,10,5,2000-01-26
16321,3642,9,5,2000-04-27
16322,3642,10,4,2000-05-31
16323,3642,13,5,2000-05-07
16324,3643,3,4,2000-04-02
16325,3643,7,2,2000-05-13
16326,3643,7,4,2000-05-24
16327,3643,2,1,2000-06-04
16328,3643,1,1,2000-03-29
16329,3643,3,5,2000-06-26
16330,3644,11,4,2000-04-19
16331,3644,12,5,2000-05-06
16332,3644,3,2,2000-04-23
16333,3644,4,4,2000-03-19
16334,3644,7,3,2000-04-13
16335,3644,1,3,2000-01-11
16336,3645,12,2,2000-06-14
16337,3645,5,3,2000-05-04
16338,3645,5,4,2000-06-12
16339,3646,12,5,2000-05-22
16340,3646,8,2,2000-04-18
16341,3646,4,4,2000-05-26
16342,3646,6,5,2000-05-12
16343,3646,1,2,2000-02-11
16344,3646,7,4,2000-04-08
16345,3647,14,4,2000-05-17
16346,3647,9,4,2000-04-19
16347,3648,8,1,2000-05-27
16348,3648,3,5,2000-02-16
16349,3648,1,5,2000-01-22
16350,3648,12,1,2000-05-06
16351,3648,2,2,2000-03-04
16352,3648,5,3,2000-06-23
16353,3649,1,4,2000-02-27
16354,3650,13,5,2000-02-23
16355,3650,11,3,2000-04-06
16356,3650,9,4,2000-03-31
16357,3650,9,2,2000-04-30
16358,3650,5,3,2000-02-28
16359,3650,10,1,2000-06-17
16360,3650,11,1,2000-06-03
16361,3650,3,3,2000-05-19
16362,3651,9,1,2000-01-07
16363,3651,2,1,2000-03-20
16364,3651,1,3,2000-04-12
16365,3651,10,3,2000-02-23
16366,3651,5,1,2000-01-13
16367,3651,6,2,2000-06-03
16368,3651,13,3,2000-03-18
16369,3651,11,5,2000-01-08
16370,3652,2,3,2000-03-26
16371,3652,3,2,2000-02-07
16372,3652,9,5,2000-01-23
16373,3652,6,2,2000-05-31
16374,3652,10,3,2000-04-01
16375,3653,1,4,2000-06-04
16376,3654,6,5,2000-05-07
16377,3654,14,5,2000-05-24
16378,3654,6,3,2000-02-09
16379,3654,11,4,2000-05-01
16380,3654,7,2,2000-02-04
16381,3654,9,4,2000-05-09
16382,3654,6,1,2000-01-24
16383,3654,14,5,2000-04-09
16384,3655,7,4,2000-04-10
16385,3655,2,4,2000-06-06
16386,3655,1,5,2000-04-12
16387,3655,2,4,2000-03-07
16388,3656,9,3,2000-06-07
16389,3656,14,5,2000-04-03
16390,3656,13,5,2000-03-20
16391,3656,1,1,2000-06-20
16392,3656,3,5,2000-04-17
16393,3657,6,2,2000-04-19
16394,3657,6,1,2000-04-01
16395,3657,6,5,2000-04-25
16396,3657,2,4,2000-06-11
16397,3657,4,4,2000-05-12
16398,3658,7,3,2000-03-14
16399,3658,10,3,2000-05-01
16400,3658,12,2,2000-06-07
16401,3658,7,1,2000-02-29
16402,3658,6,1,2000-01-12
16403,3658,1,4,2000-02-27
16404,3659,1,5,2000-06-15
16405,3659,11,5,2000-03-24
16406,3659,8,1,2000-02-01
16407,3659,1,1,2000-04-17
16408,3659,8,2,2000-03-14
16409,3659,8,5,2000-06-12
16410,3659,1,4,2000-06-16
16411,3659,12,1,2000-06-18
16412,3660,13,3,2000-05-16
16413,3660,14,1,2000-02-16
16414,3660,1,2,2000-01-27
16415,3660,4,4,2000-01-28
16416,3661,5,2,2000-03-18
16417,3662,8,2,2000-02-25
16418,3663,1,2,2000-03-24
16419,3663,9,1,2000-04-08
16420,3663,9,1,2000-02-24
16421,3663,9,5,2000-06-21
16422,3663,2,2,2000-03-01
16423,3663,3,4,2000-01-23
16424,3663,8,4,2000-04-17
16425,3664,9,5,2000-02-20
16426,3664,14,1,2000-06-12
16427,3665,3,2,2000-01-11
16428,3666,6,2,2000-03-01
16429,3666,1,2,2000-04-29
16430,3666,13,4,2000-01-07
16431,3667,1,1,2000-01-10
16432,3668,8,3,2000-06-09
16433,3668,13,2,2000-01-11
16434,3668,1,2,2000-01-03
16435,3668,10,3,2000-01-31
16436,3668,3,1,2000-01-27
16437,3669,5,2,2000-05-10
16438,3669,4,2,2000-05-27
16439,3670,1,1,2000-02-05
16440,3670,4,3,2000-03-09
16441,3670,6,1,2000-01-24
16442,3670,8,5,2000-06-13
16443,3670,13,4,2000-05-29
16444,3671,1,2,2000-06-09
16445,3671,1,3,2000-05-20
16446,3671,8,3,2000-06-02
16447,3672,13,4,2000-01-04
16448,3672,5,4,2000-05-25
16449,3672,14,1,2000-01-21
16450,3672,7,1,2000-03-04
16451,3672,3,3,2000-02-29
16452,3672,13,2,2000-06-05
16453,3673,9,5,2000-06-10
16454,3673,8,5,2000-03-29
16455,3673,13,5,2000-02-21
18787,4198,14,3,2000-01-20
18788,4198,9,1,2000-04-18
18789,4198,8,4,2000-04-09
18790,4198,1,2,2000-03-30
18791,4198,7,1,2000-04-07
18792,4199,10,3,2000-01-25
18793,4199,3,2,2000-01-17
18794,4199,6,1,2000-03-16
18795,4199,4,5,2000-05-23
18796,4199,12,5,2000-03-29
18797,4199,4,3,2000-06-12
18798,4200,2,2,2000-05-24
18799,4200,13,3,2000-06-10
18800,4201,8,5,2000-06-28
18801,4201,8,4,2000-03-07
18802,4202,10,1,2000-06-13
18803,4202,11,4,2000-06-05
18804,4202,5,2,2000-04-28
18805,4202,4,4,2000-06-07
18806,4202,12,2,2000-02-08
18807,4202,13,1,2000-06-15
18808,4202,5,2,2000-01-29
18809,4203,10,3,2000-03-20
18810,4203,14,4,2000-04-23
18811,4203,11,2,2000-02-07
18812,4203,11,3,2000-03-01
18813,4203,5,1,2000-06-17
18814,4203,14,5,2000-03-26
18815,4203,8,2,2000-03-25
18816,4203,7,5,2000-05-09
18817,4204,10,5,2000-02-16
18818,4204,13,4,2000-03-29
18819,4205,11,1,2000-04-07
18820,4205,10,4,2000-04-21
18821,4205,5,3,2000-04-22
18822,4205,5,5,2000-06-03
18823,4206,4,3,2000-03-24
18824,4207,9,1,2000-05-26
18825,4207,2,1,2000-05-03
18826,4207,7,3,2000-01-30
18827,4208,13,1,2000-04-14
18828,4208,5,2,2000-06-26
18829,4208,14,1,2000-02-22
18830,4208,4,2,2000-04-27
18831,4208,8,5,2000-01-13
18832,4208,13,1,2000-02-19
18833,4208,9,4,2000-01-03
18834,4208,10,1,2000-03-06
18835,4209,10,4,2000-04-26
18836,4209,1,4,2000-04-30
18837,4209,1,5,2000-05-27
18838,4210,1,4,2000-05-31
18839,4210,14,5,2000-03-11
18840,4211,1,1,2000-01-31
18841,4211,7,5,2000-03-21
18842,4212,3,3,2000-04-07
18843,4212,10,3,2000-06-21
18844,4212,5,4,2000-05-26
18845,4212,4,5,2000-03-15
18846,4212,6,3,2000-02-07
18847,4212,8,5,2000-05-08
18848,4213,9,4,2000-01-19
18849,4213,7,4,2000-05-06
18850,4213,4,5,2000-05-22
18851,4213,6,5,2000-03-09
18852,4213,4,2,2000-03-17
18853,4213,14,2,2000-04-02
18854,4213,9,4,2000-04-28
18855,4213,4,5,2000-03-05
18856,4214,4,4,2000-03-05
18857,4214,10,4,2000-05-04
18858,4214,7,1,2000-02-01
18859,4214,10,5,2000-05-24
18860,4214,6,1,2000-02-03
18861,4214,10,2,2000-05-06
18862,4214,2,4,2000-06-17
18863,4215,13,2,2000-01-10
18864,4216,4,2,2000-05-30
18865,4216,14,2,2000-02-08
18866,4217,14,1,2000-02-15
18867,4217,10,4,2000-01-11
18868,4217,9,1,2000-01-12
18869,4217,1,2,2000-05-09
18870,4217,10,1,2000-04-14
18871,4217,13,5,2000-06-07
18872,4218,6,1,2000-05-22
18873,4218,1,1,2000-05-11
18874,4218,5,2,2000-01-06
18875,4218,8,2,2000-03-13
18876,4218,14,4,2000-05-01
18877,4218,12,2,2000-03-30
18878,4218,3,1,2000-02-14
18879,4218,2,5,2000-05-26
18880,4219,11,3,2000-03-19
18881,4219,2,5,2000-02-11
18882,4220,7,2,2000-01-25
18883,4220,11,4,2000-04-10
18884,4220,7,3,2000-04-11
18885,4221,10,1,2000-02-29
18886,4221,8,5,2000-02-28
18887,4221,3,4,2000-05-16
18888,4221,14,3,2000-02-25
18889,4221,13,5,2000-01-21
18890,4221,14,5,2000-03-03
18891,4221,10,1,2000-02-27
18892,4221,14,4,2000-02-06
18893,4222,11,1,2000-06-28
18894,4222,2,4,2000-06-02
18895,4222,10,1,2000-02-10
18896,4222,6,2,2000-03-20
18897,4222,8,2,2000-01-29
18898,4222,1,2,2000-03-18
18899,4223,3,4,2000-05-12
18900,4223,12,5,2000-06-03
18901,4224,11,4,2000-01-14
18902,4224,1,2,2000-05-18
18903,4224,5,1,2000-04-01
18904,4224,9,4,2000-03-12
18905,4224,7,2,2000-04-12
18906,4225,4,4,2000-02-21
18907,4225,8,1,2000-05-29
18908,4225,3,4,2000-02-15
18909,4225,14,3,2000-02-04
18910,4225,5,5,2000-03-23
18911,4225,7,4,2000-03-25
18912,4226,7,1,2000-01-17
18913,4226,13,3,2000-01-09
18914,4227,12,1,2000-03-15
18915,4227,3,5,2000-06-10
18916,4227,2,1,2000-01-08
18917,4228,2,4,2000-03-21
18918,4228,1,5,2000-04-20
18919,4228,1,1,2000-05-29
18920,4229,12,3,2000-03-09
18921,4229,3,2,2000-06-22
18922,4230,10,2,2000-04-28
18923,4230,3,4,2000-03-05
18924,4230,6,1,2000-01-14
18925,4230,8,1,2000-05-25
18926,4230,9,2,2000-03-19
18927,4230,7,4,2000-01-19
18928,4230,3,4,2000-04-10
18929,4230,4,2,2000-04-10
18930,4231,9,2,2000-02-28
18931,4231,11,2,2000-02-05
18932,4231,12,1,2000-04-06
18933,4231,13,2,2000-04-25
18934,4231,14,1,2000-01-16
18935,4231,2,5,2000-01-03
18936,4231,9,2,2000-04-14
18937,4232,4,2,2000-02-10
18938,4232,10,4,2000-04-12
18939,4232,3,2,2000-06-14
18940,4232,5,1,2000-05-28
18941,4233,6,5,2000-02-15
18942,4234,1,2,2000-04-05
18943,4234,8,4,2000-04-03
18944,4235,5,5,2000-01-23
18945,4236,11,5,2000-06-05
18946,4236,8,2,2000-01-16
18947,4236,6,3,2000-01-21
18948,4236,7,5,2000-02-24
18949,4236,8,1,2000-04-01
18950,4237,14,2,2000-04-21
18951,4237,8,3,2000-03-11
18952,4237,14,4,2000-04-02
18953,4237,13,2,2000-02-21
18954,4237,2,3,2000-01-28
18955,4237,11,2,2000-04-08
18956,4237,2,1,2000-05-25
18957,4238,5,5,2000-04-06
18958,4238,3,4,2000-04-06
18959,4238,1,4,2000-03-03
18960,4239,12,2,2000-03-06
18961,4239,2,2,2000-04-25
18962,4239,1,4,2000-06-19
18963,4240,7,2,2000-06-02
18964,4241,9,5,2000-01-05
18965,4242,2,3,2000-03-23
18966,4243,9,4,2000-04-05
18967,4243,9,2,2000-05-18
18968,4243,2,2,2000-01-20
18969,4243,5,5,2000-01-01
18970,4243,1,3,2000-02-08
18971,4244,14,3,2000-05-13
18972,4244,8,1,2000-04-22
18973,4244,6,4,2000-02-08
18974,4244,12,5,2000-06-26
18975,4244,8,2,2000-06-18
18976,4244,11,3,2000-02-27
18977,4245,1,1,2000-06-16
18978,4245,10,4,2000-02-07
18979,4245,10,2,2000-05-26
18980,4245,7,3,2000-02-18
18981,4245,5,1,2000-03-17
18982,4245,6,1,2000-05-14
18983,4245,7,3,2000-06-08
18984,4245,11,4,2000-06-01
18985,4246,9,1,2000-01-23
18986,4247,9,1,2000-06-21
18987,4247,8,2,2000-06-11
18988,4247,1,3,2000-03-07
18989,4247,14,1,2000-03-01
18990,4248,2,3,2000-05-30
18991,4248,2,5,2000-05-17
18992,4248,14,4,2000-05-10
18993,4248,9,1,2000-01-27
18994,4248,9,3,2000-06-07
18995,4249,12,1,2000-01-01
18996,4249,1,3,2000-05-07
18997,4249,1,5,2000-05-24
18998,4249,8,4,2000-03-19
18999,4249,5,5,2000-05-25
19000,4249,9,1,2000-06-24
19001,4249,12,3,2000-02-06
19002,4250,13,4,2000-04-25
19003,4250,8,2,2000-05-16
19004,4251,12,3,2000-05-29
19005,4251,10,4,2000-03-06
19006,4251,5,2,2000-01-31
19007,4252,10,3,2000-06-03
19008,4252,4,5,2000-01-27
19009,4252,2,4,2000-06-24
19010,4252,3,3,2000-03-12
19011,4253,1,1,2000-03-29
19012,4253,14,1,2000-02-21
19013,4253,7,5,2000-03-07
19014,4253,10,2,2000-05-13
19015,4254,4,3,2000-03-14
19016,4254,6,3,2000-05-07
19017,4254,6,2,2000-04-08
19018,4255,14,4,2000-02-21
19019,4256,10,5,2000-05-28
19020,4256,4,2,2000-04-28
19021,4256,2,4,2000-01-25
19022,4256,2,5,2000-06-03
19023,4256,9,4,2000-02-20
19024,4256,14,4,2000-02-09
19025,4257,2,4,2000-03-01
19026,4257,1,4,2000-02-21
19027,4257,12,4,2000-05-31
19028,4257,1,3,2000-03-16
19029,4257,12,5,2000-02-12
19030,4258,1,4,2000-03-22
19031,4258,6,4,2000-05-21
19032,4258,9,1,2000-03-08
19033,4258,11,3,2000-01-28
19034,4258,13,5,2000-03-03
19035,4258,14,4,2000-05-28
19036,4258,6,2,2000-04-14
19037,4259,14,5,2000-05-18
19038,4259,8,1,2000-02-18
19039,4259,7,2,2000-04-04
19040,4259,10,4,2000-05-21
19041,4260,9,2,2000-02-20
19042,4260,1,2,2000-06-03
19043,4261,11,3,2000-04-08
19044,4261,3,2,2000-02-01
19045,4261,9,1,2000-05-19
19046,4261,4,2,2000-05-03
19047,4262,3,5,2000-05-05
19048,4262,9,4,2000-04-25
19049,4262,6,5,2000-04-24
19050,4262,3,1,2000-03-16
19051,4262,5,4,2000-01-23
19052,4262,13,5,2000-04-08
19053,4262,2,4,2000-04-24
19054,4263,3,2,2000-06-17
19055,4263,10,5,2000-06-26
19056,4263,12,3,2000-01-24
19057,4263,13,3,2000-06-25
19058,4263,8,2,2000-06-12
19059,4263,4,1,2000-03-23
19060,4264,10,3,2000-03-22
19061,4264,2,4,2000-04-14
19062,4264,13,2,2000-04-13
19063,4265,14,5,2000-01-02
19064,4265,3,1,2000-05-04
19065,4265,12,5,2000-02-03
19066,4265,13,2,2000-06-11
19067,4265,5,3,2000-02-02
19068,4266,3,3,2000-06-22
19069,4266,2,1,2000-02-16
19070,4266,14,2,2000-02-19
19071,4266,12,5,2000-03-04
19072,4266,12,1,2000-01-22
19073,4266,11,1,2000-04-21
19074,4266,2,2,2000-03-08
19075,4267,5,4,2000-02-13
19076,4267,14,4,2000-02-05
19077,4268,4,1,2000-03-05
19078,4268,4,1,2000-06-23
19079,4268,6,5,2000-01-23
19080,4268,1,1,2000-03-12
19081,4268,1,4,2000-03-29
19082,4268,4,3,2000-05-08
19083,4268,9,1,2000-06-25
19084,4268,5,4,2000-06-01
19085,4269,14,3,2000-02-21
19086,4269,10,3,2000-02-13
19087,4269,8,3,2000-01-18
19088,4269,2,5,2000-03-19
19089,4269,9,2,2000-03-06
19090,4270,1,1,2000-01-12
19091,4270,8,4,2000-05-26
19092,4271,6,3,2000-04-08
19093,4271,3,1,2000-06-14
19094,4271,2,3,2000-01-20
19095,4271,5,1,2000-03-16
19096,4271,3,4,2000-04-05
19097,4271,12,2,2000-04-30
19098,4271,9,3,2000-06-21
19099,4271,13,5,2000-03-24
19100,4272,13,2,2000-01-05
19101,4272,13,5,2000-03-15
19102,4272,4,3,2000-01-07
19103,4273,2,4,2000-06-06
19104,4273,8,3,2000-05-10
19105,4273,1,1,2000-02-22
19106,4273,10,2,2000-02-24
19107,4273,6,1,2000-05-16
19108,4273,14,5,2000-01-13
19109,4273,12,2,2000-01-15
19110,4273,13,1,2000-02-28
19111,4274,6,3,2000-05-06
19112,4274,13,2,2000-06-15
19113,4274,7,3,2000-02-10
19114,4274,2,5,2000-04-22
19115,4274,4,5,2000-06-24
19116,4274,14,1,2000-02-29
19117,4275,14,3,2000-02-27
19118,4275,12,5,2000-05-19
19119,4275,11,1,2000-06-25
19120,4275,13,1,2000-05-27
19121,4275,6,5,2000-02-24
19122,4275,6,1,2000-04-27
19123,4276,12,3,2000-05-20
19124,4276,2,4,2000-06-11
19125,4276,3,3,2000-04-20
19126,4276,13,5,2000-05-06
19127,4276,5,1,2000-04-19
19128,4276,6,4,2000-05-02
19129,4276,11,2,2000-06-23
19130,4277,9,2,2000-02-15
19131,4277,10,3,2000-05-04
19132,4277,13,2,2000-05-17
19133,4277,3,1,2000-04-18
19134,4278,13,4,2000-02-06
19135,4278,8,5,2000-05-20
19136,4278,3,4,2000-06-10
19137,4278,10,2,2000-01-19
19138,4278,4,3,2000-04-14
19139,4278,2,3,2000-01-27
19140,4278,9,4,2000-06-24
19141,4278,1,2,2000-02-02
19142,4279,13,4,2000-05-24
19143,4279,5,5,2000-01-16
19144,4279,14,5,2000-03-06
19145,4279,13,4,2000-06-22
19146,4279,11,3,2000-04-28
19147,4279,7,3,2000-01-14
19148,4279,6,1,2000-05-09
19149,4279,10,2,2000-05-09
19150,4280,6,2,2000-03-05
19151,4280,5,3,2000-01-26
19152,4280,13,5,2000-05-02
19153,4280,7,3,2000-01-20
19154,4280,4,3,2000-01-28
19155,4280,11,1,2000-01-20
19156,4280,11,2,2000-01-30
19157,4281,2,2,2000-02-20
19158,4281,2,3,2000-02-27
19159,4282,9,5,2000-05-22
19160,4282,7,3,2000-01-28
19161,4282,14,2,2000-03-24
19162,4283,14,5,2000-04-15
19163,4283,11,1,2000-02-21
19164,4283,1,1,2000-01-24
19165,4283,2,3,2000-06-17
19166,4283,12,5,2000-02-18
19167,4283,13,4,2000-06-08
19168,4284,2,2,2000-04-22
19169,4284,13,5,2000-03-11
19170,4284,4,2,2000-05-10
19171,4284,11,3,2000-03-05
19172,4284,7,3,2000-04-04
19173,4284,8,4,2000-01-30
19174,4285,7,2,2000-05-22
19175,4285,5,4,2000-04-12
19176,4285,9,3,2000-01-14
19177,4285,10,3,2000-06-02
19178,4285,4,1,2000-03-15
19179,4285,2,4,2000-04-26
19180,4285,4,5,2000-05-03
19181,4285,13,4,2000-02-14
19182,4286,12,3,2000-04-26
19183,4286,6,2,2000-02-08
19184,4286,10,1,2000-01-19
19185,4286,3,3,2000-04-21
19186,4286,5,5,2000-04-21
19187,4286,7,5,2000-03-21
19188,4287,9,5,2000-03-19
19189,4287,3,1,2000-05-23
19190,4287,6,2,2000-02-17
19191,4287,9,5,2000-06-01
19192,4288,8,5,2000-01-28
19193,4288,10,2,2000-04-12
19194,4288,3,4,2000-05-31
19195,4288,13,5,2000-01-10
19196,4289,4,4,2000-01-04
19197,4289,6,2,2000-02-26
19198,4289,5,1,2000-04-09
19199,4289,12,4,2000-01-29
19200,4289,4,5,2000-04-17
19201,4289,1,4,2000-06-28
19202,4290,8,2,2000-05-28
19203,4290,11,5,2000-02-13
19204,4291,6,1,2000-05-25
19205,4291,13,5,2000-05-22
19206,4291,9,2,2000-01-01
19207,4291,1,5,2000-01-18
19208,4291,5,4,2000-04-20
19209,4291,4,5,2000-01-10
19210,4291,7,2,2000-04-12
19211,4291,10,5,2000-03-18
19212,4292,6,3,2000-06-05
19213,4292,13,1,2000-03-16
19214,4293,7,2,2000-01-22
19215,4293,4,5,2000-06-27
19216,4293,10,3,2000-06-07
19217,4293,9,4,2000-02-04
19218,4293,5,5,2000-05-01
19219,4293,14,4,2000-03-01
19220,4294,2,1,2000-02-19
19221,4294,13,3,2000-02-28
19222,4294,9,2,2000-01-29
19223,4294,8,4,2000-02-18
19224,4294,10,1,2000-01-15
19225,4294,12,1,2000-05-04
19226,4294,12,4,2000-06-27
19227,4294,3,5,2000-02-02
19228,4295,14,1,2000-02-22
19229,4295,14,5,2000-03-10
19230,4295,4,3,2000-02-05
19231,4295,12,2,2000-05-06
19232,4296,4,1,2000-02-08
19233,4296,8,2,2000-02-19
19234,4296,4,4,2000-04-09
19235,4296,9,5,2000-04-03
19236,4296,7,3,2000-03-05
19237,4297,11,3,2000-01-19
19238,4297,7,3,2000-03-26
19239,4298,14,2,2000-02-12
19240,4298,8,4,2000-05-13
19241,4298,5,2,2000-05-13
19242,4298,13,4,2000-06-07
19243,4298,10,4,2000-04-14
19244,4298,1,2,2000-05-31
19245,4299,8,2,2000-04-04
19246,4299,14,4,2000-01-16
19247,4299,10,3,2000-03-12
19248,4299,12,2,2000-04-03
19249,4299,3,4,2000-05-02
19250,4299,7,2,2000-04-07
19251,4300,1,4,2000-02-04
19252,4301,7,1,2000-05-02
19253,4301,13,5,2000-02-19
19254,4301,11,4,2000-06-22
19255,4301,10,2,2000-02-08
19256,4301,8,4,2000-04-09
19257,4301,12,3,2000-02-18
19258,4302,3,5,2000-01-14
19259,4302,3,4,2000-02-16
19260,4302,8,3,2000-05-16
19261,4302,6,2,2000-04-12
19262,4302,8,3,2000-02-02
19263,4302,3,1,2000-05-16
19264,4302,10,2,2000-04-14
19265,4302,12,5,2000-01-20
19266,4303,5,5,2000-01-29
19267,4303,5,5,2000-05-26
19268,4303,10,2,2000-01-27
19269,4303,6,5,2000-03-11
19270,4303,11,2,2000-04-15
19271,4303,14,1,2000-02-08
19272,4303,5,1,2000-03-17
19273,4303,9,4,2000-01-20
19274,4304,6,3,2000-01-31
19275,4304,14,3,2000-04-21
19276,4305,3,1,2000-01-27
19277,4305,8,4,2000-04-21
19278,4305,5,3,2000-05-04
19279,4305,1,3,2000-03-29
19280,4305,10,3,2000-02-08
19281,4305,10,3,2000-03-27
19282,4306,10,2,2000-01-01
19283,4306,5,2,2000-03-02
19284,4306,2,4,2000-01-23
19285,4306,12,1,2000-02-28
19286,4306,11,4,2000-06-20
19287,4306,11,3,2000-03-24
19288,4306,6,1,2000-03-11
19289,4307,6,3,2000-05-15
19290,4307,1,4,2000-02-07
19291,4307,7,3,2000-02-18
19292,4307,12,4,2000-02-02
19293,4307,8,3,2000-01-11
19294,4307,14,1,2000-02-24
19295,4307,4,4,2000-05-09
19296,4308,5,5,2000-03-29
19297,4308,9,5,2000-06-06
19298,4308,1,4,2000-03-25
19299,4309,7,4,2000-04-26
19300,4309,1,1,2000-04-22
19301,4309,2,5,2000-02-09
19302,4309,6,5,2000-01-04
19303,4309,6,5,2000-06-07
19304,4310,8,2,2000-05-27
17233,3852,4,2,2000-01-07
17234,3852,5,5,2000-04-13
17235,3852,11,5,2000-05-04
17236,3853,5,4,2000-05-28
17237,3853,10,1,2000-01-02
17238,3853,3,2,2000-05-12
17239,3853,12,2,2000-04-23
17240,3854,6,3,2000-01-05
17241,3854,8,4,2000-03-22
17242,3854,6,1,2000-05-11
17243,3855,3,3,2000-04-04
17244,3855,7,4,2000-02-14
17245,3855,6,2,2000-06-07
17246,3855,1,5,2000-02-15
17247,3855,5,1,2000-01-28
17248,3856,9,4,2000-04-08
17249,3857,9,5,2000-02-06
17250,3857,13,2,2000-06-03
17251,3857,10,5,2000-06-15
17252,3857,8,5,2000-01-31
17253,3857,13,5,2000-02-09
17254,3857,12,5,2000-05-29
17255,3857,10,3,2000-04-10
17256,3857,12,3,2000-05-12
17257,3858,6,4,2000-01-05
17258,3858,3,5,2000-05-08
17259,3858,10,2,2000-05-16
17260,3859,12,2,2000-05-05
17261,3860,10,2,2000-02-08
17262,3860,13,5,2000-05-04
17263,3860,14,3,2000-04-01
17264,3861,14,4,2000-04-25
17265,3861,1,2,2000-06-20
17266,3861,5,3,2000-04-02
17267,3862,3,2,2000-04-19
17268,3862,7,4,2000-01-05
17269,3862,8,3,2000-02-29
17270,3862,2,1,2000-04-12
17271,3862,11,3,2000-04-06
17272,3862,5,2,2000-02-15
17273,3862,7,5,2000-04-12
17274,3862,3,1,2000-03-06
17275,3863,14,1,2000-05-15
17276,3863,10,1,2000-03-05
17277,3863,6,4,2000-06-11
17278,3863,14,1,2000-04-02
17279,3863,13,2,2000-01-12
17280,3863,14,3,2000-04-14
17281,3863,4,4,2000-03-06
17282,3863,3,3,2000-06-18
17283,3864,14,5,2000-05-03
17284,3864,13,5,2000-04-25
17285,3864,8,4,2000-05-08
17286,3864,11,4,2000-06-28
17287,3864,12,1,2000-06-27
17288,3864,5,4,2000-04-06
17289,3864,4,5,2000-01-27
17290,3865,3,4,2000-04-07
17291,3866,11,1,2000-02-15
17292,3866,11,5,2000-01-16
17293,3866,13,1,2000-05-10
17294,3866,8,1,2000-03-07
17295,3866,9,2,2000-05-24
17296,3866,10,4,2000-04-21
17297,3866,5,3,2000-03-30
17298,3866,2,3,2000-03-12
17299,3867,8,3,2000-02-27
17300,3867,8,4,2000-04-02
17301,3867,13,1,2000-05-24
17302,3867,8,5,2000-04-10
17303,3868,8,3,2000-02-26
17304,3868,5,2,2000-03-18
17305,3869,8,3,2000-02-21
17306,3869,2,1,2000-02-26
17307,3869,8,1,2000-06-25
17308,3870,14,1,2000-04-05
17309,3870,11,2,2000-04-03
17310,3871,2,3,2000-01-30
17311,3872,9,3,2000-06-10
17312,3872,8,3,2000-06-26
17313,3872,3,3,2000-02-24
17314,3872,13,2,2000-04-28
17315,3872,2,5,2000-03-07
17316,3872,1,5,2000-04-01
17317,3872,12,5,2000-01-11
17318,3873,5,2,2000-05-20
17319,3873,4,1,2000-02-28
17320,3873,4,3,2000-06-02
17321,3873,12,2,2000-06-06
17322,3874,14,4,2000-04-20
17323,3874,9,4,2000-01-06
17324,3875,3,4,2000-03-04
17325,3875,7,4,2000-01-20
17326,3876,8,5,2000-05-09
17327,3876,7,4,2000-01-28
17328,3876,1,5,2000-01-15
17329,3876,10,2,2000-04-17
17330,3876,4,4,2000-05-14
17331,3877,10,4,2000-05-25
17332,3877,8,4,2000-01-21
17333,3878,8,4,2000-06-10
17334,3879,8,4,2000-06-22
17335,3879,1,1,2000-05-02
17336,3879,7,1,2000-06-25
17337,3879,8,4,2000-01-21
17338,3879,6,3,2000-06-18
17339,3880,10,4,2000-03-05
17340,3880,1,4,2000-03-11
17341,3880,10,2,2000-02-10
17342,3880,12,1,2000-03-28
17343,3880,12,3,2000-03-22
17344,3880,14,4,2000-04-29
17345,3880,9,4,2000-06-21
17346,3880,8,4,2000-04-13
17347,3881,1,3,2000-01-30
17348,3881,7,4,2000-04-12
17349,3881,14,4,2000-04-20
17350,3881,14,4,2000-06-05
17351,3881,13,3,2000-03-01
17352,3881,4,4,2000-03-22
17353,3882,9,3,2000-03-23
17354,3882,6,3,2000-01-11
17355,3882,6,4,2000-02-01
17356,3882,6,5,2000-06-02
17357,3883,13,2,2000-03-26
17358,3883,13,3,2000-02-07
17359,3883,4,5,2000-02-02
17360,3883,13,3,2000-01-08
17361,3884,10,1,2000-05-05
17362,3884,4,5,2000-04-29
17363,3884,9,4,2000-06-21
17364,3884,6,4,2000-01-19
17365,3885,10,4,2000-03-05
17366,3885,1,4,2000-03-10
17367,3885,12,1,2000-06-25
17368,3886,4,4,2000-04-05
17369,3887,7,4,2000-04-09
17370,3888,8,1,2000-04-30
17371,3889,4,5,2000-03-17
17372,3889,14,2,2000-04-01
17373,3889,6,3,2000-02-16
17374,3889,2,1,2000-04-19
17375,3889,13,1,2000-05-01
17376,3889,11,3,2000-02-13
17377,3889,14,2,2000-05-20
17378,3889,12,1,2000-05-28
17379,3890,2,5,2000-01-26
17380,3890,13,4,2000-01-14
17381,3890,4,2,2000-01-03
17382,3890,5,2,2000-02-17
17383,3890,1,2,2000-03-22
17384,3891,5,5,2000-02-27
17385,3891,3,4,2000-01-31
17386,3891,4,2,2000-01-20
17387,3891,7,3,2000-02-02
17388,3891,13,2,2000-06-07
17389,3891,11,5,2000-05-07
17390,3891,14,1,2000-01-19
17391,3892,2,1,2000-04-27
17392,3892,6,1,2000-02-08
17393,3892,2,4,2000-05-16
17394,3892,10,2,2000-05-29
17395,3892,10,5,2000-04-06
17396,3893,5,1,2000-02-06
17397,3893,3,2,2000-02-05
17398,3893,5,5,2000-05-14
17399,3893,6,2,2000-02-07
17400,3893,2,3,2000-06-14
17401,3893,7,5,2000-01-25
17402,3893,9,1,2000-01-04
17403,3893,7,3,2000-01-21
17404,3894,4,2,2000-03-16
17405,3894,6,4,2000-04-24
17406,3894,2,3,2000-03-24
17407,3894,14,5,2000-04-28
17408,3894,3,1,2000-01-05
17409,3895,4,3,2000-05-12
17410,3896,5,5,2000-01-23
17411,3896,6,4,2000-02-18
17412,3896,8,4,2000-05-10
17413,3896,12,4,2000-01-27
17414,3896,12,4,2000-02-24
17415,3896,13,3,2000-05-11
17416,3896,11,4,2000-04-24
17417,3896,13,1,2000-02-21
17418,3897,13,1,2000-01-11
17419,3897,1,1,2000-06-14
17420,3897,4,3,2000-05-05
17421,3897,10,2,2000-03-23
17422,3897,9,3,2000-04-03
17423,3897,1,1,2000-03-28
17424,3897,14,4,2000-01-05
17425,3898,2,5,2000-02-17
17426,3898,3,1,2000-03-31
17427,3899,14,2,2000-02-07
17428,3899,1,4,2000-04-18
17429,3899,6,3,2000-05-03
17430,3899,11,3,2000-02-23
17431,3899,3,1,2000-06-27
17432,3900,9,2,2000-01-31
17433,3900,5,5,2000-03-12
17434,3900,8,5,2000-04-13
17435,3900,11,2,2000-05-14
17436,3900,11,5,2000-04-17
17437,3900,6,1,2000-01-25
17438,3900,1,4,2000-05-28
17439,3901,4,2,2000-04-23
17440,3901,11,3,2000-01-09
17441,3901,8,4,2000-02-25
17442,3901,13,4,2000-05-20
17443,3901,2,3,2000-03-13
17444,3902,7,3,2000-05-02
17445,3902,3,1,2000-01-30
17446,3903,5,4,2000-04-28
17447,3903,9,5,2000-06-06
17448,3903,14,1,2000-05-21
17449,3903,14,2,2000-01-22
17450,3904,9,1,2000-02-22
17451,3904,7,1,2000-04-28
17452,3904,11,5,2000-03-30
17453,3904,13,5,2000-01-24
17454,3904,1,5,2000-03-09
17455,3904,13,2,2000-05-09
17456,3905,1,3,2000-04-16
17457,3905,11,3,2000-02-04
17458,3905,5,5,2000-04-02
17459,3905,1,5,2000-04-04
17460,3905,11,2,2000-06-15
17461,3905,11,4,2000-03-08
17462,3906,2,4,2000-04-19
17463,3906,8,2,2000-04-20
17464,3906,7,3,2000-04-03
17465,3907,12,4,2000-06-12
17466,3907,3,3,2000-01-01
17467,3908,10,3,2000-01-07
17468,3909,10,3,2000-03-26
17469,3909,11,5,2000-02-24
17470,3909,14,5,2000-02-22
17471,3909,4,5,2000-06-21
17472,3909,5,1,2000-01-05
17473,3909,4,5,2000-04-01
17474,3909,1,3,2000-04-28
17475,3909,10,2,2000-02-22
17476,3910,12,3,2000-04-09
17477,3910,7,1,2000-03-31
17478,3910,6,2,2000-02-27
17479,3910,7,5,2000-02-10
17480,3911,2,5,2000-03-05
17481,3912,10,1,2000-06-25
17482,3912,8,1,2000-02-16
17483,3913,10,4,2000-01-10
17484,3913,6,4,2000-03-23
17485,3913,4,4,2000-06-11
17486,3913,10,2,2000-03-24
17487,3914,6,1,2000-04-09
17488,3914,8,5,2000-05-14
17489,3914,12,1,2000-01-12
17490,3914,7,1,2000-02-19
17491,3914,5,5,2000-06-14
17492,3915,2,5,2000-02-16
17493,3916,9,4,2000-01-12
17494,3916,8,1,2000-04-18
17495,3916,12,5,2000-06-24
17496,3916,12,4,2000-03-15
17497,3916,11,4,2000-02-12
17498,3916,3,3,2000-01-09
17499,3916,5,5,2000-01-15
17500,3916,2,2,2000-03-20
17501,3917,11,3,2000-03-22
17502,3917,5,5,2000-02-22
17503,3917,12,4,2000-01-30
17504,3917,7,5,2000-03-11
17505,3917,3,4,2000-05-30
17506,3917,7,5,2000-02-08
17507,3917,1,4,2000-04-11
17508,3917,8,4,2000-03-12
17509,3918,3,2,2000-05-31
17510,3918,14,5,2000-04-19
17511,3919,2,2,2000-05-18
17512,3919,8,2,2000-01-26
17513,3919,8,5,2000-02-06
17514,3919,4,1,2000-03-30
17515,3919,6,5,2000-01-27
17516,3920,3,2,2000-05-02
17517,3920,13,3,2000-05-09
17518,3920,2,1,2000-03-04
17519,3920,7,4,2000-02-26
17520,3920,4,1,2000-01-03
17521,3921,9,2,2000-06-09
17522,3921,11,5,2000-05-21
17523,3921,5,3,2000-05-13
17524,3921,6,1,2000-01-27
17525,3921,8,2,2000-05-27
17526,3921,10,5,2000-04-01
17527,3921,5,3,2000-04-24
17528,3921,5,2,2000-03-30
17529,3922,14,2,2000-06-23
17530,3922,11,4,2000-04-07
17531,3922,14,1,2000-03-08
17532,3922,1,5,2000-05-31
17533,3922,7,3,2000-04-27
17534,3923,1,5,2000-01-14
17535,3923,6,2,2000-06-07
17536,3923,2,4,2000-02-19
17537,3923,10,5,2000-03-01
17538,3923,12,2,2000-03-26
17539,3923,3,2,2000-05-17
17540,3923,4,2,2000-05-11
17541,3923,1,1,2000-01-25
17542,3924,13,1,2000-02-01
17543,3924,12,4,2000-01-23
17544,3924,10,2,2000-01-25
17545,3925,1,4,2000-01-24
17546,3925,12,2,2000-04-21
17547,3925,11,3,2000-03-11
17548,3925,1,2,2000-02-12
17549,3925,10,5,2000-02-23
17550,3926,7,3,2000-03-24
17551,3926,5,2,2000-03-26
17552,3926,2,5,2000-04-23
17553,3927,5,1,2000-02-10
17554,3927,8,4,2000-04-20
17555,3927,14,5,2000-02-05
17556,3927,8,2,2000-04-14
17557,3927,8,1,2000-06-27
17558,3927,11,4,2000-06-08
17559,3927,5,2,2000-05-21
17560,3927,4,1,2000-04-19
17561,3928,4,2,2000-05-08
17562,3929,1,4,2000-03-08
17563,3929,12,5,2000-05-24
17564,3929,5,4,2000-06-23
17565,3930,11,4,2000-05-14
17566,3930,8,4,2000-05-12
17567,3930,13,3,2000-06-13
17568,3930,14,4,2000-04-02
17569,3930,12,2,2000-04-07
17570,3930,9,1,2000-01-11
17571,3930,1,4,2000-02-22
17572,3931,14,2,2000-04-05
17573,3931,8,5,2000-04-20
17574,3931,1,2,2000-06-28
17575,3931,6,1,2000-04-11
17576,3931,3,4,2000-04-05
17577,3931,4,3,2000-01-24
17578,3931,13,3,2000-02-27
17579,3931,7,2,2000-04-18
17580,3932,3,5,2000-01-26
17581,3932,11,5,2000-01-18
17582,3932,13,5,2000-01-09
17583,3933,6,4,2000-04-26
17584,3933,8,3,2000-04-05
17585,3933,12,3,2000-01-20
17586,3933,11,5,2000-06-10
17587,3933,3,5,2000-03-15
17588,3933,10,5,2000-01-02
17589,3933,7,4,2000-02-01
17590,3934,11,5,2000-04-24
17591,3934,5,5,2000-02-17
17592,3934,13,5,2000-05-23
17593,3934,13,4,2000-01-18
17594,3935,7,4,2000-04-05
17595,3935,3,3,2000-04-24
17596,3935,10,2,2000-01-11
17597,3936,8,1,2000-03-03
17598,3937,5,3,2000-02-01
17599,3937,6,2,2000-02-04
17600,3937,9,4,2000-04-25
17601,3937,4,3,2000-04-05
17602,3937,13,1,2000-01-26
17603,3937,11,5,2000-03-26
17604,3937,13,3,2000-02-08
17605,3938,14,1,2000-05-15
17606,3938,14,1,2000-03-09
17607,3938,2,1,2000-06-26
17608,3938,12,2,2000-05-12
17609,3938,14,1,2000-04-14
17610,3939,13,4,2000-03-05
17611,3939,6,2,2000-01-02
17612,3940,9,5,2000-03-09
17613,3940,7,1,2000-03-07
17614,3940,14,4,2000-02-03
17615,3940,2,1,2000-04-14
17616,3941,8,1,2000-03-04
17617,3941,4,5,2000-01-22
17618,3941,14,5,2000-03-08
17619,3941,10,2,2000-03-10
17620,3941,7,2,2000-02-27
17621,3941,5,1,2000-02-13
17622,3941,8,3,2000-06-23
17623,3941,6,4,2000-04-08
17624,3942,13,3,2000-02-27
17625,3942,2,4,2000-05-14
17626,3943,12,5,2000-01-14
17627,3943,9,5,2000-04-08
17628,3943,3,4,2000-02-28
17629,3943,6,1,2000-05-28
17630,3943,6,4,2000-01-25
17631,3944,9,3,2000-05-22
17632,3944,11,4,2000-06-10
17633,3944,1,5,2000-06-05
17634,3945,9,3,2000-03-29
17635,3945,10,4,2000-03-30
17636,3945,2,2,2000-04-27
17637,3945,4,2,2000-02-26
17638,3945,10,3,2000-06-21
17639,3946,7,4,2000-06-17
17640,3947,5,1,2000-03-04
17641,3947,4,4,2000-06-06
17642,3947,12,1,2000-04-16
17643,3947,2,1,2000-02-08
17644,3947,5,3,2000-06-04
17645,3947,14,3,2000-01-21
17646,3947,7,3,2000-05-18
17647,3948,9,1,2000-02-01
17648,3948,3,5,2000-03-19
17649,3948,2,1,2000-03-02
17650,3948,11,5,2000-03-02
17651,3948,4,4,2000-01-04
17652,3949,7,3,2000-06-06
17653,3949,12,1,2000-02-29
17654,3949,6,5,2000-03-20
17655,3949,14,2,2000-05-14
17656,3949,12,5,2000-04-24
17657,3949,12,1,2000-02-27
17658,3949,14,2,2000-01-24
17659,3950,11,3,2000-04-14
17660,3950,3,2,2000-06-12
17661,3950,10,2,2000-02-26
17662,3950,4,4,2000-02-03
17663,3950,5,1,2000-06-14
17664,3951,7,3,2000-02-11
17665,3951,12,1,2000-04-27
17666,3951,13,5,2000-03-22
17667,3951,2,4,2000-03-24
17668,3952,12,4,2000-02-02
17669,3952,10,3,2000-02-24
17670,3952,7,5,2000-05-05
17671,3952,8,5,2000-04-18
17672,3952,7,4,2000-02-02
17673,3952,3,4,2000-03-17
17674,3952,11,3,2000-06-17
17675,3953,2,4,2000-02-10
17676,3953,1,3,2000-03-27
17677,3953,11,1,2000-01-20
17678,3953,4,5,2000-04-07
17679,3953,9,3,2000-03-23
17680,3953,1,4,2000-05-29
17681,3953,14,1,2000-03-09
17682,3954,5,3,2000-05-03
17683,3954,12,1,2000-01-17
17684,3955,14,1,2000-03-27
17685,3955,10,2,2000-05-29
17686,3955,12,2,2000-06-15
17687,3956,14,4,2000-04-21
17688,3956,3,4,2000-03-11
17689,3956,8,4,2000-03-27
17690,3957,7,4,2000-06-15
17691,3957,11,5,2000-02-04
17692,3957,10,1,2000-06-14
17693,3957,10,1,2000-05-10
17694,3957,12,3,2000-05-10
17695,3958,9,2,2000-06-17
17696,3958,12,5,2000-02-20
17697,3958,7,4,2000-03-30
17698,3958,10,1,2000-06-19
17699,3958,5,4,2000-03-03
17700,3958,11,4,2000-04-14
17701,3958,3,4,2000-01-03
17702,3958,8,3,2000-06-08
17703,3959,10,4,2000-05-26
17704,3959,6,5,2000-02-13
17705,3959,8,5,2000-04-27
17706,3959,5,5,2000-03-13
17707,3959,2,4,2000-03-18
17708,3959,11,3,2000-01-12
17709,3960,8,2,2000-06-07
17710,3960,7,4,2000-01-11
17711,3960,11,4,2000-04-19
17712,3960,2,1,2000-02-21
17713,3960,10,1,2000-03-02
17714,3960,1,3,2000-06-04
17715,3960,2,3,2000-02-21
17716,3961,10,5,2000-03-10
17717,3961,12,4,2000-03-16
17718,3961,1,1,2000-04-21
17719,3961,2,1,2000-04-11
17720,3962,3,4,2000-03-24
17721,3962,1,3,2000-06-13
17722,3962,3,4,2000-05-13
17723,3963,7,2,2000-02-08
17724,3963,2,4,2000-03-16
17725,3963,14,4,2000-05-09
17726,3963,10,1,2000-06-24
17727,3963,1,5,2000-02-29
17728,3964,9,4,2000-03-14
17729,3964,8,3,2000-04-03
17730,3964,6,2,2000-03-26
17731,3964,11,2,2000-01-04
17732,3964,2,4,2000-01-15
17733,3964,14,1,2000-06-27
17734,3965,11,5,2000-01-25
17735,3965,13,4,2000-01-07
17736,3966,6,2,2000-05-13
17737,3966,9,1,2000-01-01
17738,3966,1,2,2000-01-13
17739,3967,9,5,2000-04-19
17740,3967,12,2,2000-03-11
17741,3967,11,2,2000-05-13
17742,3967,4,2,2000-05-06
17743,3967,2,3,2000-06-18
17744,3967,4,2,2000-02-15
17745,3967,11,3,2000-06-05
17746,3967,12,4,2000-06-14
17747,3968,7,3,2000-01-30
17748,3968,8,4,2000-02-26
17749,3968,14,5,2000-01-04
17750,3968,4,4,2000-01-13
17751,3969,9,2,2000-04-22
17752,3969,2,1,2000-06-11
17753,3969,5,5,2000-02-28
17754,3969,3,5,2000-06-21
17755,3969,2,4,2000-06-06
17756,3970,11,1,2000-03-16
17757,3970,1,5,2000-05-13
17758,3970,14,4,2000-06-25
17759,3970,14,2,2000-05-13
17760,3970,3,3,2000-04-27
17761,3970,3,4,2000-03-07
17762,3970,5,4,2000-01-21
17763,3970,13,1,2000-02-14
17764,3971,4,1,2000-03-08
17765,3971,9,1,2000-01-09
17766,3972,11,2,2000-03-13
17767,3972,10,4,2000-03-09
17768,3973,13,3,2000-01-18
17769,3973,2,5,2000-06-16
17770,3973,14,4,2000-01-18
17771,3973,1,1,2000-06-17
17772,3973,13,1,2000-02-07
17773,3973,12,1,2000-05-15
17774,3974,2,1,2000-05-06
17775,3974,5,5,2000-06-13
17776,3974,10,5,2000-06-07
17777,3974,6,1,2000-01-19
17778,3974,3,2,2000-03-24
17779,3974,10,2,2000-02-02
17780,3975,8,2,2000-03-15
17781,3975,12,5,2000-05-30
17782,3975,1,1,2000-01-24
17783,3975,13,3,2000-03-25
17784,3975,7,2,2000-06-26
17785,3975,10,3,2000-03-16
17786,3975,1,2,2000-01-03
17787,3975,10,5,2000-05-22
17788,3976,2,1,2000-06-08
17789,3976,4,2,2000-06-26
17790,3976,5,5,2000-04-23
17791,3976,5,4,2000-06-19
17792,3976,1,5,2000-05-21
17793,3977,10,4,2000-02-04
17794,3977,6,3,2000-04-03
17795,3977,7,5,2000-05-02
17796,3978,11,4,2000-04-18
17797,3978,10,2,2000-02-18
17798,3978,13,5,2000-06-21
17799,3978,10,3,2000-04-16
17800,3978,12,3,2000-06-16
17801,3978,10,3,2000-06-12
17802,3978,4,4,2000-05-10
17803,3979,14,1,2000-06-24
17804,3979,2,1,2000-02-06
17805,3979,14,2,2000-05-16
17806,3979,5,3,2000-01-17
17807,3979,6,2,2000-01-21
17808,3979,9,2,2000-01-06
17809,3980,10,5,2000-05-08
17810,3981,5,4,2000-05-04
17811,3982,6,2,2000-05-05
17812,3982,5,3,2000-02-27
17813,3982,1,3,2000-02-28
17814,3982,10,2,2000-06-26
17815,3982,12,1,2000-03-17
17816,3982,2,1,2000-02-02
17817,3982,11,2,2000-06-17
17818,3982,7,3,2000-03-20
17819,3983,14,5,2000-06-24
17820,3983,7,4,2000-05-11
17821,3984,2,4,2000-03-17
17822,3984,3,4,2000-04-23
17823,3984,8,3,2000-06-04
17824,3985,14,4,2000-02-15
17825,3985,11,1,2000-04-29
17826,3985,1,3,2000-06-14
17827,3985,11,3,2000-06-04
17828,3985,4,2,2000-03-04
17829,3986,8,4,2000-06-27
17830,3986,8,4,2000-03-13
17831,3986,3,3,2000-01-11
17832,3986,9,1,2000-01-11
17833,3986,3,4,2000-03-17
17834,3986,2,1,2000-02-16
17835,3987,10,1,2000-05-03
17836,3987,6,5,2000-01-05
17837,3987,5,5,2000-03-03
17838,3987,13,1,2000-05-13
17839,3987,10,5,2000-02-22
17840,3987,13,5,2000-02-17
17841,3987,6,1,2000-06-06
17842,3988,5,5,2000-03-08
17843,3988,12,3,2000-06-18
17844,3989,9,3,2000-01-17
17845,3990,5,3,2000-02-09
17846,3990,12,2,2000-01-29
17847,3990,13,2,2000-03-21
17848,3991,7,3,2000-01-29
17849,3991,2,3,2000-04-20
17850,3991,3,1,2000-05-31
17851,3991,13,5,2000-05-28
17852,3992,8,3,2000-05-29
17853,3992,11,3,2000-05-22
17854,3992,8,4,2000-04-03
17855,3992,10,4,2000-04-08
17856,3992,5,2,2000-02-10
17857,3993,2,4,2000-06-24
17858,3993,12,4,2000-01-24
17859,3993,12,5,2000-02-12
17860,3993,1,5,2000-05-02
17861,3994,1,5,2000-05-30
17862,3994,9,5,2000-04-30
17863,3994,14,4,2000-05-27
17864,3995,1,3,2000-04-02
17865,3996,9,5,2000-06-25
17866,3996,8,5,2000-01-20
17867,3996,12,1,2000-03-13
17868,3997,8,2,2000-02-17
17869,3997,5,1,2000-06-08
17870,3998,10,1,2000-03-06
17871,3998,12,4,2000-02-26
17872,3998,14,4,2000-06-01
17873,3998,2,4,2000-02-22
17874,3999,3,4,2000-06-05
17875,3999,4,2,2000-01-09
17876,3999,9,1,2000-02-15
17877,3999,12,1,2000-04-01
17878,3999,14,5,2000-03-29
17879,3999,7,1,2000-01-25
17880,3999,13,4,2000-05-24
17881,4000,7,2,2000-02-08
17882,4000,8,1,2000-06-12
17883,4000,5,1,2000-01-23
17884,4000,14,1,2000-01-02
17885,4000,12,4,2000-04-13
17886,4000,7,4,2000-04-28
17887,4000,9,1,2000-02-05
17888,4001,8,2,2000-04-11
17889,4001,13,5,2000-05-28
17890,4001,13,2,2000-04-08
17891,4002,3,1,2000-01-21
17892,4002,13,1,2000-01-15
17893,4002,6,1,2000-04-30
17894,4003,2,1,2000-01-04
17895,4003,8,5,2000-04-05
17896,4003,2,3,2000-04-04
17897,4003,5,5,2000-01-19
17898,4003,9,4,2000-05-11
17899,4003,5,4,2000-06-04
17900,4003,11,1,2000-03-27
17901,4003,9,3,2000-04-02
17902,4004,12,4,2000-03-26
17903,4004,1,3,2000-02-06
17904,4004,14,1,2000-05-13
17905,4004,4,5,2000-01-30
17906,4004,3,5,2000-01-19
17907,4005,6,5,2000-01-07
17908,4005,9,1,2000-05-21
17909,4005,1,4,2000-03-22
17910,4005,5,1,2000-01-30
17911,4006,6,4,2000-05-12
17912,4007,14,2,2000-02-04
17913,4008,3,4,2000-04-03
17914,4008,4,4,2000-03-10
17915,4009,13,5,2000-01-12
17916,4009,11,1,2000-01-09
17917,4010,4,4,2000-01-08
17918,4011,7,5,2000-02-13
17919,4011,1,4,2000-01-28
17920,4011,12,2,2000-05-31
17921,4011,10,1,2000-03-18
17922,4011,9,4,2000-01-24
17923,4012,6,3,2000-05-09
17924,4012,1,2,2000-04-02
17925,4012,7,1,2000-04-25
17926,4012,8,2,2000-01-07
17927,4012,3,5,2000-04-03
17928,4012,13,1,2000-04-03
17929,4012,3,4,2000-02-28
17930,4012,14,1,2000-05-03
17931,4013,11,2,2000-02-06
17932,4013,3,2,2000-02-01
17933,4013,3,2,2000-01-21
17934,4013,4,1,2000-03-20
17935,4013,5,2,2000-01-22
17936,4013,13,2,2000-04-21
17937,4013,2,1,2000-02-10
17938,4013,11,5,2000-04-14
17939,4014,1,3,2000-05-26
17940,4014,4,5,2000-01-22
17941,4014,3,4,2000-04-15
17942,4014,9,3,2000-04-29
17943,4014,4,3,2000-01-24
17944,4014,8,3,2000-04-19
17945,4014,6,2,2000-02-27
17946,4015,11,5,2000-01-24
17947,4015,6,1,2000-02-07
17948,4015,13,3,2000-04-30
17949,4015,12,4,2000-02-11
17950,4016,12,1,2000-02-22
17951,4016,11,2,2000-06-08
17952,4017,7,2,2000-02-28
17953,4017,2,5,2000-04-06
17954,4017,9,3,2000-03-18
17955,4017,7,3,2000-01-29
17956,4017,11,1,2000-03-08
17957,4017,14,4,2000-01-29
17958,4017,6,2,2000-04-25
17959,4017,5,5,2000-05-11
17960,4018,14,1,2000-01-25
17961,4018,12,5,2000-02-03
17962,4018,10,3,2000-04-17
17963,4018,4,3,2000-06-15
17964,4018,8,3,2000-05-25
17965,4018,4,3,2000-03-06
17966,4019,12,3,2000-03-20
17967,4019,13,3,2000-03-06
17968,4020,7,3,2000-06-03
17969,4020,14,4,2000-05-07
17970,4020,6,2,2000-03-10
17971,4020,14,1,2000-02-04
17972,4020,12,2,2000-01-25
17973,4021,6,3,2000-05-04
17974,4021,7,3,2000-05-30
17975,4021,4,3,2000-05-30
17976,4021,7,4,2000-04-07
17977,4022,5,4,2000-03-17
17978,4022,14,3,2000-01-09
17979,4022,12,1,2000-04-03
17980,4022,4,2,2000-04-11
17981,4022,10,4,2000-06-15
17982,4022,1,3,2000-04-27
17983,4023,10,3,2000-01-06
17984,4024,9,1,2000-06-27
17985,4024,13,2,2000-03-09
17986,4024,9,2,2000-04-12
17987,4024,6,3,2000-03-16
17988,4024,1,2,2000-04-06
17989,4024,4,5,2000-06-10
17990,4025,7,4,2000-01-13
17991,4025,12,4,2000-05-15
17992,4025,13,2,2000-02-07
17993,4025,14,5,2000-02-18
17994,4025,8,5,2000-02-01
17995,4025,7,1,2000-06-18
17996,4026,5,1,2000-05-20
17997,4026,6,1,2000-05-01
17998,4026,1,4,2000-03-29
17999,4026,11,1,2000-03-08
18000,4026,5,5,2000-04-06
18001,4026,11,2,2000-03-10
18002,4027,5,2,2000-02-03
18003,4027,11,2,2000-06-02
18004,4027,2,2,2000-01-31
18005,4027,13,3,2000-05-28
18006,4028,7,5,2000-05-28
18007,4028,13,3,2000-01-03
18008,4028,3,1,2000-05-01
18009,4028,13,2,2000-04-27
18010,4029,1,5,2000-01-25
18011,4029,4,1,2000-03-04
18012,4029,6,2,2000-03-06
18013,4029,12,2,2000-05-03
18014,4030,13,3,2000-01-02
18015,4030,8,5,2000-02-29
18016,4030,13,4,2000-04-04
18017,4030,3,4,2000-05-11
18018,4031,2,1,2000-02-14
18019,4031,3,3,2000-03-13
18020,4031,11,2,2000-02-23
18021,4031,2,5,2000-05-21
18022,4031,6,5,2000-06-11
18023,4032,5,2,2000-05-28
18024,4032,5,3,2000-05-21
18025,4032,3,4,2000-01-26
18026,4032,14,2,2000-02-06
18027,4032,1,2,2000-04-10
18028,4032,8,4,2000-03-24
18029,4033,1,5,2000-02-15
18030,4033,14,4,2000-03-19
18031,4033,6,2,2000-05-11
18032,4033,10,1,2000-03-16
18033,4033,3,3,2000-04-03
18034,4034,9,4,2000-02-10
18035,4034,14,2,2000-03-09
18036,4034,2,2,2000-01-03
18037,4034,1,3,2000-02-25
18038,4035,12,1,2000-01-23
18039,4035,12,4,2000-03-27
18040,4035,5,1,2000-06-12
18041,4035,9,3,2000-06-02
18042,4035,7,5,2000-03-25
18043,4035,10,5,2000-03-21
18044,4035,12,5,2000-04-29
18045,4036,12,4,2000-06-01
18046,4037,2,5,2000-06-03
18047,4037,2,5,2000-05-06
18048,4037,6,4,2000-02-23
18049,4038,6,3,2000-06-06
18050,4038,1,4,2000-05-15
18051,4038,4,2,2000-06-07
18052,4038,3,2,2000-03-19
18053,4039,8,1,2000-01-09
18054,4039,10,4,2000-01-06
18055,4039,14,2,2000-05-27
18056,4040,7,1,2000-01-19
18057,4040,9,1,2000-03-15
18058,4040,12,5,2000-04-07
18059,4040,11,3,2000-03-22
18060,4040,6,3,2000-02-01
18061,4041,5,1,2000-01-10
18062,4041,3,2,2000-06-17
18063,4041,12,4,2000-01-28
18064,4041,2,4,2000-01-02
18065,4041,14,5,2000-06-10
18066,4042,2,3,2000-02-26
18067,4042,5,1,2000-02-15
18068,4042,10,3,2000-06-12
18069,4042,7,3,2000-05-12
18070,4043,3,2,2000-04-08
18071,4043,12,3,2000-04-29
18072,4043,4,4,2000-02-29
18073,4044,4,5,2000-06-07
18074,4044,3,2,2000-02-06
18075,4044,11,3,2000-06-18
18076,4044,8,4,2000-01-02
18077,4045,8,1,2000-03-30
18078,4045,10,2,2000-04-07
18079,4045,2,4,2000-02-02
18080,4045,3,5,2000-03-12
18081,4045,1,2,2000-04-18
18082,4046,8,3,2000-06-17
18083,4046,10,4,2000-04-04
18084,4046,8,4,2000-01-31
18085,4046,13,1,2000-01-25
18086,4046,14,1,2000-05-03
18087,4046,5,2,2000-02-14
18088,4046,3,2,2000-04-21
18089,4046,6,1,2000-05-03
18090,4047,2,5,2000-01-24
18091,4047,3,4,2000-05-07
18092,4047,1,2,2000-02-02
18093,4047,6,5,2000-05-22
18094,4047,3,1,2000-03-29
18095,4047,10,2,2000-04-02
18096,4047,1,1,2000-03-26
18097,4047,13,2,2000-05-30
18098,4048,2,2,2000-06-03
18099,4048,3,3,2000-05-30
18100,4048,3,4,2000-04-08
18101,4048,1,3,2000-06-20
18102,4048,3,4,2000-02-11
18103,4048,7,3,2000-04-28
18104,4049,14,1,2000-02-15
18105,4049,11,2,2000-04-17
18106,4050,11,3,2000-04-11
18107,4050,5,2,2000-03-05
18108,4051,2,4,2000-06-09
18109,4051,12,5,2000-03-28
18110,4051,3,1,2000-02-08
18111,4051,7,4,2000-06-19
18112,4051,4,5,2000-04-19
18113,4051,13,4,2000-02-11
18114,4051,2,5,2000-02-13
18115,4052,10,5,2000-06-08
18116,4052,11,3,2000-01-30
18117,4052,13,3,2000-05-22
18118,4052,12,4,2000-03-17
18119,4052,5,4,2000-02-19
18120,4052,14,2,2000-06-24
18121,4053,9,4,2000-04-17
18122,4054,11,1,2000-06-27
18123,4054,10,3,2000-05-22
18124,4054,7,4,2000-05-07
18125,4054,3,5,2000-06-24
18126,4054,14,4,2000-03-18
18127,4054,14,4,2000-05-24
18128,4054,6,3,2000-05-08
18129,4054,1,1,2000-01-26
18130,4055,1,4,2000-05-30
18131,4055,3,1,2000-03-08
18132,4055,12,4,2000-01-16
18133,4056,2,3,2000-01-16
18134,4056,14,4,2000-04-26
18135,4056,11,4,2000-02-04
18136,4056,11,2,2000-01-30
18137,4056,10,3,2000-06-09
18138,4056,9,1,2000-06-03
18139,4057,1,4,2000-04-19
18140,4057,2,3,2000-05-16
18141,4057,1,2,2000-03-21
18142,4057,5,4,2000-06-04
18143,4057,13,5,2000-02-29
18144,4057,6,4,2000-03-18
18145,4057,6,2,2000-04-14
18146,4058,5,1,2000-05-02
18147,4058,7,1,2000-03-17
18148,4058,9,2,2000-04-08
18149,4058,8,3,2000-01-05
18150,4058,8,3,2000-01-24
18151,4059,2,2,2000-05-03
18152,4059,4,4,2000-01-05
18153,4059,8,3,2000-05-22
18154,4059,11,4,2000-02-10
18155,4059,5,1,2000-04-11
18156,4059,1,1,2000-06-15
18157,4059,7,4,2000-05-31
18158,4060,5,5,2000-06-12
18159,4060,6,2,2000-01-31
18160,4060,13,5,2000-02-27
18161,4060,8,4,2000-01-29
18162,4060,9,1,2000-05-22
18163,4060,3,2,2000-01-05
18164,4061,9,2,2000-01-22
18165,4061,13,2,2000-04-02
18166,4061,13,1,2000-04-18
18167,4061,8,2,2000-04-22
18168,4062,9,4,2000-05-19
18169,4062,12,3,2000-04-30
18170,4062,2,2,2000-03-26
18171,4062,12,2,2000-01-01
18172,4062,2,,2000-01-04
18173,4062,13,4,2000-05-17
18174,4062,7,5,2000-02-27
18175,4063,12,3,2000-05-21
18176,4063,10,3,2000-01-09
18177,4064,6,2,2000-01-02
18178,4064,3,1,2000-05-31
18179,4064,10,4,2000-03-26
18180,4064,12,3,2000-06-11
18181,4065,4,1,2000-01-17
18182,4065,5,4,2000-01-03
18183,4065,13,5,2000-06-14
18184,4065,12,2,2000-05-30
18185,4066,13,2,2000-06-14
18186,4066,4,1,2000-06-28
18187,4067,8,3,2000-02-20
18188,4067,6,2,2000-06-23
18189,4067,9,2,2000-03-17
18190,4068,1,5,2000-06-11
18191,4068,4,3,2000-06-11
18192,4068,11,4,2000-04-14
18193,4068,4,4,2000-05-12
18194,4068,1,3,2000-06-04
18195,4068,10,1,2000-05-26
18196,4068,13,5,2000-05-07
18197,4069,6,2,2000-06-08
18198,4069,7,1,2000-02-07
18199,4069,5,1,2000-06-22
18200,4070,10,4,2000-06-28
18201,4070,2,5,2000-06-02
18202,4070,13,2,2000-06-06
18203,4070,7,5,2000-02-12
18204,4071,4,1,2000-01-05
18205,4071,2,3,2000-04-16
18206,4071,2,2,2000-02-08
18207,4071,12,5,2000-06-15
18208,4071,11,5,2000-03-06
18209,4071,2,1,2000-03-05
18210,4072,5,4,2000-06-12
18211,4072,2,2,2000-02-18
18212,4072,3,3,2000-02-15
18213,4072,13,2,2000-04-06
18214,4073,4,2,2000-04-21
18215,4074,10,5,2000-01-10
18216,4074,11,2,2000-04-27
18217,4074,3,4,2000-04-29
18218,4075,8,4,2000-04-11
18219,4075,11,4,2000-04-14
18220,4075,14,2,2000-06-14
18221,4076,5,3,2000-04-01
18222,4077,4,1,2000-02-10
18223,4077,9,5,2000-03-16
18224,4077,10,1,2000-03-31
18225,4077,8,2,2000-02-12
18226,4077,2,5,2000-05-16
18227,4077,2,1,2000-05-01
18228,4077,6,1,2000-03-04
18229,4077,5,2,2000-01-23
18230,4078,1,4,2000-06-17
18231,4078,7,1,2000-06-02
18232,4079,10,5,2000-06-18
18233,4079,7,3,2000-03-07
18234,4079,11,4,2000-04-18
18235,4079,4,5,2000-03-11
18236,4079,13,3,2000-01-16
18237,4079,14,1,2000-06-02
18238,4080,8,2,2000-01-06
18239,4080,1,2,2000-03-29
18240,4080,1,3,2000-06-24
18241,4080,6,1,2000-01-03
18242,4080,9,3,2000-04-21
18243,4080,6,4,2000-06-16
18244,4080,5,2,2000-01-17
18245,4081,11,2,2000-01-27
18246,4081,9,2,2000-05-26
18247,4082,1,2,2000-05-25
18248,4082,3,5,2000-06-20
18249,4082,5,1,2000-05-09
18250,4083,11,5,2000-02-17
18251,4083,3,4,2000-03-30
18252,4083,11,2,2000-05-26
18253,4083,11,4,2000-04-26
18254,4083,5,5,2000-04-02
18255,4083,1,3,2000-02-21
18256,4083,2,4,2000-05-21
18257,4084,8,2,2000-04-09
18258,4084,12,3,2000-05-18
18259,4084,8,3,2000-03-17
18260,4084,8,2,2000-01-05
18261,4085,6,4,2000-03-14
18262,4085,13,2,2000-04-09
18263,4085,12,1,2000-04-16
18264,4085,3,4,2000-06-14
18265,4085,5,4,2000-01-30
18266,4085,2,2,2000-02-20
18267,4086,7,5,2000-06-19
18268,4087,2,1,2000-03-24
18269,4088,2,4,2000-02-10
18270,4088,12,1,2000-01-12
18271,4088,13,1,2000-03-07
18272,4088,5,4,2000-02-02
18273,4088,1,2,2000-06-05
18274,4088,9,1,2000-02-24
18275,4088,8,3,2000-03-26
18276,4089,9,2,2000-03-04
18277,4090,11,5,2000-06-27
18278,4090,14,2,2000-05-22
18279,4090,14,1,2000-04-07
18280,4091,4,1,2000-03-12
18281,4091,4,2,2000-05-21
18282,4091,8,5,2000-03-31
18283,4092,12,3,2000-03-21
18284,4093,11,3,2000-04-25
18285,4093,2,5,2000-01-28
18286,4093,12,2,2000-02-12
18287,4093,7,4,2000-02-07
18288,4093,2,5,2000-05-29
18289,4093,1,4,2000-01-14
18290,4094,2,2,2000-05-17
18291,4094,1,2,2000-05-18
18292,4095,12,3,2000-01-24
18293,4095,5,1,2000-02-03
18294,4095,7,5,2000-02-02
18295,4095,2,3,2000-01-18
18296,4096,12,1,2000-03-22
18297,4096,11,2,2000-02-08
18298,4096,3,4,2000-04-18
18299,4097,4,3,2000-05-20
18300,4098,12,2,2000-03-08
18301,4098,9,5,2000-01-30
18302,4098,6,2,2000-03-22
18303,4098,7,2,2000-04-15
18304,4098,13,5,2000-06-28
18305,4098,4,5,2000-02-27
18306,4098,13,4,2000-06-05
18307,4098,1,5,2000-05-24
18308,4099,6,1,2000-03-17
18309,4099,7,3,2000-03-13
18310,4099,1,3,2000-01-15
18311,4099,7,1,2000-02-14
18312,4099,6,4,2000-06-02
18313,4099,7,4,2000-04-15
18314,4099,6,3,2000-05-17
18315,4100,12,2,2000-02-15
18316,4100,4,3,2000-03-01
18317,4100,1,3,2000-01-21
18318,4100,2,3,2000-05-03
18319,4101,9,1,2000-01-07
18320,4101,12,4,2000-05-14
18321,4101,10,4,2000-05-09
18322,4101,8,3,2000-02-02
18323,4101,9,5,2000-02-25
18324,4101,13,3,2000-04-06
18325,4102,7,5,2000-01-30
18326,4102,4,2,2000-02-14
18327,4102,5,1,2000-06-19
18328,4102,11,5,2000-02-16
18329,4103,3,4,2000-03-28
18330,4103,10,3,2000-03-03
18331,4103,2,1,2000-01-25
18332,4103,1,3,2000-06-27
18333,4103,1,1,2000-06-09
18334,4104,14,1,2000-01-27
18335,4105,6,4,2000-02-24
18336,4105,1,4,2000-01-23
18337,4105,12,2,2000-02-23
18338,4106,5,4,2000-05-23
18339,4107,5,4,2000-05-06
18340,4107,5,5,2000-01-29
18341,4107,4,1,2000-06-24
18342,4107,11,2,2000-04-05
18343,4107,14,1,2000-04-12
18344,4107,4,2,2000-03-12
18345,4107,8,2,2000-06-04
18346,4108,3,4,2000-04-20
18347,4108,6,2,2000-01-20
18348,4108,5,5,2000-05-24
18349,4108,1,2,2000-03-09
18350,4108,2,3,2000-06-25
18351,4108,11,5,2000-05-16
18352,4108,7,3,2000-03-03
18353,4108,2,1,2000-06-14
18354,4109,5,5,2000-01-08
18355,4109,2,3,2000-04-04
18356,4109,14,5,2000-04-13
18357,4109,4,2,2000-02-28
18358,4110,7,4,2000-04-05
18359,4110,10,1,2000-03-03
18360,4111,13,5,2000-02-17
18361,4111,14,1,2000-06-26
18362,4111,3,3,2000-03-08
18363,4112,8,2,2000-05-01
18364,4112,1,1,2000-03-17
18365,4112,13,3,2000-03-09
18366,4112,12,3,2000-06-18
18367,4112,10,2,2000-05-30
18368,4112,4,4,2000-06-25
18369,4112,1,5,2000-02-11
18370,4112,4,4,2000-01-28
18371,4113,8,2,2000-06-04
18372,4113,1,1,2000-06-01
18373,4113,11,3,2000-04-12
18374,4113,1,1,2000-02-28
18375,4114,14,4,2000-05-22
18376,4114,5,5,2000-02-24
18377,4114,10,4,2000-03-07
18378,4114,3,5,2000-05-06
18379,4114,7,1,2000-04-20
18380,4114,2,1,2000-06-07
18381,4114,8,5,2000-04-11
18382,4115,5,1,2000-01-15
18383,4115,9,3,2000-03-29
18384,4115,9,5,2000-01-27
18385,4115,5,3,2000-04-19
18386,4116,2,4,2000-06-21
18387,4116,6,1,2000-05-25
18388,4116,10,4,2000-01-01
18389,4116,1,2,2000-06-13
18390,4116,11,4,2000-01-22
18391,4116,4,1,2000-01-27
18392,4117,14,5,2000-04-16
18393,4117,2,2,2000-05-09
18394,4117,8,1,2000-04-20
18395,4117,1,2,2000-03-18
18396,4117,7,1,2000-05-16
18397,4118,9,5,2000-03-10
18398,4118,14,3,2000-03-20
18399,4118,9,4,2000-04-23
18400,4118,5,1,2000-05-02
18401,4118,11,1,2000-01-15
18402,4118,14,4,2000-04-13
18403,4119,11,2,2000-06-04
18404,4119,14,1,2000-02-12
18405,4119,7,3,2000-02-26
18406,4119,6,4,2000-06-23
18407,4119,4,2,2000-05-28
18408,4120,12,5,2000-01-09
18409,4120,4,2,2000-06-05
18410,4120,3,5,2000-05-14
18411,4120,11,2,2000-05-16
18412,4120,2,5,2000-03-09
18413,4121,5,1,2000-01-09
18414,4121,8,1,2000-05-15
18415,4121,3,1,2000-04-03
18416,4121,5,2,2000-03-05
18417,4121,14,5,2000-02-17
18418,4121,10,1,2000-01-18
18419,4121,9,5,2000-03-16
18420,4121,3,1,2000-01-12
18421,4122,4,5,2000-03-19
18422,4122,12,4,2000-03-20
18423,4122,2,5,2000-05-30
18424,4123,11,2,2000-04-14
18425,4123,11,2,2000-05-08
18426,4124,6,4,2000-01-13
18427,4124,1,1,2000-05-29
18428,4124,7,3,2000-01-03
18429,4124,12,3,2000-03-15
18430,4125,4,2,2000-01-18
18431,4125,2,3,2000-02-18
18432,4125,12,2,2000-01-08
18433,4126,3,4,2000-02-25
18434,4126,7,3,2000-02-20
18435,4126,14,5,2000-01-30
18436,4126,2,5,2000-04-06
18437,4126,7,4,2000-04-17
18438,4127,10,4,2000-02-25
18439,4127,9,2,2000-02-12
18440,4127,3,2,2000-02-26
18441,4127,13,1,2000-01-28
18442,4128,6,3,2000-04-09
18443,4128,3,3,2000-06-12
18444,4128,8,4,2000-01-09
18445,4128,9,3,2000-06-24
18446,4128,2,4,2000-04-20
18447,4129,6,5,2000-02-13
18448,4129,10,1,2000-06-11
18449,4129,8,5,2000-06-01
18450,4129,4,4,2000-02-10
18451,4129,13,2,2000-04-05
18452,4129,11,3,2000-03-17
18453,4129,3,3,2000-05-01
18454,4129,7,4,2000-02-14
18455,4130,8,1,2000-04-09
18456,4130,4,5,2000-05-15
18457,4131,10,2,2000-01-04
18458,4131,5,3,2000-05-31
18459,4132,3,2,2000-05-07
18460,4132,4,2,2000-02-01
18461,4132,2,5,2000-05-15
18462,4132,3,2,2000-02-02
18463,4132,1,3,2000-03-29
18464,4132,4,1,2000-04-15
18465,4133,2,3,2000-06-12
18466,4133,5,2,2000-01-13
18467,4133,8,5,2000-01-23
18468,4133,10,2,2000-03-13
18469,4134,3,3,2000-01-15
18470,4134,8,4,2000-03-31
18471,4134,1,2,2000-02-11
18472,4134,13,2,2000-06-26
18473,4135,14,4,2000-01-05
18474,4135,6,2,2000-06-27
18475,4135,2,5,2000-05-31
18476,4136,10,1,2000-04-17
18477,4136,1,1,2000-02-17
18478,4136,7,5,2000-01-18
18479,4136,1,3,2000-02-07
18480,4136,13,5,2000-03-13
18481,4136,13,4,2000-06-04
18482,4136,7,1,2000-05-01
18483,4137,6,4,2000-02-03
18484,4137,8,2,2000-02-11
18485,4137,8,1,2000-04-29
18486,4137,1,2,2000-04-19
18487,4138,13,2,2000-01-12
18488,4138,3,2,2000-06-03
18489,4138,4,3,2000-05-03
18490,4139,2,4,2000-01-17
18491,4139,11,5,2000-02-17
18492,4139,4,2,2000-02-02
18493,4139,9,3,2000-03-20
18494,4139,8,5,2000-05-20
18495,4139,9,4,2000-01-29
18496,4140,9,1,2000-04-06
18497,4140,3,4,2000-03-07
18498,4140,6,3,2000-02-26
18499,4140,13,1,2000-06-27
18500,4140,5,2,2000-06-19
18501,4140,14,1,2000-05-03
18502,4140,7,3,2000-01-09
18503,4140,9,1,2000-04-26
18504,4141,2,4,2000-01-29
18505,4141,9,1,2000-02-22
18506,4141,12,4,2000-01-04
18507,4141,8,1,2000-05-06
18508,4141,2,1,2000-05-02
18509,4141,1,2,2000-04-15
18510,4141,8,4,2000-03-23
18511,4142,10,1,2000-01-21
18512,4142,4,5,2000-02-04
18513,4142,10,3,2000-02-25
18514,4142,10,5,2000-03-05
18515,4143,12,4,2000-02-28
18516,4143,5,3,2000-01-11
18517,4143,6,1,2000-05-08
18518,4144,1,3,2000-06-18
18519,4144,6,3,2000-05-21
18520,4144,11,5,2000-05-28
18521,4144,1,5,2000-05-22
18522,4144,3,5,2000-01-13
18523,4144,12,2,2000-01-19
18524,4144,6,5,2000-06-12
18525,4144,8,1,2000-02-22
18526,4145,14,2,2000-05-30
18527,4145,13,3,2000-02-21
18528,4145,14,5,2000-05-27
18529,4145,1,5,2000-05-08
18530,4145,7,1,2000-06-22
18531,4146,1,2,2000-06-10
18532,4146,12,4,2000-05-10
18533,4146,2,4,2000-04-18
18534,4146,13,2,2000-05-16
18535,4146,4,5,2000-06-23
18536,4146,7,4,2000-01-22
18537,4146,13,3,2000-05-21
18538,4146,10,5,2000-05-01
18539,4147,14,4,2000-01-09
18540,4147,13,3,2000-06-14
18541,4147,7,1,2000-03-11
18542,4147,11,3,2000-05-23
18543,4147,9,2,2000-05-21
18544,4147,13,3,2000-02-22
18545,4147,13,2,2000-05-08
18546,4147,7,2,2000-05-17
18547,4148,5,1,2000-05-21
18548,4149,3,4,2000-06-19
18549,4149,8,3,2000-03-12
18550,4149,14,1,2000-06-25
18551,4149,8,3,2000-05-18
18552,4149,6,3,2000-05-25
18553,4149,7,4,2000-03-18
18554,4150,6,5,2000-01-17
18555,4150,4,1,2000-02-09
18556,4151,8,5,2000-02-06
18557,4152,6,4,2000-06-07
18558,4152,11,1,2000-01-17
18559,4152,6,2,2000-01-05
18560,4152,14,5,2000-01-14
18561,4153,10,1,2000-03-25
18562,4153,14,1,2000-04-09
18563,4153,11,5,2000-06-06
18564,4153,6,3,2000-05-16
18565,4153,1,2,2000-02-21
18566,4153,5,4,2000-05-22
18567,4153,8,4,2000-02-27
18568,4154,1,2,2000-03-05
18569,4154,3,5,2000-03-06
18570,4155,10,1,2000-01-14
18571,4155,11,3,2000-05-26
18572,4155,1,2,2000-06-07
18573,4156,1,1,2000-06-07
18574,4156,7,3,2000-01-06
18575,4156,8,4,2000-02-05
18576,4156,2,4,2000-03-20
18577,4156,14,4,2000-01-21
18578,4156,1,3,2000-06-23
18579,4156,6,5,2000-02-22
18580,4156,3,3,2000-03-12
18581,4157,8,4,2000-04-07
18582,4157,5,2,2000-05-21
18583,4157,7,5,2000-05-07
18584,4157,13,5,2000-01-26
18585,4158,6,4,2000-05-05
18586,4158,9,1,2000-04-11
18587,4158,1,2,2000-06-28
18588,4158,1,2,2000-06-04
18589,4158,4,2,2000-04-09
18590,4158,14,1,2000-01-26
18591,4158,11,5,2000-04-30
18592,4159,1,4,2000-04-24
18593,4159,4,4,2000-05-03
18594,4159,4,3,2000-02-03
18595,4159,7,5,2000-05-31
18596,4159,10,1,2000-04-02
18597,4159,14,3,2000-03-23
18598,4159,10,5,2000-04-22
18599,4160,8,3,2000-03-24
18600,4160,3,2,2000-04-14
18601,4160,13,3,2000-06-08
18602,4160,5,2,2000-03-12
18603,4161,4,4,2000-02-29
18604,4161,3,1,2000-01-14
18605,4161,11,3,2000-01-07
18606,4161,11,1,2000-06-11
18607,4161,2,4,2000-03-23
18608,4161,8,1,2000-01-13
18609,4162,13,1,2000-01-12
18610,4162,12,1,2000-04-20
18611,4162,10,1,2000-03-23
18612,4162,13,5,2000-03-03
18613,4162,1,5,2000-02-17
18614,4162,11,5,2000-05-15
18615,4163,2,3,2000-06-18
18616,4163,1,2,2000-03-09
18617,4163,8,4,2000-05-09
18618,4163,10,5,2000-06-23
18619,4164,13,1,2000-02-07
18620,4164,7,4,2000-04-22
18621,4164,2,2,2000-03-13
18622,4164,1,4,2000-03-11
18623,4164,6,3,2000-04-26
18624,4164,5,5,2000-04-05
18625,4164,1,4,2000-06-14
18626,4164,4,3,2000-04-10
18627,4165,3,5,2000-04-19
18628,4165,13,5,2000-06-13
18629,4165,11,1,2000-01-19
18630,4165,9,5,2000-01-12
18631,4165,11,5,2000-05-25
18632,4165,13,4,2000-05-02
18633,4165,13,5,2000-02-10
18634,4165,5,1,2000-06-15
18635,4166,7,1,2000-02-26
18636,4166,5,4,2000-06-26
18637,4166,12,3,2000-04-16
18638,4166,5,5,2000-06-27
18639,4166,4,5,2000-05-28
18640,4167,6,4,2000-02-28
18641,4167,4,3,2000-04-24
18642,4167,8,2,2000-06-15
18643,4167,2,5,2000-05-20
18644,4167,9,4,2000-02-06
18645,4167,5,2,2000-06-16
18646,4167,10,2,2000-04-17
18647,4168,10,2,2000-03-20
18648,4168,9,1,2000-02-19
18649,4168,7,4,2000-04-23
18650,4169,13,2,2000-06-03
18651,4169,2,2,2000-01-05
18652,4169,9,1,2000-02-04
18653,4169,13,2,2000-02-27
18654,4169,14,4,2000-01-14
18655,4169,7,4,2000-04-05
18656,4169,6,3,2000-03-31
18657,4169,11,2,2000-02-16
18658,4170,2,5,2000-06-15
18659,4170,10,1,2000-06-06
18660,4171,11,4,2000-03-01
18661,4172,5,5,2000-03-26
18662,4172,4,2,2000-02-12
18663,4172,1,3,2000-03-12
18664,4173,5,1,2000-05-18
18665,4173,11,2,2000-02-20
18666,4174,2,5,2000-06-28
18667,4174,1,1,2000-06-06
18668,4174,7,2,2000-01-07
18669,4174,5,4,2000-01-10
18670,4174,2,1,2000-05-06
18671,4174,14,3,2000-05-03
18672,4174,9,3,2000-01-08
18673,4175,7,1,2000-03-16
18674,4175,11,3,2000-05-08
18675,4175,4,3,2000-04-30
18676,4175,2,4,2000-05-25
18677,4176,10,1,2000-01-31
18678,4176,10,3,2000-03-08
18679,4176,2,5,2000-05-28
18680,4176,14,3,2000-05-20
18681,4177,10,2,2000-04-15
18682,4177,6,4,2000-06-06
18683,4177,10,3,2000-06-27
18684,4177,1,2,2000-02-09
18685,4177,2,5,2000-06-16
18686,4177,6,5,2000-02-19
18687,4177,14,3,2000-01-07
18688,4177,1,1,2000-01-01
18689,4178,14,2,2000-02-21
18690,4178,14,4,2000-01-25
18691,4178,1,2,2000-02-11
18692,4179,11,2,2000-04-19
18693,4179,5,4,2000-01-17
18694,4179,8,5,2000-04-20
18695,4179,1,4,2000-06-13
18696,4179,4,2,2000-01-26
18697,4179,4,1,2000-06-22
18698,4180,14,3,2000-01-08
18699,4180,7,5,2000-04-03
18700,4180,8,3,2000-04-17
18701,4180,11,1,2000-05-05
18702,4180,11,3,2000-02-17
18703,4180,6,5,2000-04-14
18704,4180,11,3,2000-05-17
18705,4181,9,2,2000-03-31
18706,4181,5,1,2000-03-05
18707,4181,3,3,2000-03-12
18708,4181,11,4,2000-03-25
18709,4181,7,5,2000-06-08
18710,4182,8,5,2000-03-23
18711,4182,4,4,2000-03-03
18712,4182,10,1,2000-01-12
18713,4183,4,2,2000-05-16
18714,4183,2,3,2000-05-11
18715,4183,14,1,2000-01-12
18716,4183,7,2,2000-02-26
18717,4184,13,4,2000-04-26
18718,4184,3,2,2000-06-06
18719,4185,12,3,2000-01-03
18720,4186,1,5,2000-02-01
18721,4186,11,4,2000-01-22
18722,4186,1,1,2000-04-19
18723,4186,2,2,2000-01-29
18724,4186,9,3,2000-01-03
18725,4186,4,1,2000-05-11
18726,4186,11,3,2000-06-25
18727,4187,4,2,2000-05-05
18728,4188,8,2,2000-02-28
18729,4188,6,2,2000-02-05
18730,4188,7,4,2000-04-10
18731,4188,8,2,2000-01-24
18732,4188,14,1,2000-01-03
18733,4189,4,2,2000-04-10
18734,4189,11,5,2000-05-12
18735,4189,7,4,2000-02-02
18736,4189,7,1,2000-05-14
18737,4189,12,5,2000-04-03
18738,4189,11,3,2000-05-27
18739,4190,8,3,2000-01-27
18740,4190,12,1,2000-06-20
18741,4190,12,4,2000-02-14
18742,4190,14,1,2000-04-08
18743,4190,8,3,2000-06-11
18744,4190,6,3,2000-03-26
18745,4191,10,5,2000-02-27
18746,4191,12,3,2000-02-08
18747,4191,4,4,2000-04-13
18748,4191,11,5,2000-01-06
18749,4191,6,1,2000-04-24
18750,4192,10,5,2000-04-17
18751,4192,5,5,2000-03-25
18752,4192,7,1,2000-06-04
18753,4192,9,2,2000-03-08
18754,4192,7,5,2000-03-02
18755,4192,14,1,2000-01-06
18756,4193,2,1,2000-02-20
18757,4193,5,2,2000-03-21
18758,4193,3,5,2000-03-23
18759,4193,2,2,2000-05-06
18760,4193,2,3,2000-01-03
18761,4193,9,3,2000-06-14
18762,4194,3,1,2000-01-24
18763,4194,9,4,2000-01-01
18764,4194,11,4,2000-04-12
18765,4194,11,3,2000-03-19
18766,4194,3,5,2000-01-02
18767,4195,2,2,2000-02-23
18768,4195,13,5,2000-06-18
18769,4195,7,1,2000-04-16
18770,4195,3,3,2000-04-23
18771,4195,4,2,2000-06-26
18772,4195,6,1,2000-03-23
18773,4195,11,5,2000-05-01
18774,4195,6,3,2000-05-02
18775,4196,7,2,2000-01-08
18776,4196,2,3,2000-04-14
18777,4196,1,2,2000-03-26
18778,4196,11,1,2000-02-05
18779,4196,10,4,2000-02-14
18780,4197,3,3,2000-06-08
18781,4197,1,1,2000-05-29
18782,4197,6,4,2000-01-02
18783,4197,4,3,2000-04-05
18784,4197,6,1,2000-04-23
18785,4197,4,2,2000-02-06
18786,4198,4,5,2000-06-14
20341,4551,9,2,2000-01-11
20342,4551,9,3,2000-02-18
20343,4551,13,5,2000-04-17
20344,4551,11,5,2000-05-05
20345,4551,12,5,2000-05-15
20346,4551,9,3,2000-03-03
20347,4552,13,,2000-01-29
20348,4552,14,2,2000-01-06
20349,4553,5,2,2000-05-20
20350,4553,14,5,2000-05-12
20351,4553,2,5,2000-04-26
20352,4554,6,4,2000-06-21
20353,4554,11,4,2000-06-09
20354,4554,10,5,2000-01-03
20355,4554,9,1,2000-04-02
20356,4554,2,2,2000-03-11
20357,4554,12,1,2000-05-19
20358,4555,2,5,2000-02-01
20359,4555,5,1,2000-03-21
20360,4555,9,5,2000-06-10
20361,4555,13,3,2000-04-04
20362,4556,5,3,2000-04-04
20363,4556,11,4,2000-06-06
20364,4556,9,1,2000-01-04
20365,4556,12,3,2000-05-20
20366,4556,3,5,2000-05-21
20367,4557,3,4,2000-05-31
20368,4557,12,2,2000-05-05
20369,4557,7,5,2000-04-25
20370,4557,6,1,2000-01-19
20371,4557,2,3,2000-01-13
20372,4557,10,2,2000-04-09
20373,4557,7,5,2000-05-03
20374,4558,11,1,2000-04-23
20375,4558,10,2,2000-02-07
20376,4558,7,2,2000-06-08
20377,4558,9,2,2000-05-16
20378,4559,9,5,2000-05-25
20379,4559,6,4,2000-03-13
20380,4559,6,5,2000-04-26
20381,4560,8,5,2000-03-01
20382,4561,13,2,2000-04-27
20383,4561,9,5,2000-05-18
20384,4561,6,1,2000-04-29
20385,4562,2,2,2000-04-11
20386,4562,12,3,2000-03-29
20387,4562,10,3,2000-03-25
20388,4563,7,5,2000-06-24
20389,4563,12,1,2000-03-17
20390,4563,12,1,2000-01-16
20391,4563,2,4,2000-03-08
20392,4563,4,5,2000-01-05
20393,4564,5,3,2000-04-05
20394,4564,7,4,2000-01-14
20395,4564,11,2,2000-04-04
20396,4564,14,3,2000-01-01
20397,4564,8,5,2000-03-19
20398,4564,1,3,2000-01-18
20399,4564,8,5,2000-06-15
20400,4565,13,2,2000-05-05
20401,4565,13,4,2000-04-27
20402,4565,7,5,2000-01-23
20403,4565,13,3,2000-03-08
20404,4565,3,1,2000-04-13
20405,4566,5,4,2000-04-19
20406,4566,6,2,2000-05-21
20407,4566,11,1,2000-02-24
20408,4566,13,1,2000-06-15
20409,4566,9,4,2000-02-11
20410,4566,13,2,2000-05-16
20411,4566,14,3,2000-06-07
20412,4566,3,4,2000-03-05
20413,4567,5,1,2000-01-04
20414,4567,4,3,2000-03-30
20415,4567,7,4,2000-06-07
20416,4567,14,1,2000-06-28
20417,4568,11,3,2000-05-03
20418,4568,4,5,2000-06-03
20419,4568,8,4,2000-06-28
20420,4568,6,4,2000-01-08
20421,4568,13,4,2000-05-09
20422,4569,5,5,2000-03-17
20423,4570,3,1,2000-04-23
20424,4570,9,3,2000-04-28
20425,4570,5,5,2000-03-31
20426,4570,6,4,2000-04-12
20427,4570,3,1,2000-03-09
20428,4570,12,2,2000-03-07
20429,4570,12,4,2000-06-07
20430,4571,1,3,2000-04-07
20431,4571,10,3,2000-05-08
20432,4571,6,3,2000-02-23
20433,4571,5,4,2000-01-29
20434,4572,13,3,2000-01-28
20435,4572,6,2,2000-04-08
20436,4573,6,1,2000-01-04
20437,4573,6,2,2000-01-14
20438,4574,11,2,2000-05-31
20439,4574,5,2,2000-05-10
20440,4574,14,4,2000-06-17
20441,4574,7,1,2000-02-02
20442,4574,14,4,2000-01-25
20443,4575,9,2,2000-04-24
20444,4575,12,3,2000-02-13
20445,4575,10,3,2000-04-16
20446,4575,3,3,2000-06-09
20447,4576,1,4,2000-03-19
20448,4576,11,4,2000-01-13
20449,4576,3,3,2000-02-09
20450,4576,12,2,2000-05-15
20451,4576,9,3,2000-04-29
20452,4576,4,2,2000-02-29
20453,4576,1,1,2000-05-19
20454,4576,3,5,2000-05-06
20455,4577,12,5,2000-01-23
20456,4577,14,1,2000-02-21
20457,4578,7,1,2000-02-08
20458,4578,5,4,2000-05-11
20459,4578,12,5,2000-03-16
20460,4578,7,2,2000-06-16
20461,4578,7,1,2000-03-28
20462,4579,14,3,2000-06-10
20463,4580,7,3,2000-03-24
20464,4580,8,4,2000-05-06
20465,4581,6,3,2000-04-20
20466,4581,5,1,2000-03-07
20467,4581,13,5,2000-06-03
20468,4582,9,4,2000-01-22
20469,4582,1,3,2000-04-17
20470,4582,2,3,2000-02-07
20471,4582,8,3,2000-06-23
20472,4582,7,5,2000-02-15
20473,4582,13,2,2000-04-24
20474,4582,2,5,2000-06-18
20475,4582,12,3,2000-01-17
20476,4583,9,2,2000-02-28
20477,4584,5,2,2000-04-10
20478,4584,9,3,2000-02-19
20479,4584,4,1,2000-01-04
20480,4584,12,2,2000-05-06
20481,4584,12,2,2000-04-22
20482,4584,13,1,2000-03-11
20483,4585,7,1,2000-06-17
20484,4585,1,2,2000-01-11
20485,4586,12,2,2000-06-26
20486,4586,6,4,2000-05-16
20487,4587,11,3,2000-03-19
20488,4587,1,3,2000-04-14
20489,4587,7,5,2000-03-22
20490,4588,1,3,2000-03-06
20491,4589,6,1,2000-01-05
20492,4589,7,2,2000-03-19
20493,4589,2,1,2000-03-14
20494,4589,3,5,2000-05-19
20495,4589,2,1,2000-04-16
20496,4589,6,1,2000-06-01
20497,4589,7,4,2000-06-28
20498,4589,5,1,2000-04-06
20499,4590,13,3,2000-03-24
20500,4590,11,5,2000-04-07
20501,4590,13,4,2000-06-20
20502,4590,3,3,2000-04-26
20503,4590,4,4,2000-01-31
20504,4590,3,1,2000-03-13
20505,4590,13,4,2000-04-24
20506,4591,5,4,2000-02-19
20507,4591,9,2,2000-01-13
20508,4592,9,2,2000-04-15
20509,4592,5,2,2000-02-04
20510,4592,8,1,2000-06-13
20511,4592,2,4,2000-03-06
20512,4593,13,5,2000-03-15
20513,4593,2,3,2000-06-08
20514,4593,5,5,2000-04-12
20515,4593,9,1,2000-02-01
20516,4593,9,1,2000-06-05
20517,4593,9,3,2000-01-04
20518,4594,10,1,2000-05-15
20519,4594,14,2,2000-05-14
20520,4594,4,1,2000-03-18
20521,4595,10,3,2000-01-04
20522,4595,10,2,2000-03-02
20523,4596,9,4,2000-06-22
20524,4596,8,1,2000-04-16
20525,4596,12,1,2000-04-09
20526,4596,2,3,2000-04-20
20527,4596,11,2,2000-04-26
20528,4596,12,1,2000-03-03
20529,4596,3,4,2000-05-23
20530,4597,4,2,2000-06-25
20531,4597,13,1,2000-03-17
20532,4597,9,5,2000-03-17
20533,4597,10,5,2000-01-31
20534,4597,10,5,2000-02-11
20535,4597,8,4,2000-01-17
20536,4597,1,2,2000-01-25
20537,4598,8,3,2000-02-14
20538,4598,2,3,2000-02-22
20539,4599,4,2,2000-05-21
20540,4599,14,1,2000-06-21
20541,4599,4,4,2000-04-08
20542,4599,6,2,2000-06-13
20543,4599,8,3,2000-03-01
20544,4600,10,5,2000-03-19
20545,4601,10,4,2000-04-01
20546,4601,1,5,2000-04-30
20547,4601,8,4,2000-04-21
20548,4601,6,2,2000-06-07
20549,4601,8,5,2000-05-21
20550,4601,9,4,2000-02-02
20551,4601,3,1,2000-06-13
20552,4602,3,4,2000-06-16
20553,4602,8,2,2000-05-10
20554,4602,10,1,2000-04-21
20555,4602,1,4,2000-03-11
20556,4603,7,3,2000-01-11
20557,4604,8,3,2000-04-18
20558,4604,12,3,2000-04-30
20559,4604,9,1,2000-02-27
20560,4604,9,1,2000-04-04
20561,4604,2,4,2000-01-04
20562,4605,3,1,2000-04-22
20563,4605,14,5,2000-05-01
20564,4605,11,3,2000-03-06
20565,4605,13,3,2000-04-12
20566,4605,13,1,2000-03-07
20567,4605,14,3,2000-01-29
20568,4605,1,4,2000-03-08
20569,4605,12,4,2000-04-06
20570,4606,8,5,2000-02-14
20571,4606,6,5,2000-06-01
20572,4606,7,1,2000-02-29
20573,4606,6,1,2000-03-19
20574,4606,6,3,2000-02-06
20575,4607,10,2,2000-06-18
20576,4607,1,5,2000-05-04
20577,4607,5,2,2000-03-31
20578,4608,3,2,2000-04-23
20579,4608,6,3,2000-03-15
20580,4608,4,5,2000-04-27
20581,4608,13,5,2000-03-28
20582,4609,3,3,2000-06-05
20583,4609,2,3,2000-03-16
20584,4609,6,3,2000-03-06
20585,4609,12,4,2000-03-13
20586,4609,12,4,2000-02-13
20587,4609,1,3,2000-06-03
20588,4609,9,3,2000-03-22
20589,4609,13,2,2000-06-28
20590,4610,6,1,2000-01-06
20591,4610,9,5,2000-03-19
20592,4610,13,3,2000-03-16
20593,4610,11,2,2000-02-05
20594,4610,9,5,2000-06-20
20595,4610,10,5,2000-01-09
20596,4610,3,4,2000-03-10
20597,4611,5,3,2000-05-08
20598,4612,13,3,2000-05-23
20599,4612,4,1,2000-03-15
20600,4612,8,5,2000-02-20
20601,4612,14,5,2000-04-17
20602,4612,10,4,2000-03-24
20603,4612,2,2,2000-02-11
20604,4612,1,1,2000-04-08
20605,4612,11,5,2000-03-17
20606,4613,12,3,2000-04-05
20607,4613,4,4,2000-03-02
20608,4613,5,4,2000-05-25
20609,4613,3,1,2000-03-12
20610,4613,1,4,2000-06-28
20611,4613,7,5,2000-04-14
20612,4613,4,5,2000-02-06
20613,4614,12,3,2000-04-12
20614,4615,4,4,2000-06-22
20615,4615,1,1,2000-03-09
20616,4615,12,1,2000-02-10
20617,4615,14,5,2000-06-11
20618,4615,11,3,2000-02-25
20619,4615,12,1,2000-02-23
20620,4615,5,1,2000-03-02
20621,4616,11,1,2000-06-20
20622,4616,1,4,2000-04-22
20623,4617,3,3,2000-06-24
20624,4617,1,3,2000-05-16
20625,4618,3,3,2000-03-06
20626,4618,14,5,2000-01-07
20627,4618,12,4,2000-02-18
20628,4618,12,5,2000-06-26
20629,4618,14,2,2000-03-21
20630,4618,11,2,2000-04-14
20631,4619,2,4,2000-04-09
20632,4619,9,2,2000-02-03
20633,4620,2,5,2000-04-05
20634,4620,4,1,2000-03-02
20635,4620,13,4,2000-03-01
20636,4620,6,3,2000-03-11
20637,4620,6,1,2000-06-04
20638,4620,6,4,2000-03-28
20639,4621,11,2,2000-05-28
20640,4622,10,2,2000-01-24
20641,4622,6,5,2000-02-14
20642,4622,11,2,2000-06-05
20643,4622,6,4,2000-01-09
20644,4622,3,2,2000-01-01
20645,4623,4,1,2000-05-16
20646,4624,4,1,2000-06-18
20647,4624,8,4,2000-04-12
20648,4624,4,5,2000-02-08
20649,4624,3,5,2000-01-16
20650,4624,4,1,2000-01-04
20651,4624,14,2,2000-01-08
20652,4624,11,5,2000-02-13
20653,4624,2,5,2000-03-18
20654,4625,5,3,2000-02-05
20655,4625,10,1,2000-01-08
20656,4625,14,1,2000-06-24
20657,4625,10,2,2000-01-13
20658,4625,4,4,2000-04-04
20659,4625,11,4,2000-06-21
20660,4625,5,1,2000-01-21
20661,4626,14,5,2000-06-05
20662,4626,14,4,2000-01-21
20663,4626,3,2,2000-06-14
20664,4627,1,2,2000-04-25
20665,4627,4,5,2000-03-24
20666,4627,14,5,2000-03-05
20667,4627,3,3,2000-06-16
20668,4627,5,1,2000-04-21
20669,4627,4,4,2000-06-02
20670,4628,5,4,2000-03-26
20671,4628,14,4,2000-05-27
20672,4628,5,3,2000-05-04
20673,4628,3,2,2000-04-20
20674,4629,3,4,2000-06-17
20675,4629,10,4,2000-04-20
20676,4629,2,5,2000-06-23
20677,4629,12,4,2000-01-08
20678,4630,6,4,2000-04-20
20679,4630,12,3,2000-03-10
20680,4630,5,2,2000-02-12
20681,4631,6,5,2000-05-29
20682,4631,14,3,2000-04-24
20683,4631,1,2,2000-05-25
20684,4631,8,3,2000-04-23
20685,4631,1,1,2000-02-02
20686,4631,7,2,2000-02-27
20687,4632,7,4,2000-06-09
20688,4632,13,4,2000-02-08
20689,4632,1,2,2000-03-11
20690,4632,10,2,2000-04-25
20691,4632,14,1,2000-04-20
20692,4632,10,1,2000-01-31
20693,4632,10,5,2000-03-04
20694,4633,2,4,2000-01-20
20695,4634,2,1,2000-03-26
20696,4634,8,1,2000-03-14
20697,4634,2,5,2000-04-05
20698,4634,5,1,2000-01-14
20699,4634,1,5,2000-02-02
20700,4634,14,3,2000-06-15
20701,4635,10,4,2000-02-18
20702,4635,7,3,2000-05-13
20703,4635,9,1,2000-06-11
20704,4636,5,3,2000-02-11
20705,4636,14,3,2000-04-12
20706,4636,2,5,2000-03-24
20707,4636,1,1,2000-06-26
20708,4636,14,2,2000-03-27
20709,4636,8,5,2000-04-29
20710,4637,10,1,2000-01-19
20711,4637,4,4,2000-06-06
20712,4637,5,4,2000-03-10
20713,4637,4,1,2000-01-07
20714,4637,13,1,2000-04-02
20715,4637,4,1,2000-05-07
20716,4638,2,3,2000-06-15
20717,4638,5,1,2000-05-07
20718,4638,14,2,2000-03-13
20719,4638,12,2,2000-06-13
20720,4639,3,3,2000-02-27
20721,4640,8,1,2000-06-12
20722,4640,1,2,2000-02-04
20723,4640,6,5,2000-04-23
20724,4640,6,3,2000-06-28
20725,4640,2,2,2000-04-04
20726,4641,3,4,2000-04-21
20727,4641,6,2,2000-06-02
20728,4641,1,2,2000-03-18
20729,4641,12,5,2000-06-07
20730,4641,11,3,2000-01-23
20731,4642,4,1,2000-04-24
20732,4642,5,3,2000-06-23
20733,4642,5,2,2000-05-15
20734,4642,1,4,2000-03-03
20735,4642,11,4,2000-05-22
20736,4642,2,4,2000-02-03
20737,4643,8,4,2000-05-07
20738,4643,1,3,2000-02-22
20739,4643,9,4,2000-05-15
20740,4643,1,3,2000-03-06
20741,4643,13,3,2000-01-27
20742,4644,4,2,2000-06-08
20743,4645,14,5,2000-05-10
20744,4645,3,1,2000-06-25
20745,4645,1,5,2000-04-19
20746,4645,5,3,2000-01-14
20747,4646,2,2,2000-02-13
20748,4647,1,5,2000-04-02
20749,4647,14,2,2000-02-20
20750,4647,7,1,2000-04-30
20751,4647,14,5,2000-04-27
20752,4647,7,2,2000-05-28
20753,4647,14,4,2000-05-11
20754,4647,11,1,2000-04-11
20755,4647,3,4,2000-02-23
20756,4648,8,3,2000-06-13
20757,4648,2,3,2000-02-23
20758,4648,1,5,2000-01-05
20759,4648,2,3,2000-02-22
20760,4648,11,5,2000-06-06
20761,4648,2,1,2000-05-03
20762,4648,7,5,2000-02-10
20763,4648,4,4,2000-02-15
20764,4649,1,4,2000-03-03
20765,4649,5,3,2000-05-06
20766,4650,11,2,2000-02-05
20767,4650,7,4,2000-02-29
20768,4650,13,3,2000-05-08
20769,4650,5,4,2000-01-26
20770,4650,4,3,2000-06-01
20771,4650,9,2,2000-03-11
20772,4650,12,2,2000-06-10
20773,4651,14,3,2000-02-18
20774,4651,14,4,2000-05-13
20775,4652,9,4,2000-02-17
20776,4653,6,5,2000-04-04
20777,4653,4,5,2000-03-26
20778,4653,13,4,2000-05-27
20779,4653,11,2,2000-02-24
20780,4653,7,1,2000-05-11
20781,4653,12,5,2000-06-17
20782,4653,12,3,2000-02-03
20783,4654,1,5,2000-05-20
20784,4654,7,1,2000-06-27
20785,4654,10,2,2000-03-25
20786,4654,11,4,2000-05-07
20787,4655,14,2,2000-05-21
20788,4655,6,1,2000-04-29
20789,4655,10,4,2000-05-28
20790,4655,1,3,2000-01-04
20791,4655,12,3,2000-05-06
20792,4655,4,1,2000-01-18
20793,4655,13,2,2000-01-24
20794,4655,7,2,2000-01-30
20795,4656,6,1,2000-03-06
20796,4656,3,2,2000-04-21
20797,4656,8,4,2000-02-23
20798,4656,9,2,2000-01-02
20799,4656,5,2,2000-04-04
20800,4656,3,1,2000-04-29
20801,4656,13,1,2000-03-30
20802,4656,7,5,2000-01-23
20803,4657,11,5,2000-02-20
20804,4657,10,2,2000-05-28
20805,4657,4,3,2000-01-17
20806,4658,12,4,2000-05-23
20807,4658,5,2,2000-03-23
20808,4658,4,2,2000-05-11
20809,4659,13,3,2000-04-12
20810,4659,4,5,2000-02-29
20811,4659,2,1,2000-01-31
20812,4659,13,2,2000-06-01
20813,4659,3,2,2000-03-27
20814,4659,10,3,2000-05-30
20815,4659,9,1,2000-01-19
20816,4660,14,2,2000-05-17
20817,4660,4,3,2000-02-16
20818,4661,11,3,2000-01-31
20819,4661,5,2,2000-02-01
20820,4661,11,5,2000-03-24
20821,4661,1,3,2000-04-07
20822,4661,11,3,2000-04-26
20823,4661,12,3,2000-04-21
20824,4661,5,1,2000-04-30
20825,4661,8,1,2000-03-14
20826,4662,8,5,2000-05-26
20827,4662,2,5,2000-05-04
20828,4662,10,3,2000-02-24
20829,4662,9,3,2000-03-24
20830,4662,2,4,2000-03-01
20831,4663,6,1,2000-03-31
20832,4663,2,3,2000-04-14
20833,4663,8,2,2000-06-13
20834,4664,6,2,2000-05-06
20835,4664,3,2,2000-05-03
20836,4664,3,4,2000-02-28
20837,4665,7,2,2000-06-13
20838,4665,8,1,2000-03-29
20839,4665,12,5,2000-06-14
20840,4665,13,2,2000-04-02
20841,4665,5,3,2000-06-04
20842,4665,1,1,2000-02-17
20843,4666,1,5,2000-04-04
20844,4667,11,2,2000-01-22
20845,4667,13,1,2000-03-26
20846,4668,13,3,2000-03-02
20847,4668,6,2,2000-04-15
20848,4668,1,2,2000-05-24
20849,4668,5,5,2000-05-13
20850,4669,11,2,2000-01-11
20851,4670,7,4,2000-03-14
20852,4670,6,2,2000-06-26
20853,4670,10,5,2000-01-27
20854,4671,10,5,2000-02-17
20855,4671,11,2,2000-02-08
20856,4671,8,1,2000-03-04
20857,4671,2,1,2000-05-12
20858,4672,9,1,2000-01-24
20859,4672,4,2,2000-03-05
20860,4672,4,5,2000-06-04
20861,4672,4,4,2000-06-12
20862,4672,4,3,2000-04-10
20863,4672,13,2,2000-04-07
20864,4673,6,1,2000-05-10
20865,4673,14,3,2000-01-09
20866,4673,1,2,2000-05-12
20867,4673,8,5,2000-05-14
20868,4673,3,3,2000-01-09
20869,4673,10,5,2000-02-28
20870,4673,2,1,2000-04-18
20871,4674,4,3,2000-06-09
20872,4674,11,1,2000-06-28
20873,4674,7,4,2000-02-27
20874,4674,7,4,2000-03-07
20875,4674,6,1,2000-03-16
20876,4674,9,4,2000-05-11
20877,4674,6,3,2000-02-16
20878,4675,6,4,2000-02-14
20879,4675,3,2,2000-02-27
20880,4675,13,2,2000-03-23
20881,4675,6,3,2000-01-17
20882,4675,5,5,2000-01-14
20883,4675,3,2,2000-03-02
20884,4675,3,2,2000-03-01
20885,4675,12,3,2000-04-19
20886,4676,6,4,2000-04-10
20887,4676,6,3,2000-02-26
20888,4676,13,5,2000-01-23
20889,4676,11,2,2000-03-02
20890,4676,5,4,2000-01-24
20891,4676,1,1,2000-06-06
20892,4677,10,5,2000-05-08
20893,4677,4,5,2000-01-17
20894,4677,9,2,2000-06-09
20895,4677,12,1,2000-01-12
20896,4677,11,5,2000-01-12
20897,4677,6,3,2000-01-12
20898,4677,10,2,2000-06-22
20899,4678,6,1,2000-04-03
20900,4678,5,2,2000-01-15
20901,4678,13,5,2000-01-31
20902,4678,8,3,2000-02-12
20903,4678,7,2,2000-02-18
20904,4678,14,3,2000-03-31
20905,4678,10,3,2000-06-15
20906,4678,14,2,2000-03-21
20907,4679,6,4,2000-02-25
20908,4679,3,4,2000-05-28
20909,4679,1,5,2000-06-17
20910,4679,5,1,2000-06-13
20911,4679,14,5,2000-04-08
20912,4679,13,1,2000-05-22
20913,4679,14,4,2000-06-26
20914,4679,9,3,2000-03-30
20915,4680,12,3,2000-05-09
20916,4680,10,3,2000-01-17
20917,4680,8,2,2000-01-26
20918,4680,10,3,2000-04-07
20919,4680,11,2,2000-03-09
20920,4680,3,4,2000-01-28
20921,4680,11,3,2000-03-27
20922,4680,12,1,2000-06-15
20923,4681,13,4,2000-01-25
20924,4681,4,3,2000-02-11
20925,4681,9,5,2000-02-15
20926,4681,9,1,2000-03-05
20927,4681,7,3,2000-04-21
20928,4681,13,5,2000-02-14
20929,4682,11,5,2000-04-28
20930,4682,5,3,2000-05-04
20931,4682,4,3,2000-06-16
20932,4682,12,2,2000-06-24
20933,4682,6,4,2000-04-09
20934,4683,8,1,2000-05-28
20935,4683,6,5,2000-04-13
20936,4683,14,5,2000-04-09
20937,4683,9,3,2000-05-03
20938,4683,1,4,2000-03-13
20939,4683,3,4,2000-01-09
20940,4683,8,2,2000-03-30
20941,4683,13,5,2000-03-06
20942,4684,10,4,2000-04-09
20943,4684,10,3,2000-04-25
20944,4684,12,2,2000-04-13
20945,4684,1,1,2000-04-20
20946,4684,6,1,2000-01-30
20947,4684,8,3,2000-01-29
20948,4684,9,4,2000-02-20
20949,4684,3,2,2000-02-15
20950,4685,8,1,2000-04-12
20951,4686,4,4,2000-03-31
20952,4686,7,2,2000-05-27
20953,4686,4,3,2000-03-13
20954,4686,6,5,2000-05-04
20955,4686,1,5,2000-03-19
20956,4686,12,4,2000-05-12
20957,4686,12,1,2000-03-10
20958,4686,12,1,2000-05-29
20959,4687,4,4,2000-06-13
20960,4687,3,1,2000-04-26
20961,4688,8,2,2000-01-06
20962,4689,2,1,2000-05-25
20963,4689,12,2,2000-05-26
20964,4689,1,5,2000-05-10
20965,4690,6,3,2000-06-03
20966,4690,12,5,2000-01-22
20967,4690,3,2,2000-06-26
20968,4690,8,5,2000-06-08
20969,4691,6,3,2000-04-22
20970,4691,6,3,2000-02-07
20971,4692,8,4,2000-06-03
20972,4692,6,1,2000-05-25
20973,4692,5,5,2000-02-01
20974,4692,7,4,2000-02-04
20975,4692,2,2,2000-01-22
20976,4692,6,5,2000-02-17
20977,4693,11,2,2000-05-04
20978,4693,2,2,2000-04-01
20979,4693,11,4,2000-02-03
20980,4693,2,4,2000-03-07
20981,4693,1,2,2000-05-05
20982,4693,1,2,2000-02-26
20983,4693,10,3,2000-03-19
20984,4693,10,1,2000-05-06
20985,4694,4,4,2000-03-12
20986,4694,6,5,2000-05-05
20987,4695,4,3,2000-03-22
20988,4695,12,5,2000-04-01
20989,4695,5,3,2000-02-15
20990,4695,7,2,2000-01-01
20991,4695,2,1,2000-05-20
20992,4696,3,4,2000-02-29
20993,4696,12,5,2000-06-11
20994,4696,10,5,2000-05-22
20995,4696,4,4,2000-06-06
20996,4696,4,3,2000-05-22
20997,4696,10,5,2000-05-11
20998,4696,2,2,2000-02-07
20999,4697,3,1,2000-02-26
21000,4697,12,3,2000-03-16
21001,4697,4,4,2000-05-18
21002,4697,9,1,2000-06-11
21003,4697,1,1,2000-03-08
21004,4698,12,4,2000-05-16
21005,4698,13,2,2000-05-17
21006,4698,11,2,2000-05-03
21007,4698,7,1,2000-04-26
21008,4698,4,2,2000-01-08
21009,4698,4,3,2000-03-20
21010,4699,13,3,2000-04-07
21011,4699,14,5,2000-02-09
21012,4699,9,3,2000-02-22
21013,4699,13,1,2000-03-30
21014,4700,4,1,2000-05-17
21015,4701,4,5,2000-04-09
21016,4701,7,2,2000-04-14
21017,4701,2,3,2000-05-14
21018,4701,7,1,2000-02-19
21019,4701,5,1,2000-02-16
21020,4701,9,3,2000-05-19
21021,4701,10,3,2000-03-10
21022,4701,2,4,2000-03-12
21023,4702,11,2,2000-02-05
21024,4702,2,3,2000-01-14
21025,4702,6,3,2000-03-31
21026,4702,7,3,2000-05-02
21027,4702,1,3,2000-05-11
21028,4702,10,5,2000-01-14
21029,4702,11,2,2000-01-13
21030,4702,10,5,2000-04-02
21031,4703,10,5,2000-01-01
21032,4703,10,3,2000-02-24
21033,4703,6,1,2000-02-02
21034,4704,3,2,2000-04-22
21035,4704,2,2,2000-04-20
21036,4704,4,5,2000-02-23
21037,4704,11,4,2000-02-23
21038,4704,12,5,2000-05-09
21039,4705,9,4,2000-01-04
21040,4706,2,2,2000-05-18
21041,4706,8,2,2000-04-19
21042,4706,14,3,2000-06-01
21043,4706,11,4,2000-04-08
21044,4706,1,4,2000-03-18
21045,4706,2,4,2000-06-19
21046,4706,9,3,2000-02-17
21047,4707,10,2,2000-06-06
21048,4707,10,1,2000-03-22
21049,4708,2,4,2000-05-17
21050,4708,5,1,2000-06-01
21051,4708,3,2,2000-02-25
21052,4708,13,1,2000-05-11
21053,4708,1,2,2000-01-15
21054,4708,10,1,2000-03-05
21055,4708,10,1,2000-02-22
21056,4708,10,2,2000-03-02
21057,4709,14,5,2000-04-15
21058,4709,8,3,2000-01-18
21059,4709,13,3,2000-06-05
21060,4709,12,5,2000-06-17
21061,4709,10,5,2000-01-10
21062,4709,7,2,2000-05-19
21063,4710,3,5,2000-01-29
21064,4710,6,4,2000-06-04
21065,4711,10,4,2000-06-14
21066,4711,4,4,2000-04-14
21067,4711,8,4,2000-06-25
21068,4711,6,4,2000-03-03
21069,4711,3,3,2000-05-05
21070,4711,5,4,2000-05-25
21071,4711,1,3,2000-02-02
21072,4712,6,4,2000-01-07
21073,4712,7,5,2000-03-22
21074,4712,2,1,2000-04-15
21075,4712,13,1,2000-03-08
21076,4712,3,3,2000-04-23
21077,4712,6,1,2000-04-19
21078,4713,13,4,2000-03-24
21079,4713,13,3,2000-01-13
21080,4713,3,1,2000-03-30
21081,4713,4,1,2000-05-18
21082,4713,1,5,2000-06-12
21083,4713,8,5,2000-03-25
21084,4714,14,4,2000-03-30
21085,4714,12,2,2000-03-12
21086,4714,6,2,2000-01-12
21087,4715,2,3,2000-02-26
21088,4715,14,5,2000-02-28
21089,4715,12,4,2000-03-15
21090,4715,12,2,2000-02-15
21091,4715,4,2,2000-05-02
21092,4715,2,4,2000-02-04
21093,4715,2,2,2000-01-22
21094,4715,8,5,2000-01-13
21095,4716,8,3,2000-03-31
21096,4716,9,5,2000-04-26
21097,4716,6,1,2000-01-12
21098,4717,7,4,2000-01-09
21099,4718,4,3,2000-02-18
21100,4719,10,2,2000-05-17
21101,4719,10,2,2000-04-29
21102,4719,13,3,2000-02-21
21103,4719,1,2,2000-02-07
21104,4719,4,4,2000-01-21
21105,4719,5,3,2000-05-13
21106,4720,4,4,2000-03-31
21107,4720,14,5,2000-05-19
21108,4720,14,5,2000-01-31
21109,4720,14,3,2000-02-22
21110,4720,9,3,2000-03-04
21111,4720,2,5,2000-03-20
21112,4721,8,2,2000-01-21
21113,4721,5,1,2000-01-20
21114,4721,3,3,2000-01-06
21115,4721,13,5,2000-06-23
21116,4721,1,2,2000-02-01
21117,4721,3,3,2000-01-29
19305,4310,14,4,2000-03-05
19306,4310,4,4,2000-03-05
19307,4310,2,4,2000-03-26
19308,4310,5,5,2000-02-18
19309,4310,14,5,2000-04-02
19310,4310,7,2,2000-06-09
19311,4310,10,4,2000-03-27
19312,4311,12,3,2000-06-06
19313,4311,2,4,2000-03-27
19314,4311,7,5,2000-03-17
19315,4312,7,1,2000-06-25
19316,4312,12,3,2000-04-02
19317,4312,3,2,2000-03-17
19318,4312,1,5,2000-05-13
19319,4312,11,5,2000-03-22
19320,4313,10,4,2000-04-18
19321,4313,7,4,2000-04-19
19322,4314,7,5,2000-04-17
19323,4314,4,1,2000-04-14
19324,4314,8,1,2000-02-18
19325,4314,10,3,2000-05-22
19326,4314,8,5,2000-02-04
19327,4315,2,3,2000-01-20
19328,4315,3,3,2000-03-23
19329,4316,12,5,2000-03-30
19330,4316,6,1,2000-06-09
19331,4316,12,2,2000-03-14
19332,4316,2,5,2000-05-01
19333,4316,7,5,2000-03-17
19334,4316,1,5,2000-05-24
19335,4316,9,1,2000-05-12
19336,4316,12,4,2000-02-25
19337,4317,13,1,2000-05-08
19338,4317,10,3,2000-03-17
19339,4317,5,1,2000-03-23
19340,4317,11,3,2000-04-26
19341,4317,5,5,2000-05-23
19342,4317,5,4,2000-03-29
19343,4317,4,3,2000-05-08
19344,4317,9,2,2000-01-20
19345,4318,9,5,2000-01-19
19346,4318,1,2,2000-05-14
19347,4318,13,2,2000-02-10
19348,4318,12,5,2000-02-09
19349,4318,1,4,2000-05-22
19350,4318,14,1,2000-02-18
19351,4318,13,5,2000-02-14
19352,4319,6,3,2000-03-14
19353,4319,3,3,2000-02-25
19354,4319,2,5,2000-04-02
19355,4319,14,2,2000-06-19
19356,4320,1,4,2000-05-05
19357,4320,8,5,2000-03-29
19358,4320,10,2,2000-02-26
19359,4320,7,2,2000-04-16
19360,4321,2,3,2000-05-03
19361,4321,1,5,2000-03-09
19362,4321,5,4,2000-03-14
19363,4321,9,5,2000-03-13
19364,4321,1,5,2000-04-26
19365,4321,12,5,2000-01-19
19366,4321,5,2,2000-02-23
19367,4322,1,5,2000-06-15
19368,4322,2,3,2000-03-22
19369,4322,3,1,2000-03-15
19370,4322,13,3,2000-03-19
19371,4323,1,3,2000-02-19
19372,4323,1,1,2000-05-03
19373,4323,2,1,2000-05-27
19374,4323,6,2,2000-01-20
19375,4324,2,3,2000-05-02
19376,4324,3,5,2000-02-09
19377,4324,4,3,2000-02-18
19378,4325,6,1,2000-03-31
19379,4325,10,1,2000-01-09
19380,4325,11,5,2000-01-11
19381,4326,3,2,2000-06-10
19382,4326,14,1,2000-05-24
19383,4326,12,3,2000-04-09
19384,4326,1,2,2000-02-13
19385,4326,3,1,2000-03-05
19386,4326,5,4,2000-02-26
19387,4327,6,4,2000-04-02
19388,4327,5,4,2000-01-15
19389,4327,2,5,2000-04-26
19390,4327,12,5,2000-06-18
19391,4327,11,5,2000-06-25
19392,4327,13,5,2000-01-17
19393,4327,10,5,2000-03-26
19394,4327,12,5,2000-04-14
19395,4328,10,3,2000-05-25
19396,4328,10,4,2000-03-01
19397,4328,7,5,2000-04-18
19398,4328,4,5,2000-02-01
19399,4328,7,3,2000-02-09
19400,4328,9,5,2000-01-07
19401,4328,10,3,2000-05-08
19402,4328,8,3,2000-04-07
19403,4329,9,5,2000-01-03
19404,4329,4,3,2000-05-09
19405,4329,6,2,2000-05-05
19406,4329,11,3,2000-02-04
19407,4330,12,4,2000-01-01
19408,4330,11,3,2000-02-11
19409,4330,4,2,2000-03-18
19410,4330,13,2,2000-05-21
19411,4331,4,2,2000-03-01
19412,4332,12,1,2000-02-26
19413,4332,9,1,2000-03-28
19414,4332,1,3,2000-06-18
19415,4332,4,1,2000-05-11
19416,4332,12,4,2000-05-10
19417,4332,12,3,2000-02-17
19418,4332,14,3,2000-03-19
19419,4332,11,5,2000-05-29
19420,4333,11,3,2000-01-01
19421,4334,7,2,2000-03-30
19422,4334,7,2,2000-02-06
19423,4335,1,2,2000-02-08
19424,4335,14,1,2000-02-22
19425,4335,6,3,2000-02-10
19426,4336,4,5,2000-04-09
19427,4336,13,4,2000-05-07
19428,4336,5,2,2000-06-26
19429,4336,4,1,2000-04-11
19430,4336,9,5,2000-03-22
19431,4336,9,5,2000-01-10
19432,4336,13,5,2000-01-07
19433,4337,14,3,2000-06-08
19434,4337,10,4,2000-06-21
19435,4338,12,3,2000-01-31
19436,4338,6,1,2000-01-12
19437,4338,8,1,2000-02-24
19438,4338,4,2,2000-01-04
19439,4338,2,4,2000-03-23
19440,4338,11,1,2000-06-02
19441,4339,7,3,2000-04-08
19442,4339,9,5,2000-02-20
19443,4340,6,3,2000-06-04
19444,4340,13,5,2000-05-06
19445,4340,7,3,2000-04-13
19446,4340,9,5,2000-04-17
19447,4341,10,4,2000-05-16
19448,4341,7,3,2000-05-04
19449,4341,4,1,2000-04-08
19450,4342,11,2,2000-03-09
19451,4342,8,2,2000-05-28
19452,4342,14,2,2000-06-25
19453,4343,4,1,2000-01-11
19454,4343,12,1,2000-01-07
19455,4343,5,5,2000-03-11
19456,4344,6,2,2000-04-17
19457,4344,12,2,2000-04-19
19458,4344,7,5,2000-01-07
19459,4344,4,5,2000-01-11
19460,4345,14,1,2000-02-26
19461,4345,7,5,2000-06-06
19462,4345,4,3,2000-03-23
19463,4345,13,4,2000-03-25
19464,4345,3,1,2000-04-22
19465,4345,5,2,2000-02-07
19466,4345,9,4,2000-06-26
19467,4345,3,1,2000-04-20
19468,4346,11,5,2000-06-22
19469,4346,10,3,2000-02-22
19470,4346,5,4,2000-05-06
19471,4347,6,5,2000-06-19
19472,4347,10,3,2000-04-01
19473,4347,10,1,2000-01-17
19474,4347,5,3,2000-02-12
19475,4347,12,4,2000-02-20
19476,4347,2,3,2000-03-14
19477,4348,13,3,2000-03-18
19478,4348,2,4,2000-01-06
19479,4348,7,5,2000-02-20
19480,4348,1,2,2000-01-31
19481,4348,14,5,2000-05-17
19482,4348,11,3,2000-05-13
19483,4349,7,5,2000-05-26
19484,4349,12,1,2000-04-01
19485,4349,13,2,2000-01-20
19486,4349,11,1,2000-02-07
19487,4349,4,2,2000-05-12
19488,4349,9,5,2000-01-08
19489,4349,11,2,2000-01-18
19490,4350,10,1,2000-03-01
19491,4350,13,1,2000-05-08
19492,4350,6,3,2000-03-24
19493,4351,3,5,2000-05-05
19494,4351,6,1,2000-06-05
19495,4351,2,1,2000-02-03
19496,4351,8,2,2000-02-06
19497,4351,7,3,2000-06-26
19498,4352,14,2,2000-01-02
19499,4352,3,4,2000-04-19
19500,4352,7,5,2000-04-22
19501,4353,11,5,2000-01-14
19502,4353,6,5,2000-01-31
19503,4353,7,5,2000-04-03
19504,4353,10,4,2000-02-27
19505,4353,14,1,2000-01-12
19506,4353,14,2,2000-03-30
19507,4353,3,4,2000-01-28
19508,4353,14,4,2000-01-12
19509,4354,9,3,2000-04-17
19510,4354,8,1,2000-05-26
19511,4354,3,1,2000-04-10
19512,4354,3,2,2000-03-12
19513,4354,14,3,2000-03-24
19514,4354,9,4,2000-02-04
19515,4355,10,5,2000-04-02
19516,4355,5,5,2000-01-02
19517,4355,14,5,2000-02-04
19518,4355,5,2,2000-02-28
19519,4355,6,5,2000-04-21
19520,4356,1,4,2000-03-01
19521,4356,5,4,2000-05-06
19522,4356,5,5,2000-02-26
19523,4356,3,3,2000-03-19
19524,4357,4,5,2000-01-10
19525,4357,6,1,2000-03-21
19526,4357,4,4,2000-04-30
19527,4357,14,3,2000-04-07
19528,4357,4,3,2000-03-04
19529,4358,3,1,2000-04-06
19530,4358,1,4,2000-03-26
19531,4358,6,3,2000-05-27
19532,4359,10,2,2000-02-08
19533,4359,11,1,2000-05-27
19534,4359,5,3,2000-02-04
19535,4359,9,1,2000-03-07
19536,4359,12,4,2000-01-22
19537,4359,2,1,2000-06-22
19538,4359,4,5,2000-03-25
19539,4360,9,4,2000-06-12
19540,4360,1,5,2000-05-16
19541,4360,6,2,2000-06-08
19542,4360,11,3,2000-06-04
19543,4360,13,4,2000-04-02
19544,4360,11,4,2000-05-26
19545,4361,12,2,2000-02-10
19546,4361,3,2,2000-03-25
19547,4361,9,5,2000-01-05
19548,4361,5,3,2000-06-05
19549,4361,14,5,2000-04-21
19550,4361,13,3,2000-05-24
19551,4362,7,4,2000-04-08
19552,4362,12,5,2000-06-14
19553,4362,5,1,2000-06-17
19554,4362,9,1,2000-03-19
19555,4362,2,4,2000-06-01
19556,4362,12,4,2000-01-26
19557,4362,2,5,2000-05-27
19558,4362,12,4,2000-02-02
19559,4363,10,4,2000-04-03
19560,4363,14,4,2000-06-03
19561,4363,13,1,2000-02-03
19562,4363,2,3,2000-06-15
19563,4363,8,1,2000-02-21
19564,4363,9,5,2000-06-01
19565,4363,8,1,2000-03-28
19566,4364,4,3,2000-03-05
19567,4364,6,4,2000-05-28
19568,4364,5,5,2000-03-18
19569,4365,8,3,2000-05-26
19570,4365,5,2,2000-01-28
19571,4365,5,5,2000-06-09
19572,4365,1,3,2000-01-05
19573,4365,14,3,2000-03-05
19574,4365,2,2,2000-03-14
19575,4366,9,1,2000-05-05
19576,4366,2,2,2000-01-13
19577,4366,4,5,2000-04-24
19578,4366,9,3,2000-03-13
19579,4366,14,3,2000-05-30
19580,4366,1,2,2000-03-20
19581,4366,12,2,2000-03-26
19582,4366,12,4,2000-06-13
19583,4367,11,2,2000-02-02
19584,4367,6,3,2000-06-14
19585,4368,10,1,2000-05-28
19586,4368,9,2,2000-05-10
19587,4368,9,1,2000-03-27
19588,4368,2,3,2000-02-14
19589,4368,8,1,2000-05-17
19590,4368,3,5,2000-01-11
19591,4369,6,5,2000-05-12
19592,4369,8,2,2000-05-10
19593,4369,14,1,2000-02-22
19594,4369,12,2,2000-06-23
19595,4370,8,3,2000-03-21
19596,4370,1,5,2000-04-14
19597,4370,6,3,2000-05-18
19598,4370,10,4,2000-01-15
19599,4370,14,4,2000-03-05
19600,4370,14,2,2000-03-28
19601,4370,1,1,2000-01-29
19602,4371,14,1,2000-01-20
19603,4371,9,5,2000-02-26
19604,4371,1,2,2000-06-04
19605,4371,1,1,2000-03-06
19606,4372,3,1,2000-01-04
19607,4372,2,1,2000-02-23
19608,4372,11,1,2000-06-28
19609,4372,12,5,2000-02-24
19610,4372,10,1,2000-06-08
19611,4372,1,5,2000-05-31
19612,4372,4,1,2000-01-01
19613,4372,13,1,2000-04-15
19614,4373,14,1,2000-05-10
19615,4373,2,3,2000-02-24
19616,4373,3,4,2000-02-01
19617,4373,13,5,2000-06-14
19618,4374,3,3,2000-05-22
19619,4374,7,4,2000-05-16
19620,4374,6,4,2000-03-01
19621,4374,9,3,2000-04-01
19622,4374,13,3,2000-02-19
19623,4374,2,4,2000-03-24
19624,4374,1,3,2000-01-26
19625,4374,12,2,2000-02-06
19626,4375,8,2,2000-02-23
19627,4375,13,4,2000-01-26
19628,4375,3,3,2000-03-20
19629,4376,5,1,2000-01-27
19630,4376,12,4,2000-04-21
19631,4376,5,1,2000-04-15
19632,4376,6,4,2000-02-09
19633,4376,10,2,2000-01-10
19634,4376,9,4,2000-03-28
19635,4376,6,1,2000-02-24
19636,4377,5,5,2000-05-09
19637,4377,8,4,2000-03-30
19638,4378,4,3,2000-04-14
19639,4378,3,2,2000-01-29
19640,4378,14,1,2000-04-28
19641,4378,11,3,2000-05-31
19642,4378,14,2,2000-06-12
19643,4378,1,5,2000-02-25
19644,4378,9,2,2000-05-26
19645,4378,13,3,2000-04-13
19646,4379,10,4,2000-01-29
19647,4379,7,3,2000-06-02
19648,4379,4,1,2000-02-08
19649,4379,7,4,2000-02-20
19650,4380,10,1,2000-05-27
19651,4380,12,1,2000-06-27
19652,4380,2,5,2000-05-30
19653,4380,9,4,2000-04-05
19654,4381,4,1,2000-01-26
19655,4381,11,2,2000-04-19
19656,4381,2,4,2000-04-02
19657,4381,12,1,2000-02-25
19658,4381,3,2,2000-05-03
19659,4381,14,3,2000-04-14
19660,4382,5,5,2000-03-13
19661,4382,2,5,2000-06-04
19662,4382,13,4,2000-01-07
19663,4382,12,1,2000-02-16
19664,4383,4,3,2000-02-20
19665,4384,13,4,2000-01-11
19666,4384,12,3,2000-01-03
19667,4385,13,1,2000-06-03
19668,4386,2,4,2000-03-27
19669,4386,6,5,2000-04-23
19670,4386,10,5,2000-02-26
19671,4387,7,1,2000-05-15
19672,4387,3,4,2000-02-24
19673,4387,6,5,2000-06-09
19674,4387,5,2,2000-04-04
19675,4387,3,4,2000-06-11
19676,4387,7,1,2000-01-12
19677,4388,4,3,2000-05-24
19678,4388,4,5,2000-06-19
19679,4388,7,5,2000-06-10
19680,4388,9,4,2000-02-20
19681,4388,13,1,2000-03-29
19682,4389,1,4,2000-04-14
19683,4389,2,3,2000-03-07
19684,4389,7,4,2000-04-20
19685,4390,4,4,2000-04-16
19686,4390,3,5,2000-02-21
19687,4390,5,4,2000-05-07
19688,4390,6,2,2000-03-21
19689,4390,5,3,2000-01-01
19690,4391,11,5,2000-06-23
19691,4391,9,2,2000-03-08
19692,4391,10,1,2000-03-10
19693,4392,8,3,2000-06-14
19694,4392,8,4,2000-02-13
19695,4392,10,1,2000-02-17
19696,4392,8,3,2000-01-01
19697,4393,2,2,2000-02-18
19698,4394,3,2,2000-06-28
19699,4394,4,5,2000-06-05
19700,4394,13,4,2000-04-02
19701,4394,8,3,2000-06-11
19702,4394,11,2,2000-05-18
19703,4394,8,4,2000-02-04
19704,4394,6,2,2000-03-09
19705,4395,10,5,2000-01-20
19706,4395,10,1,2000-06-05
19707,4395,9,3,2000-05-01
19708,4396,1,3,2000-06-12
19709,4396,6,2,2000-03-15
19710,4396,14,5,2000-04-28
19711,4396,3,4,2000-04-28
19712,4396,5,3,2000-02-28
19713,4397,11,5,2000-04-24
19714,4397,12,1,2000-03-15
19715,4397,11,1,2000-06-28
19716,4397,3,5,2000-01-01
19717,4398,8,1,2000-05-06
19718,4398,8,1,2000-05-01
19719,4398,10,1,2000-06-21
19720,4398,12,3,2000-05-13
19721,4398,3,5,2000-05-04
19722,4398,7,1,2000-01-16
19723,4399,8,3,2000-04-04
19724,4399,9,4,2000-02-19
19725,4399,2,5,2000-01-17
19726,4399,10,3,2000-06-23
19727,4399,7,2,2000-04-25
19728,4399,5,2,2000-03-18
19729,4399,3,5,2000-02-21
19730,4400,9,2,2000-02-27
19731,4400,14,3,2000-01-24
19732,4400,10,3,2000-04-20
19733,4400,13,4,2000-05-07
19734,4400,12,3,2000-05-28
19735,4400,6,3,2000-02-12
19736,4400,4,1,2000-04-10
19737,4401,9,1,2000-01-29
19738,4401,12,3,2000-01-29
19739,4401,2,1,2000-01-15
19740,4401,13,5,2000-03-23
19741,4401,6,4,2000-02-25
19742,4401,7,2,2000-05-05
19743,4402,4,2,2000-03-27
19744,4402,8,1,2000-06-26
19745,4402,4,1,2000-03-01
19746,4402,1,2,2000-02-13
19747,4402,13,5,2000-05-31
19748,4402,8,4,2000-05-21
19749,4402,7,4,2000-01-27
19750,4403,8,5,2000-04-18
19751,4403,3,2,2000-02-02
19752,4404,4,4,2000-03-15
19753,4404,12,1,2000-05-24
19754,4404,5,4,2000-01-06
19755,4404,2,4,2000-03-17
19756,4404,12,2,2000-06-11
19757,4404,4,5,2000-06-12
19758,4404,8,5,2000-05-20
19759,4404,13,4,2000-04-12
19760,4405,1,2,2000-02-27
19761,4405,6,1,2000-02-10
19762,4405,8,1,2000-03-18
19763,4405,13,4,2000-02-26
19764,4405,1,4,2000-01-08
19765,4406,6,4,2000-05-08
19766,4406,7,2,2000-05-02
19767,4406,14,3,2000-02-21
19768,4406,12,2,2000-05-03
19769,4406,4,3,2000-05-10
19770,4406,14,1,2000-05-03
19771,4406,8,3,2000-06-20
19772,4407,12,4,2000-05-17
19773,4407,7,1,2000-01-29
19774,4408,13,2,2000-02-20
19775,4408,8,2,2000-06-04
19776,4408,4,2,2000-04-20
19777,4408,3,1,2000-05-06
19778,4408,1,1,2000-04-10
19779,4408,13,3,2000-05-21
19780,4408,8,2,2000-02-05
19781,4408,13,2,2000-03-26
19782,4409,10,5,2000-05-02
19783,4409,3,1,2000-05-31
19784,4409,5,4,2000-05-01
19785,4409,9,5,2000-05-19
19786,4410,10,2,2000-06-07
19787,4411,11,2,2000-06-02
19788,4411,5,1,2000-01-10
19789,4412,14,2,2000-05-03
19790,4412,8,3,2000-01-10
19791,4412,13,2,2000-03-04
19792,4412,10,1,2000-01-21
19793,4413,9,4,2000-05-09
19794,4414,3,2,2000-03-09
19795,4414,1,2,2000-06-26
19796,4414,13,3,2000-04-02
19797,4415,5,4,2000-06-02
19798,4415,7,4,2000-06-06
19799,4415,10,1,2000-03-07
19800,4415,5,1,2000-05-31
19801,4415,3,4,2000-03-31
19802,4416,4,3,2000-05-26
19803,4416,14,1,2000-04-03
19804,4416,8,5,2000-06-01
19805,4416,10,4,2000-03-13
19806,4416,10,4,2000-03-23
19807,4416,8,1,2000-03-21
19808,4416,7,5,2000-02-18
19809,4417,14,5,2000-03-10
19810,4417,14,1,2000-03-21
19811,4418,10,4,2000-04-15
19812,4418,10,2,2000-06-14
19813,4418,2,1,2000-03-31
19814,4419,6,3,2000-06-03
19815,4419,1,2,2000-01-10
19816,4419,3,1,2000-06-18
19817,4420,3,5,2000-01-13
19818,4421,3,1,2000-05-25
19819,4421,3,3,2000-06-27
19820,4421,9,5,2000-03-24
19821,4421,9,1,2000-03-27
19822,4421,9,1,2000-01-03
19823,4422,13,5,2000-03-23
19824,4422,6,1,2000-06-23
19825,4422,1,2,2000-06-13
19826,4422,11,2,2000-05-20
19827,4422,6,1,2000-04-20
19828,4423,3,4,2000-02-03
19829,4423,9,2,2000-02-27
19830,4423,14,4,2000-02-16
19831,4423,2,3,2000-02-01
19832,4423,13,2,2000-02-20
19833,4424,10,2,2000-02-08
19834,4424,1,4,2000-01-01
19835,4425,6,2,2000-03-12
19836,4425,1,3,2000-04-29
19837,4425,11,2,2000-02-13
19838,4426,12,1,2000-01-21
19839,4426,2,1,2000-01-01
19840,4426,11,2,2000-05-06
19841,4426,5,4,2000-04-07
19842,4427,3,2,2000-04-11
19843,4427,8,4,2000-06-10
19844,4427,4,2,2000-01-19
19845,4427,13,2,2000-02-25
19846,4427,9,4,2000-03-14
19847,4428,3,3,2000-04-11
19848,4428,3,3,2000-05-30
19849,4428,9,3,2000-01-29
19850,4429,4,3,2000-01-08
19851,4429,9,4,2000-03-11
19852,4430,1,2,2000-05-28
19853,4431,13,1,2000-01-24
19854,4431,5,1,2000-05-06
19855,4431,14,2,2000-03-25
19856,4431,11,3,2000-05-14
19857,4431,5,1,2000-03-26
19858,4431,3,3,2000-05-29
19859,4431,11,1,2000-04-05
19860,4432,11,4,2000-05-02
19861,4432,5,5,2000-04-14
19862,4432,4,4,2000-01-06
19863,4432,2,5,2000-01-04
19864,4432,6,3,2000-03-28
19865,4433,12,1,2000-04-14
19866,4434,1,1,2000-05-18
19867,4435,9,2,2000-04-16
19868,4435,7,2,2000-01-26
19869,4435,14,2,2000-04-24
19870,4435,11,1,2000-06-21
19871,4435,9,2,2000-03-21
19872,4435,1,2,2000-03-08
19873,4435,10,2,2000-05-30
19874,4435,9,4,2000-01-26
19875,4436,9,5,2000-02-17
19876,4436,5,2,2000-02-29
19877,4436,2,2,2000-02-12
19878,4436,1,3,2000-06-18
19879,4436,12,1,2000-05-17
19880,4436,4,3,2000-02-01
19881,4436,3,2,2000-04-04
19882,4437,12,3,2000-06-11
19883,4437,10,3,2000-01-03
19884,4437,8,3,2000-05-21
19885,4437,3,3,2000-02-11
19886,4437,8,4,2000-06-27
19887,4438,11,2,2000-01-26
19888,4438,13,4,2000-01-02
19889,4438,3,2,2000-04-14
19890,4438,7,4,2000-02-22
19891,4438,3,4,2000-06-26
19892,4438,8,4,2000-01-12
19893,4438,5,3,2000-03-05
19894,4439,12,3,2000-05-07
19895,4440,11,5,2000-06-03
19896,4440,9,1,2000-01-22
19897,4440,9,3,2000-03-05
19898,4440,5,4,2000-05-10
19899,4440,7,5,2000-04-01
19900,4440,11,5,2000-01-26
19901,4440,1,1,2000-02-27
19902,4440,9,3,2000-04-04
19903,4441,9,1,2000-05-30
19904,4441,12,3,2000-03-21
19905,4441,7,3,2000-03-23
19906,4441,7,5,2000-06-27
19907,4441,6,5,2000-01-23
19908,4441,10,2,2000-04-28
19909,4441,7,4,2000-06-11
19910,4441,5,2,2000-03-08
19911,4442,4,3,2000-05-01
19912,4442,2,2,2000-06-26
19913,4442,6,2,2000-05-02
19914,4443,14,5,2000-05-20
19915,4443,2,4,2000-02-06
19916,4444,7,2,2000-06-19
19917,4444,9,1,2000-01-29
19918,4444,12,5,2000-04-15
19919,4444,13,1,2000-03-01
19920,4444,11,1,2000-01-03
19921,4444,5,2,2000-06-16
19922,4444,12,5,2000-04-05
19923,4444,6,4,2000-01-20
19924,4445,3,1,2000-06-04
19925,4445,14,4,2000-04-27
19926,4445,4,4,2000-01-24
19927,4446,7,2,2000-02-24
19928,4446,10,3,2000-01-13
19929,4447,4,4,2000-02-23
19930,4447,7,1,2000-04-08
19931,4447,9,1,2000-06-16
19932,4448,12,5,2000-03-30
19933,4448,13,2,2000-05-23
19934,4448,4,2,2000-02-02
19935,4448,5,1,2000-03-08
19936,4448,11,3,2000-05-21
19937,4449,6,4,2000-01-22
19938,4449,11,3,2000-03-30
19939,4449,7,1,2000-05-23
19940,4449,13,4,2000-04-15
19941,4450,9,3,2000-02-01
19942,4450,13,3,2000-06-25
19943,4451,10,5,2000-06-25
19944,4451,8,4,2000-03-31
19945,4451,6,2,2000-01-25
19946,4451,10,2,2000-01-27
19947,4452,10,5,2000-05-04
19948,4452,6,4,2000-06-01
19949,4452,1,4,2000-01-06
19950,4452,1,5,2000-01-02
19951,4452,7,2,2000-01-14
19952,4452,6,5,2000-05-12
19953,4452,10,1,2000-05-11
19954,4453,13,4,2000-03-24
19955,4453,12,2,2000-06-13
19956,4453,8,1,2000-01-12
19957,4453,14,1,2000-05-10
19958,4453,4,3,2000-03-25
19959,4453,9,1,2000-04-14
19960,4454,11,3,2000-03-15
19961,4454,10,2,2000-02-03
19962,4454,4,5,2000-01-01
19963,4454,12,3,2000-01-09
19964,4454,9,5,2000-06-25
19965,4454,13,4,2000-02-28
19966,4454,13,2,2000-01-21
19967,4455,10,3,2000-03-11
19968,4455,14,2,2000-06-21
19969,4455,3,2,2000-01-05
19970,4455,2,4,2000-04-25
19971,4455,12,4,2000-03-30
19972,4455,12,4,2000-01-12
19973,4455,10,2,2000-02-06
19974,4455,13,2,2000-03-02
19975,4456,5,3,2000-06-26
19976,4456,5,5,2000-01-27
19977,4456,8,2,2000-03-19
19978,4457,12,3,2000-04-10
19979,4457,10,3,2000-04-19
19980,4457,14,5,2000-01-01
19981,4457,13,2,2000-05-14
19982,4457,5,5,2000-04-20
19983,4457,3,2,2000-04-04
19984,4457,10,2,2000-05-30
19985,4458,4,4,2000-05-08
19986,4458,11,5,2000-04-18
19987,4458,14,2,2000-02-27
19988,4458,11,1,2000-01-15
19989,4458,11,4,2000-01-18
19990,4459,7,3,2000-02-11
19991,4459,5,1,2000-04-14
19992,4459,5,5,2000-03-18
19993,4459,11,3,2000-05-25
19994,4460,2,4,2000-06-16
19995,4460,11,3,2000-03-17
19996,4460,12,1,2000-02-28
19997,4460,10,2,2000-06-16
19998,4461,8,4,2000-03-04
19999,4462,12,5,2000-03-08
20000,4462,3,5,2000-02-12
20001,4463,6,4,2000-06-14
20002,4464,10,5,2000-06-21
20003,4464,4,5,2000-03-01
20004,4464,12,3,2000-03-31
20005,4465,4,4,2000-03-11
20006,4465,4,2,2000-03-07
20007,4465,1,3,2000-04-25
20008,4465,5,1,2000-04-11
20009,4465,13,3,2000-01-22
20010,4465,9,3,2000-04-23
20011,4465,2,2,2000-03-24
20012,4466,7,5,2000-06-04
20013,4467,9,1,2000-06-25
20014,4467,5,2,2000-04-17
20015,4467,1,2,2000-06-25
20016,4467,3,2,2000-05-05
20017,4467,10,3,2000-01-21
20018,4467,9,4,2000-01-06
20019,4468,2,2,2000-01-23
20020,4468,5,2,2000-05-24
20021,4468,11,2,2000-04-09
20022,4468,13,5,2000-02-14
20023,4469,6,1,2000-05-27
20024,4469,4,3,2000-04-20
20025,4470,14,3,2000-06-25
20026,4470,5,3,2000-02-13
20027,4470,10,1,2000-01-05
20028,4471,7,3,2000-02-09
20029,4471,12,2,2000-03-16
20030,4471,14,3,2000-05-12
20031,4471,7,1,2000-06-18
20032,4471,6,2,2000-04-18
20033,4472,4,2,2000-01-09
20034,4472,10,2,2000-04-13
20035,4473,1,3,2000-02-25
20036,4474,1,3,2000-05-15
20037,4474,8,5,2000-03-16
20038,4474,6,5,2000-02-26
20039,4475,14,3,2000-04-08
20040,4475,12,1,2000-04-16
20041,4475,8,5,2000-05-17
20042,4475,9,5,2000-01-16
20043,4475,6,5,2000-02-01
20044,4475,2,3,2000-06-01
20045,4476,10,5,2000-01-26
20046,4476,14,2,2000-06-22
20047,4477,6,1,2000-06-07
20048,4477,9,2,2000-03-10
20049,4477,9,2,2000-05-04
20050,4478,4,2,2000-03-16
20051,4478,10,2,2000-01-04
20052,4479,4,3,2000-04-12
20053,4479,13,1,2000-01-30
20054,4479,11,5,2000-04-30
20055,4479,11,5,2000-03-25
20056,4479,1,2,2000-04-26
20057,4479,4,5,2000-04-03
20058,4480,2,4,2000-06-17
20059,4480,7,3,2000-02-05
20060,4481,14,3,2000-02-22
20061,4481,11,1,2000-03-02
20062,4481,10,4,2000-06-20
20063,4481,14,2,2000-06-02
20064,4481,9,5,2000-05-10
20065,4481,6,5,2000-02-01
20066,4481,5,2,2000-02-04
20067,4482,14,1,2000-02-24
20068,4482,4,2,2000-01-25
20069,4482,4,2,2000-02-09
20070,4482,1,1,2000-05-13
20071,4483,6,4,2000-06-15
20072,4483,7,3,2000-02-17
20073,4483,1,5,2000-06-18
20074,4483,5,3,2000-05-05
20075,4483,6,2,2000-01-06
20076,4483,4,3,2000-02-26
20077,4483,14,5,2000-03-19
20078,4483,12,4,2000-04-09
20079,4484,3,1,2000-05-25
20080,4484,9,1,2000-05-04
20081,4484,9,3,2000-05-09
20082,4484,13,4,2000-01-01
20083,4484,5,1,2000-04-15
20084,4484,3,1,2000-01-31
20085,4485,11,4,2000-02-13
20086,4485,7,3,2000-06-26
20087,4485,8,3,2000-02-29
20088,4485,2,4,2000-03-18
20089,4485,3,1,2000-02-19
20090,4485,6,1,2000-01-16
20091,4485,2,3,2000-05-04
20092,4485,9,4,2000-01-24
20093,4486,1,4,2000-01-06
20094,4486,13,5,2000-03-30
20095,4486,9,1,2000-01-03
20096,4486,13,5,2000-06-26
20097,4487,5,4,2000-04-15
20098,4487,6,1,2000-01-18
20099,4488,2,4,2000-01-18
20100,4488,1,5,2000-03-16
20101,4488,8,4,2000-01-01
20102,4488,13,1,2000-04-09
20103,4488,8,3,2000-04-28
20104,4488,10,1,2000-05-29
20105,4488,2,2,2000-02-16
20106,4489,1,1,2000-02-29
20107,4489,10,2,2000-05-09
20108,4489,5,3,2000-04-14
20109,4489,8,5,2000-05-27
20110,4489,12,3,2000-01-08
20111,4489,11,5,2000-03-28
20112,4490,8,4,2000-01-17
20113,4490,11,4,2000-06-27
20114,4490,14,5,2000-04-17
20115,4490,9,1,2000-02-24
20116,4490,12,2,2000-05-31
20117,4491,2,2,2000-03-08
20118,4491,11,5,2000-01-02
20119,4491,1,5,2000-05-31
20120,4491,12,4,2000-01-10
20121,4491,8,2,2000-01-16
20122,4491,12,3,2000-06-01
20123,4491,1,4,2000-04-23
20124,4492,9,5,2000-02-22
20125,4492,8,4,2000-04-12
20126,4492,13,2,2000-05-07
20127,4492,9,5,2000-03-22
20128,4492,12,4,2000-03-26
20129,4492,4,4,2000-01-13
20130,4492,7,4,2000-01-27
20131,4493,2,1,2000-03-05
20132,4493,4,1,2000-05-26
20133,4494,4,2,2000-02-11
20134,4494,5,2,2000-06-25
20135,4495,12,4,2000-02-15
20136,4496,11,3,2000-05-13
20137,4496,13,4,2000-02-28
20138,4497,1,2,2000-06-16
20139,4497,10,4,2000-02-29
20140,4497,14,5,2000-06-13
20141,4497,9,1,2000-01-04
20142,4497,6,1,2000-06-15
20143,4497,9,2,2000-05-19
20144,4497,12,1,2000-05-19
20145,4498,1,1,2000-05-24
20146,4499,3,3,2000-04-19
20147,4499,13,2,2000-04-05
20148,4500,8,5,2000-02-21
20149,4501,2,5,2000-03-16
20150,4501,6,5,2000-06-07
20151,4501,8,1,2000-01-18
20152,4502,12,4,2000-05-26
20153,4502,1,5,2000-05-31
20154,4502,9,2,2000-03-21
20155,4503,12,4,2000-04-09
20156,4503,8,1,2000-02-17
20157,4503,10,2,2000-05-28
20158,4503,5,2,2000-05-14
20159,4504,4,1,2000-03-07
20160,4504,1,3,2000-06-24
20161,4504,2,3,2000-06-20
20162,4504,7,5,2000-05-19
20163,4505,13,2,2000-04-26
20164,4505,12,1,2000-06-28
20165,4505,4,4,2000-04-27
20166,4505,10,1,2000-04-13
20167,4505,1,4,2000-06-06
20168,4505,1,2,2000-04-25
20169,4505,6,2,2000-05-17
20170,4506,4,4,2000-04-02
20171,4506,8,1,2000-02-28
20172,4506,4,1,2000-04-06
20173,4507,10,4,2000-04-02
20174,4507,6,3,2000-04-04
20175,4508,11,1,2000-05-01
20176,4508,3,2,2000-04-22
20177,4509,10,2,2000-06-26
20178,4509,8,5,2000-01-03
20179,4509,13,4,2000-04-04
20180,4509,9,3,2000-04-27
20181,4510,3,3,2000-03-29
20182,4511,1,2,2000-01-14
20183,4511,14,2,2000-05-26
20184,4511,4,3,2000-02-09
20185,4511,7,2,2000-03-15
20186,4512,7,2,2000-02-04
20187,4512,10,3,2000-03-06
20188,4512,13,2,2000-03-30
20189,4513,14,4,2000-03-15
20190,4513,11,2,2000-04-18
20191,4513,2,2,2000-01-14
20192,4513,5,2,2000-06-26
20193,4513,10,1,2000-01-09
20194,4514,1,4,2000-06-27
20195,4515,10,5,2000-03-15
20196,4515,11,3,2000-01-18
20197,4516,13,2,2000-02-16
20198,4516,2,4,2000-02-10
20199,4516,13,5,2000-02-25
20200,4516,7,2,2000-03-10
20201,4516,3,5,2000-02-11
20202,4516,11,4,2000-01-31
20203,4517,5,4,2000-04-10
20204,4517,1,2,2000-04-24
20205,4517,4,3,2000-04-13
20206,4517,12,1,2000-06-28
20207,4517,8,4,2000-02-29
20208,4517,2,1,2000-02-13
20209,4518,6,3,2000-06-05
20210,4518,13,4,2000-03-05
20211,4518,11,1,2000-03-18
20212,4518,7,2,2000-04-06
20213,4519,6,1,2000-06-25
20214,4520,12,5,2000-03-10
20215,4520,4,4,2000-03-05
20216,4521,2,2,2000-06-24
20217,4522,13,3,2000-05-08
20218,4522,5,1,2000-03-24
20219,4522,9,1,2000-03-08
20220,4522,5,2,2000-03-11
20221,4523,1,3,2000-05-10
20222,4523,11,1,2000-01-17
20223,4523,5,5,2000-01-07
20224,4524,13,2,2000-05-03
20225,4524,10,2,2000-05-07
20226,4525,10,1,2000-03-13
20227,4525,10,1,2000-06-28
20228,4526,10,5,2000-05-03
20229,4526,10,4,2000-02-27
20230,4526,13,5,2000-01-25
20231,4526,4,3,2000-06-28
20232,4526,8,3,2000-01-06
20233,4526,3,4,2000-03-08
20234,4527,10,2,2000-01-16
20235,4527,3,3,2000-02-22
20236,4528,1,4,2000-02-28
20237,4528,12,4,2000-02-07
20238,4528,3,1,2000-02-27
20239,4528,12,3,2000-01-06
20240,4528,14,3,2000-06-13
20241,4529,2,4,2000-02-24
20242,4529,12,5,2000-05-20
20243,4529,3,5,2000-02-21
20244,4530,1,3,2000-06-27
20245,4530,10,4,2000-04-05
20246,4530,9,1,2000-06-18
20247,4530,1,1,2000-05-13
20248,4530,11,5,2000-06-26
20249,4530,9,3,2000-04-28
20250,4531,4,3,2000-05-12
20251,4531,2,4,2000-02-19
20252,4531,12,2,2000-02-25
20253,4531,5,5,2000-06-13
20254,4531,4,1,2000-06-04
20255,4531,7,3,2000-06-03
20256,4532,1,2,2000-06-26
20257,4532,2,4,2000-05-22
20258,4532,10,5,2000-01-31
20259,4533,6,3,2000-04-24
20260,4533,9,5,2000-05-23
20261,4533,3,3,2000-03-07
20262,4534,4,1,2000-06-03
20263,4534,3,5,2000-01-04
20264,4534,7,5,2000-05-31
20265,4534,9,1,2000-06-07
20266,4535,9,3,2000-04-01
20267,4535,1,5,2000-01-30
20268,4535,8,4,2000-05-05
20269,4535,12,3,2000-02-08
20270,4535,11,5,2000-02-26
20271,4535,3,1,2000-02-05
20272,4535,14,5,2000-04-25
20273,4535,12,3,2000-04-28
20274,4536,9,3,2000-06-26
20275,4537,13,3,2000-01-03
20276,4537,11,4,2000-04-06
20277,4537,11,3,2000-01-12
20278,4537,9,5,2000-02-05
20279,4538,11,3,2000-04-20
20280,4539,12,3,2000-03-07
20281,4539,8,4,2000-02-01
20282,4539,12,4,2000-04-08
20283,4539,13,5,2000-01-28
20284,4539,11,2,2000-04-09
20285,4539,4,1,2000-06-11
20286,4540,14,1,2000-03-10
20287,4540,3,2,2000-02-21
20288,4540,3,4,2000-03-26
20289,4540,14,4,2000-04-30
20290,4540,5,5,2000-01-09
20291,4540,8,4,2000-03-20
20292,4540,13,5,2000-06-14
20293,4541,7,3,2000-02-07
20294,4541,2,2,2000-02-15
20295,4542,3,1,2000-01-17
20296,4542,13,4,2000-02-20
20297,4542,6,1,2000-03-18
20298,4542,9,2,2000-05-18
20299,4542,13,1,2000-02-07
20300,4542,9,5,2000-05-21
20301,4543,4,1,2000-01-25
20302,4543,2,2,2000-04-18
20303,4543,8,2,2000-03-11
20304,4543,14,2,2000-01-24
20305,4543,6,3,2000-05-26
20306,4543,14,2,2000-02-18
20307,4544,9,2,2000-03-18
20308,4544,5,1,2000-01-23
20309,4545,11,2,2000-05-16
20310,4545,8,4,2000-06-17
20311,4545,11,3,2000-02-15
20312,4545,1,5,2000-03-18
20313,4545,9,3,2000-02-09
20314,4545,14,1,2000-04-03
20315,4545,11,4,2000-03-29
20316,4545,10,1,2000-03-10
20317,4546,3,5,2000-03-08
20318,4546,3,1,2000-06-23
20319,4546,11,3,2000-02-07
20320,4546,8,1,2000-03-25
20321,4547,11,3,2000-02-11
20322,4547,1,3,2000-03-05
20323,4547,12,4,2000-03-18
20324,4547,8,4,2000-06-26
20325,4547,6,4,2000-06-11
20326,4547,14,4,2000-04-02
20327,4547,11,5,2000-04-12
20328,4548,7,2,2000-01-02
20329,4548,13,2,2000-05-13
20330,4548,2,1,2000-02-20
20331,4548,8,4,2000-05-31
20332,4549,2,3,2000-04-14
20333,4550,11,2,2000-02-23
20334,4550,10,4,2000-04-29
20335,4550,2,3,2000-02-28
20336,4550,9,1,2000-05-20
20337,4550,1,5,2000-01-31
20338,4550,13,1,2000-03-29
20339,4550,12,1,2000-02-15
20340,4551,2,1,2000-02-01
22672,5064,12,2,2000-06-28
22673,5064,8,2,2000-02-12
22674,5064,5,2,2000-02-14
22675,5064,12,3,2000-06-24
22676,5064,13,2,2000-02-04
22677,5064,12,2,2000-03-16
22678,5065,8,3,2000-05-07
22679,5065,3,2,2000-01-11
22680,5065,8,2,2000-04-05
22681,5065,7,2,2000-06-06
22682,5065,8,4,2000-04-24
22683,5065,8,3,2000-02-19
22684,5065,1,5,2000-06-13
22685,5065,10,1,2000-01-21
22686,5066,13,5,2000-04-06
22687,5066,14,2,2000-04-03
22688,5066,2,5,2000-02-25
22689,5066,5,5,2000-02-04
22690,5066,12,5,2000-03-21
22691,5066,2,1,2000-05-10
22692,5067,9,1,2000-06-02
22693,5067,6,2,2000-06-07
22694,5067,5,1,2000-03-02
22695,5067,6,3,2000-01-16
22696,5067,6,4,2000-06-11
22697,5067,9,5,2000-04-06
22698,5067,5,1,2000-06-11
22699,5068,13,2,2000-01-18
22700,5068,1,4,2000-01-27
22701,5068,8,3,2000-04-03
22702,5068,1,2,2000-06-20
22703,5069,11,1,2000-06-12
22704,5069,9,5,2000-02-25
22705,5069,2,2,2000-02-06
22706,5069,14,4,2000-01-15
22707,5069,7,4,2000-05-03
22708,5069,13,4,2000-06-28
22709,5070,8,1,2000-01-08
22710,5070,9,1,2000-02-24
22711,5070,10,2,2000-01-10
22712,5070,14,3,2000-05-07
22713,5070,2,4,2000-02-08
22714,5070,9,5,2000-05-17
22715,5071,9,1,2000-05-14
22716,5071,12,2,2000-01-19
22717,5071,6,1,2000-05-13
22718,5072,13,5,2000-05-17
22719,5072,7,1,2000-01-07
22720,5072,4,4,2000-01-06
22721,5072,12,1,2000-02-02
22722,5072,2,5,2000-05-07
22723,5073,6,3,2000-04-16
22724,5074,12,1,2000-06-08
22725,5075,8,2,2000-02-22
22726,5075,10,5,2000-05-13
22727,5075,12,1,2000-06-05
22728,5075,9,5,2000-03-02
22729,5075,4,3,2000-02-04
22730,5076,11,3,2000-01-22
22731,5076,4,1,2000-01-27
22732,5076,6,4,2000-04-01
22733,5076,7,3,2000-06-22
22734,5076,13,3,2000-04-19
22735,5076,14,3,2000-05-13
22736,5077,3,1,2000-01-07
22737,5077,1,2,2000-05-18
22738,5077,11,2,2000-03-30
22739,5077,13,1,2000-01-30
22740,5077,8,2,2000-05-15
22741,5078,8,1,2000-05-31
22742,5078,12,3,2000-06-20
22743,5079,5,3,2000-02-01
22744,5079,2,4,2000-05-30
22745,5079,7,2,2000-06-17
22746,5079,14,1,2000-05-24
22747,5079,5,1,2000-06-16
22748,5079,14,2,2000-04-26
22749,5079,11,3,2000-01-29
22750,5079,10,5,2000-01-20
22751,5080,13,5,2000-05-27
22752,5080,13,3,2000-04-22
22753,5080,9,4,2000-02-16
22754,5081,7,4,2000-06-09
22755,5082,6,4,2000-04-11
22756,5082,9,4,2000-06-25
22757,5082,7,2,2000-04-29
22758,5082,6,5,2000-01-10
22759,5083,14,2,2000-05-17
22760,5083,4,3,2000-01-11
22761,5083,1,3,2000-01-08
22762,5083,1,3,2000-02-23
22763,5083,5,3,2000-06-08
22764,5083,1,3,2000-04-10
22765,5084,5,5,2000-01-09
22766,5084,7,4,2000-04-10
22767,5084,2,2,2000-03-18
22768,5084,14,2,2000-01-04
22769,5084,11,5,2000-04-05
22770,5084,11,3,2000-02-26
22771,5084,9,3,2000-05-26
22772,5084,14,4,2000-02-24
22773,5085,8,3,2000-03-21
22774,5085,3,3,2000-05-05
22775,5085,8,5,2000-01-07
22776,5085,6,2,2000-06-07
22777,5085,10,5,2000-02-02
22778,5085,2,1,2000-03-11
22779,5085,6,5,2000-03-09
22780,5085,5,3,2000-02-06
22781,5086,2,5,2000-01-03
22782,5086,3,3,2000-04-23
22783,5086,2,1,2000-04-14
22784,5086,11,5,2000-04-08
22785,5087,5,3,2000-01-02
22786,5087,10,3,2000-05-31
22787,5088,10,2,2000-02-13
22788,5088,11,1,2000-06-24
22789,5088,13,2,2000-04-03
22790,5088,11,5,2000-05-12
22791,5088,6,1,2000-03-20
22792,5088,11,4,2000-03-07
22793,5088,5,1,2000-01-01
22794,5089,4,1,2000-06-06
22795,5089,5,4,2000-05-26
22796,5089,9,5,2000-04-30
22797,5089,13,2,2000-01-10
22798,5089,12,3,2000-01-07
22799,5089,2,5,2000-04-02
22800,5089,4,2,2000-05-26
22801,5089,6,2,2000-04-15
22802,5090,13,5,2000-06-12
22803,5090,12,5,2000-06-14
22804,5090,7,2,2000-06-22
22805,5091,7,4,2000-05-18
22806,5091,10,5,2000-06-14
22807,5091,4,1,2000-06-11
22808,5091,7,2,2000-06-26
22809,5091,3,5,2000-01-22
22810,5092,3,5,2000-02-12
22811,5093,6,4,2000-01-08
22812,5093,2,3,2000-03-06
22813,5093,1,5,2000-05-06
22814,5093,9,5,2000-02-11
22815,5093,9,4,2000-02-02
22816,5093,13,1,2000-06-16
22817,5093,12,4,2000-04-08
22818,5094,10,4,2000-06-24
22819,5094,4,5,2000-01-18
22820,5094,12,5,2000-01-27
22821,5094,7,1,2000-04-23
22822,5094,2,5,2000-04-15
22823,5094,11,3,2000-02-13
22824,5095,3,4,2000-05-19
22825,5095,10,2,2000-01-01
22826,5095,4,4,2000-03-03
22827,5095,4,5,2000-05-27
22828,5095,5,1,2000-02-02
22829,5095,3,4,2000-01-01
22830,5096,13,3,2000-01-17
22831,5097,8,2,2000-04-29
22832,5097,12,1,2000-04-29
22833,5097,2,3,2000-04-08
22834,5097,6,3,2000-02-13
22835,5097,13,3,2000-04-27
22836,5097,2,4,2000-03-28
22837,5097,4,5,2000-06-22
22838,5098,10,4,2000-02-28
22839,5098,3,5,2000-04-28
22840,5098,6,5,2000-04-04
22841,5098,3,1,2000-06-18
22842,5098,2,1,2000-01-25
22843,5099,11,3,2000-02-14
22844,5099,12,3,2000-05-05
22845,5099,12,2,2000-03-13
22846,5100,10,4,2000-04-22
22847,5101,8,5,2000-04-20
22848,5101,6,2,2000-04-24
22849,5101,5,3,2000-03-30
22850,5102,3,1,2000-02-23
22851,5102,9,4,2000-04-01
22852,5102,7,4,2000-02-11
22853,5102,9,3,2000-01-09
22854,5102,3,5,2000-05-08
22855,5102,4,2,2000-01-24
22856,5102,10,1,2000-06-27
22857,5102,11,5,2000-06-25
22858,5103,12,3,2000-02-23
22859,5104,8,2,2000-02-04
22860,5104,7,3,2000-03-07
22861,5104,3,5,2000-05-07
22862,5104,4,4,2000-04-22
22863,5104,3,3,2000-05-04
22864,5104,6,5,2000-04-03
22865,5104,12,5,2000-04-09
22866,5104,5,4,2000-06-01
22867,5105,9,1,2000-01-16
22868,5105,12,4,2000-01-16
22869,5105,7,4,2000-03-25
22870,5105,14,3,2000-06-19
22871,5105,7,2,2000-06-02
22872,5105,7,2,2000-01-11
22873,5106,5,1,2000-05-31
22874,5106,5,5,2000-06-21
22875,5106,6,4,2000-05-11
22876,5106,13,5,2000-05-08
22877,5107,7,3,2000-01-07
22878,5107,11,1,2000-03-08
22879,5107,4,3,2000-01-02
22880,5107,3,5,2000-02-07
22881,5107,12,3,2000-01-01
22882,5107,1,2,2000-03-08
22883,5107,4,3,2000-05-11
22884,5107,6,5,2000-03-15
22885,5108,13,1,2000-01-17
22886,5108,3,4,2000-04-12
22887,5108,9,1,2000-05-07
22888,5108,12,2,2000-06-17
22889,5108,11,2,2000-06-08
22890,5109,3,1,2000-03-09
22891,5109,8,2,2000-04-17
22892,5109,6,4,2000-03-28
22893,5109,4,5,2000-05-12
22894,5109,2,5,2000-03-02
22895,5109,2,2,2000-04-10
22896,5110,7,3,2000-01-06
22897,5110,8,4,2000-02-14
22898,5110,11,1,2000-06-01
22899,5110,9,5,2000-01-31
22900,5110,5,4,2000-03-17
22901,5111,1,1,2000-06-25
22902,5111,9,1,2000-01-26
22903,5111,11,3,2000-04-29
22904,5111,12,4,2000-03-04
22905,5111,13,1,2000-01-06
22906,5111,9,1,2000-04-26
22907,5111,10,3,2000-04-19
22908,5111,6,5,2000-06-06
22909,5112,6,2,2000-02-27
22910,5112,10,2,2000-06-03
22911,5113,7,2,2000-04-26
22912,5113,5,4,2000-06-12
22913,5113,8,4,2000-05-08
22914,5113,6,5,2000-03-08
22915,5113,11,5,2000-06-15
22916,5113,6,3,2000-03-02
22917,5113,6,1,2000-03-02
22918,5113,11,3,2000-06-16
22919,5114,12,3,2000-02-11
22920,5114,7,1,2000-05-11
22921,5114,11,3,2000-05-05
22922,5114,10,3,2000-03-02
22923,5114,11,2,2000-01-19
22924,5115,2,4,2000-05-07
22925,5115,13,3,2000-03-16
22926,5115,8,5,2000-05-23
22927,5115,2,3,2000-03-04
22928,5115,6,4,2000-04-11
22929,5115,1,3,2000-05-23
22930,5115,10,3,2000-06-16
22931,5116,13,4,2000-05-17
22932,5116,6,4,2000-04-21
22933,5116,11,4,2000-03-23
22934,5116,11,5,2000-04-18
22935,5117,14,1,2000-06-11
22936,5118,10,1,2000-03-09
22937,5118,12,4,2000-05-14
22938,5118,5,2,2000-02-13
22939,5118,7,2,2000-03-10
22940,5118,2,2,2000-04-19
22941,5119,10,3,2000-05-08
22942,5119,6,3,2000-02-19
22943,5119,14,5,2000-06-19
22944,5119,11,5,2000-05-05
22945,5120,11,1,2000-05-24
22946,5120,3,3,2000-01-05
22947,5120,6,5,2000-01-24
22948,5121,3,5,2000-01-19
22949,5121,6,1,2000-04-24
22950,5121,6,2,2000-06-10
22951,5121,4,1,2000-04-15
22952,5121,6,5,2000-05-04
22953,5122,4,1,2000-03-14
22954,5122,7,5,2000-06-28
22955,5122,14,4,2000-01-30
22956,5122,8,2,2000-02-04
22957,5122,3,5,2000-06-03
22958,5122,7,4,2000-03-04
22959,5122,3,4,2000-02-28
22960,5122,6,3,2000-02-01
22961,5123,11,5,2000-06-08
22962,5123,3,3,2000-03-09
22963,5123,10,3,2000-04-17
22964,5123,10,3,2000-02-13
22965,5124,10,3,2000-01-25
22966,5124,8,3,2000-03-02
22967,5124,5,4,2000-01-07
22968,5124,12,3,2000-02-27
22969,5124,12,2,2000-02-11
22970,5125,13,5,2000-05-29
22971,5125,4,5,2000-06-23
22972,5125,5,1,2000-02-19
22973,5125,7,3,2000-03-21
22974,5126,7,5,2000-05-01
22975,5126,12,1,2000-03-23
22976,5126,8,5,2000-02-11
22977,5127,1,3,2000-06-22
22978,5127,5,1,2000-04-24
22979,5127,3,1,2000-02-20
22980,5127,11,3,2000-02-14
22981,5128,13,1,2000-01-18
22982,5128,11,4,2000-06-11
22983,5129,2,1,2000-02-24
22984,5129,9,1,2000-03-04
22985,5129,5,3,2000-01-03
22986,5129,5,5,2000-02-11
22987,5130,2,2,2000-04-21
22988,5130,8,4,2000-01-07
22989,5130,5,3,2000-06-14
22990,5130,10,3,2000-02-08
22991,5130,8,4,2000-05-31
22992,5131,9,3,2000-04-23
22993,5131,5,5,2000-05-05
22994,5131,9,3,2000-01-07
22995,5131,1,1,2000-02-24
22996,5131,7,2,2000-02-26
22997,5131,6,2,2000-03-31
22998,5132,4,1,2000-05-06
22999,5132,4,5,2000-01-29
23000,5133,1,4,2000-04-06
23001,5133,5,5,2000-05-14
23002,5133,5,3,2000-04-20
23003,5134,10,2,2000-04-24
23004,5134,12,1,2000-02-07
23005,5134,1,1,2000-04-03
23006,5134,12,1,2000-06-13
23007,5134,7,1,2000-06-09
23008,5135,14,2,2000-06-07
23009,5135,11,1,2000-03-11
23010,5136,3,5,2000-01-19
23011,5136,12,2,2000-02-06
23012,5136,11,2,2000-05-19
23013,5136,9,5,2000-01-17
23014,5137,11,4,2000-05-06
23015,5137,6,1,2000-04-09
23016,5137,10,3,2000-03-19
23017,5137,13,3,2000-04-06
23018,5137,10,4,2000-01-05
23019,5137,12,5,2000-05-07
23020,5137,8,2,2000-02-20
23021,5137,11,5,2000-02-10
23022,5138,3,2,2000-03-14
23023,5138,10,2,2000-03-17
23024,5138,6,4,2000-03-12
23025,5138,5,1,2000-06-20
23026,5139,6,5,2000-03-01
23027,5139,7,3,2000-03-13
23028,5139,8,4,2000-02-26
23029,5140,12,2,2000-02-26
23030,5141,7,1,2000-03-07
23031,5142,9,2,2000-01-04
23032,5142,10,5,2000-04-22
23033,5142,1,5,2000-04-12
23034,5142,5,4,2000-05-31
23035,5142,4,5,2000-01-15
23036,5142,8,3,2000-05-01
23037,5142,8,5,2000-05-05
23038,5143,4,1,2000-05-03
23039,5143,3,4,2000-01-14
23040,5143,5,1,2000-05-08
23041,5143,2,1,2000-05-26
23042,5143,10,3,2000-06-09
23043,5143,13,5,2000-04-20
23044,5143,2,2,2000-01-25
23045,5144,4,3,2000-02-17
23046,5144,2,5,2000-03-10
23047,5144,10,4,2000-01-27
23048,5144,11,1,2000-06-06
23049,5144,10,2,2000-01-03
23050,5144,9,2,2000-03-17
23051,5144,3,4,2000-01-10
23052,5144,10,1,2000-06-18
23053,5145,5,2,2000-02-03
23054,5145,10,4,2000-05-23
23055,5145,13,3,2000-05-11
23056,5145,4,3,2000-04-26
23057,5145,9,5,2000-06-06
23058,5145,2,3,2000-02-20
23059,5145,6,3,2000-02-24
23060,5145,2,1,2000-01-31
23061,5146,6,1,2000-04-19
23062,5146,6,4,2000-02-29
23063,5146,9,1,2000-06-27
23064,5146,13,4,2000-03-05
23065,5146,9,2,2000-06-27
23066,5147,1,5,2000-06-02
23067,5147,3,2,2000-03-07
23068,5147,5,1,2000-06-14
23069,5147,6,1,2000-03-31
23070,5147,5,5,2000-04-02
23071,5148,3,4,2000-06-27
23072,5148,13,3,2000-03-30
23073,5148,3,4,2000-03-22
23074,5148,9,1,2000-01-09
23075,5148,6,1,2000-01-22
23076,5148,6,5,2000-02-13
23077,5149,10,4,2000-04-04
23078,5149,12,4,2000-03-07
23079,5149,4,4,2000-04-06
23080,5149,2,3,2000-05-25
23081,5149,12,5,2000-03-29
23082,5150,6,3,2000-04-11
23083,5150,7,4,2000-05-01
23084,5150,7,2,2000-06-22
23085,5150,2,3,2000-06-20
23086,5151,9,3,2000-01-11
23087,5151,1,1,2000-04-12
23088,5151,8,4,2000-02-14
23089,5151,14,2,2000-02-07
23090,5152,8,1,2000-03-23
23091,5152,9,4,2000-02-26
23092,5152,14,2,2000-02-18
23093,5152,2,4,2000-04-29
23094,5152,6,5,2000-06-15
23095,5153,14,4,2000-01-19
23096,5153,6,1,2000-05-11
23097,5153,14,3,2000-02-28
23098,5153,4,2,2000-01-13
23099,5153,13,2,2000-06-21
23100,5154,12,3,2000-01-21
23101,5154,14,5,2000-02-13
23102,5154,5,5,2000-05-14
23103,5154,8,4,2000-05-16
23104,5155,11,1,2000-05-08
23105,5155,14,3,2000-01-13
23106,5155,6,4,2000-02-05
23107,5155,10,1,2000-02-08
23108,5155,13,5,2000-03-22
23109,5155,13,3,2000-01-10
23110,5155,2,4,2000-03-11
23111,5155,1,1,2000-05-26
23112,5156,9,5,2000-04-12
23113,5156,7,2,2000-01-08
23114,5156,11,1,2000-04-25
23115,5156,11,1,2000-06-25
23116,5156,9,3,2000-02-19
23117,5157,10,5,2000-03-22
23118,5157,6,3,2000-05-08
23119,5157,8,2,2000-06-05
23120,5157,1,5,2000-05-19
23121,5157,3,1,2000-02-06
23122,5158,5,3,2000-01-07
23123,5158,13,2,2000-04-22
23124,5158,6,3,2000-03-21
23125,5158,10,1,2000-01-09
23126,5158,11,4,2000-05-24
23127,5158,5,1,2000-01-04
23128,5159,1,5,2000-06-15
23129,5159,1,5,2000-06-09
23130,5159,1,2,2000-06-26
23131,5159,14,4,2000-05-07
23132,5159,1,2,2000-03-13
23133,5159,2,2,2000-06-22
23134,5160,1,5,2000-04-11
23135,5160,3,2,2000-04-25
23136,5160,11,5,2000-04-06
23137,5160,13,5,2000-06-15
23138,5160,4,1,2000-04-07
23139,5160,6,4,2000-02-21
23140,5160,7,4,2000-04-14
23141,5161,3,5,2000-02-19
23142,5161,14,2,2000-04-05
23143,5161,6,4,2000-05-09
23144,5161,11,3,2000-05-06
23145,5161,6,1,2000-05-13
23146,5161,9,2,2000-06-19
23147,5161,12,4,2000-05-17
23148,5161,11,3,2000-05-09
23149,5162,13,1,2000-03-10
23150,5162,2,5,2000-01-17
23151,5163,6,5,2000-05-08
23152,5163,9,4,2000-04-03
23153,5163,14,5,2000-04-25
23154,5163,9,3,2000-05-14
23155,5163,13,5,2000-02-26
23156,5163,3,5,2000-06-28
23157,5164,5,2,2000-04-12
23158,5164,14,3,2000-06-21
23159,5164,1,2,2000-01-07
23160,5164,1,4,2000-03-02
23161,5164,11,5,2000-01-06
23162,5165,11,3,2000-02-01
23163,5165,7,3,2000-06-03
23164,5165,7,5,2000-06-06
23165,5165,4,1,2000-03-31
23166,5165,10,3,2000-06-22
23167,5165,4,4,2000-01-07
23168,5165,2,4,2000-06-02
23169,5165,2,2,2000-05-23
23170,5166,12,2,2000-06-03
23171,5166,14,3,2000-04-20
23172,5166,12,3,2000-06-08
23173,5166,1,5,2000-06-11
23174,5166,10,4,2000-02-03
23175,5166,6,2,2000-04-21
23176,5166,2,3,2000-06-20
23177,5167,14,4,2000-05-04
23178,5167,14,5,2000-05-31
23179,5167,9,3,2000-02-09
23180,5167,6,1,2000-01-24
23181,5168,1,3,2000-02-07
23182,5169,10,3,2000-03-08
23183,5169,7,2,2000-02-29
23184,5169,3,3,2000-03-22
23185,5169,4,3,2000-05-25
23186,5169,9,1,2000-06-14
23187,5169,8,1,2000-03-05
23188,5170,12,4,2000-04-26
23189,5170,4,1,2000-02-29
21118,4721,9,5,2000-04-02
21119,4721,2,4,2000-05-02
21120,4722,12,1,2000-06-10
21121,4722,7,5,2000-05-18
21122,4722,8,1,2000-06-14
21123,4723,9,1,2000-03-20
21124,4723,12,3,2000-01-20
21125,4723,3,1,2000-06-24
21126,4723,7,4,2000-05-21
21127,4723,8,1,2000-03-15
21128,4723,13,5,2000-03-13
21129,4724,10,3,2000-05-08
21130,4725,11,5,2000-03-11
21131,4725,7,2,2000-05-01
21132,4725,3,1,2000-03-07
21133,4725,7,3,2000-04-27
21134,4725,13,3,2000-02-29
21135,4726,9,5,2000-02-27
21136,4726,9,1,2000-06-25
21137,4726,3,5,2000-05-18
21138,4726,13,4,2000-06-14
21139,4726,6,3,2000-05-10
21140,4726,6,4,2000-05-22
21141,4726,10,2,2000-01-17
21142,4726,8,5,2000-02-12
21143,4727,2,2,2000-06-16
21144,4727,13,1,2000-06-10
21145,4727,9,2,2000-01-24
21146,4728,8,3,2000-06-04
21147,4728,5,3,2000-03-22
21148,4728,5,2,2000-05-24
21149,4728,2,4,2000-06-22
21150,4728,11,4,2000-04-09
21151,4728,6,2,2000-06-14
21152,4729,5,4,2000-04-25
21153,4730,5,5,2000-06-19
21154,4730,12,5,2000-03-23
21155,4730,11,2,2000-02-28
21156,4730,7,1,2000-03-12
21157,4731,4,4,2000-04-15
21158,4731,13,2,2000-04-28
21159,4731,6,4,2000-06-12
21160,4732,14,1,2000-01-13
21161,4732,8,3,2000-06-26
21162,4732,14,2,2000-01-11
21163,4732,13,5,2000-05-18
21164,4732,5,5,2000-06-16
21165,4732,5,5,2000-06-08
21166,4732,13,4,2000-06-17
21167,4732,2,1,2000-06-08
21168,4733,10,1,2000-02-29
21169,4733,3,5,2000-03-02
21170,4733,3,1,2000-05-10
21171,4733,1,5,2000-01-16
21172,4733,8,1,2000-05-06
21173,4733,12,5,2000-03-05
21174,4733,7,3,2000-05-18
21175,4733,10,2,2000-01-23
21176,4734,6,2,2000-04-26
21177,4734,1,1,2000-02-08
21178,4734,2,4,2000-01-27
21179,4734,11,5,2000-06-17
21180,4734,4,5,2000-03-09
21181,4734,11,3,2000-01-29
21182,4734,1,5,2000-05-31
21183,4734,1,2,2000-05-08
21184,4735,13,3,2000-06-02
21185,4735,14,2,2000-05-17
21186,4736,9,3,2000-05-25
21187,4736,6,3,2000-03-11
21188,4736,6,5,2000-02-13
21189,4736,8,3,2000-02-05
21190,4736,10,4,2000-05-14
21191,4737,6,1,2000-04-24
21192,4737,4,2,2000-05-24
21193,4737,10,3,2000-01-02
21194,4737,13,5,2000-04-10
21195,4737,11,1,2000-04-05
21196,4738,7,2,2000-01-31
21197,4739,3,5,2000-03-05
21198,4739,4,3,2000-06-16
21199,4739,13,5,2000-03-13
21200,4740,7,2,2000-04-09
21201,4740,11,5,2000-05-18
21202,4740,13,2,2000-03-13
21203,4740,10,5,2000-04-21
21204,4740,12,1,2000-04-06
21205,4740,2,2,2000-05-09
21206,4740,6,1,2000-06-13
21207,4741,11,5,2000-02-14
21208,4741,14,2,2000-03-05
21209,4741,3,1,2000-05-13
21210,4741,14,1,2000-05-01
21211,4741,10,4,2000-05-31
21212,4741,12,1,2000-06-03
21213,4741,9,4,2000-06-06
21214,4742,3,1,2000-06-03
21215,4742,9,5,2000-06-10
21216,4743,7,5,2000-04-02
21217,4743,7,4,2000-04-08
21218,4743,3,4,2000-03-28
21219,4744,7,3,2000-04-15
21220,4744,10,5,2000-02-16
21221,4745,6,1,2000-02-24
21222,4745,14,4,2000-03-18
21223,4745,8,3,2000-06-11
21224,4745,10,1,2000-06-21
21225,4746,13,4,2000-06-14
21226,4746,1,3,2000-03-30
21227,4746,9,1,2000-02-26
21228,4746,5,4,2000-05-17
21229,4746,9,1,2000-05-27
21230,4746,11,4,2000-06-21
21231,4746,8,2,2000-04-03
21232,4747,6,5,2000-05-12
21233,4747,8,5,2000-06-10
21234,4747,3,4,2000-01-02
21235,4747,3,5,2000-06-23
21236,4747,10,4,2000-03-14
21237,4748,7,3,2000-01-09
21238,4748,7,5,2000-06-23
21239,4748,11,2,2000-01-30
21240,4748,6,5,2000-02-14
21241,4748,3,2,2000-01-21
21242,4748,11,3,2000-03-03
21243,4749,10,1,2000-06-23
21244,4749,2,4,2000-01-25
21245,4750,4,3,2000-06-28
21246,4750,2,4,2000-06-16
21247,4750,3,5,2000-03-17
21248,4750,7,3,2000-02-28
21249,4750,6,3,2000-01-25
21250,4750,1,5,2000-04-14
21251,4750,6,2,2000-05-15
21252,4750,8,3,2000-04-05
21253,4751,11,5,2000-05-01
21254,4751,9,4,2000-03-16
21255,4751,6,4,2000-04-23
21256,4752,5,5,2000-01-16
21257,4752,7,5,2000-06-08
21258,4753,13,1,2000-04-08
21259,4754,12,3,2000-06-05
21260,4755,14,5,2000-03-02
21261,4755,1,1,2000-05-23
21262,4755,3,2,2000-04-02
21263,4755,9,2,2000-01-03
21264,4755,12,2,2000-05-01
21265,4755,5,2,2000-01-13
21266,4755,11,2,2000-01-30
21267,4755,1,3,2000-04-29
21268,4756,4,1,2000-06-05
21269,4756,5,2,2000-03-31
21270,4756,2,5,2000-04-10
21271,4756,8,2,2000-03-09
21272,4757,13,3,2000-05-09
21273,4757,4,2,2000-05-14
21274,4757,10,3,2000-01-21
21275,4757,1,1,2000-04-03
21276,4757,7,4,2000-01-13
21277,4757,1,2,2000-02-02
21278,4757,7,4,2000-02-06
21279,4757,6,3,2000-03-13
21280,4758,7,5,2000-05-01
21281,4758,2,3,2000-06-10
21282,4758,2,3,2000-05-17
21283,4758,5,5,2000-04-21
21284,4758,3,4,2000-04-14
21285,4759,6,5,2000-03-03
21286,4759,2,2,2000-05-16
21287,4759,7,1,2000-03-14
21288,4759,8,1,2000-06-21
21289,4759,1,1,2000-01-15
21290,4759,14,3,2000-03-22
21291,4759,13,5,2000-03-01
21292,4759,9,4,2000-03-29
21293,4760,8,3,2000-04-13
21294,4760,7,1,2000-06-11
21295,4760,5,4,2000-05-26
21296,4760,9,5,2000-06-05
21297,4760,13,2,2000-01-30
21298,4760,4,3,2000-01-17
21299,4761,5,4,2000-01-26
21300,4761,13,5,2000-06-14
21301,4761,8,1,2000-03-29
21302,4761,7,2,2000-04-26
21303,4761,9,2,2000-01-10
21304,4761,9,3,2000-03-09
21305,4762,14,5,2000-01-15
21306,4763,2,2,2000-01-06
21307,4763,7,3,2000-01-14
21308,4763,3,4,2000-03-25
21309,4763,8,2,2000-05-31
21310,4763,9,2,2000-04-25
21311,4763,1,1,2000-01-14
21312,4763,3,4,2000-04-30
21313,4763,10,5,2000-05-05
21314,4764,12,3,2000-02-21
21315,4764,8,2,2000-05-25
21316,4764,12,2,2000-03-14
21317,4764,10,5,2000-04-20
21318,4764,7,5,2000-05-26
21319,4764,12,2,2000-03-21
21320,4764,6,2,2000-04-04
21321,4764,11,4,2000-05-05
21322,4765,14,4,2000-01-11
21323,4766,3,4,2000-02-15
21324,4766,3,4,2000-05-13
21325,4766,14,5,2000-02-06
21326,4766,11,2,2000-02-16
21327,4766,3,1,2000-06-27
21328,4766,4,4,2000-04-04
21329,4766,3,5,2000-04-09
21330,4767,1,3,2000-04-13
21331,4767,2,3,2000-05-07
21332,4768,12,3,2000-01-06
21333,4768,11,3,2000-05-06
21334,4769,6,2,2000-03-31
21335,4769,4,2,2000-06-21
21336,4770,13,1,2000-01-10
21337,4770,14,3,2000-04-11
21338,4770,9,3,2000-02-07
21339,4770,2,1,2000-04-20
21340,4770,3,4,2000-01-18
21341,4770,2,3,2000-02-01
21342,4770,10,5,2000-01-12
21343,4770,8,4,2000-05-29
21344,4771,11,2,2000-01-21
21345,4772,2,1,2000-06-16
21346,4772,10,1,2000-06-24
21347,4772,11,1,2000-05-31
21348,4772,7,4,2000-03-20
21349,4772,8,2,2000-01-07
21350,4773,8,5,2000-02-21
21351,4773,10,5,2000-04-19
21352,4774,6,4,2000-06-21
21353,4774,14,4,2000-06-17
21354,4774,11,2,2000-02-18
21355,4774,10,4,2000-04-07
21356,4774,14,3,2000-04-14
21357,4774,8,5,2000-04-01
21358,4775,14,5,2000-04-09
21359,4775,11,2,2000-05-12
21360,4775,2,1,2000-04-06
21361,4776,13,5,2000-01-25
21362,4776,7,4,2000-06-24
21363,4776,11,1,2000-04-14
21364,4776,12,5,2000-01-21
21365,4776,3,2,2000-01-16
21366,4776,1,2,2000-05-14
21367,4776,14,3,2000-04-05
21368,4777,6,1,2000-05-14
21369,4777,8,1,2000-04-27
21370,4777,12,4,2000-06-02
21371,4777,8,2,2000-04-01
21372,4777,8,5,2000-04-29
21373,4777,8,2,2000-01-23
21374,4777,5,5,2000-01-16
21375,4778,7,4,2000-02-04
21376,4778,13,1,2000-04-01
21377,4778,8,3,2000-03-31
21378,4778,4,5,2000-02-12
21379,4778,5,4,2000-01-20
21380,4779,10,2,2000-04-12
21381,4779,11,1,2000-03-22
21382,4780,14,3,2000-02-04
21383,4780,4,1,2000-03-11
21384,4780,7,5,2000-04-23
21385,4780,10,3,2000-01-06
21386,4780,3,4,2000-01-13
21387,4780,9,5,2000-04-01
21388,4780,10,3,2000-03-22
21389,4781,12,2,2000-01-12
21390,4781,13,1,2000-04-13
21391,4781,8,4,2000-03-15
21392,4782,11,5,2000-04-03
21393,4782,8,3,2000-03-01
21394,4782,9,5,2000-02-14
21395,4782,12,4,2000-06-01
21396,4782,6,2,2000-04-06
21397,4783,1,5,2000-05-31
21398,4783,7,2,2000-02-27
21399,4784,6,1,2000-05-30
21400,4784,10,2,2000-05-04
21401,4784,7,4,2000-05-30
21402,4784,5,5,2000-02-12
21403,4784,2,1,2000-04-01
21404,4785,8,4,2000-06-01
21405,4785,2,1,2000-03-14
21406,4785,11,4,2000-01-31
21407,4785,5,3,2000-05-28
21408,4786,6,2,2000-01-12
21409,4786,12,2,2000-05-31
21410,4786,4,5,2000-01-10
21411,4786,2,3,2000-06-12
21412,4786,13,4,2000-01-27
21413,4787,9,1,2000-06-21
21414,4787,14,1,2000-06-10
21415,4787,8,2,2000-06-16
21416,4787,12,4,2000-01-20
21417,4787,13,4,2000-02-07
21418,4788,2,2,2000-04-05
21419,4788,14,4,2000-06-04
21420,4788,2,4,2000-05-15
21421,4788,10,5,2000-02-10
21422,4788,4,5,2000-06-20
21423,4789,3,4,2000-03-30
21424,4789,7,3,2000-05-21
21425,4789,9,4,2000-01-13
21426,4789,14,1,2000-06-12
21427,4790,3,4,2000-04-01
21428,4791,6,3,2000-01-22
21429,4792,11,5,2000-03-24
21430,4792,6,2,2000-03-26
21431,4792,8,5,2000-04-16
21432,4792,14,3,2000-02-25
21433,4792,7,1,2000-04-18
21434,4792,8,5,2000-05-08
21435,4792,5,1,2000-05-19
21436,4792,14,4,2000-02-16
21437,4793,3,3,2000-04-01
21438,4793,14,5,2000-04-19
21439,4793,1,3,2000-04-08
21440,4793,12,3,2000-05-05
21441,4793,6,3,2000-06-05
21442,4793,12,1,2000-06-26
21443,4793,10,2,2000-03-18
21444,4794,11,5,2000-06-21
21445,4794,14,5,2000-06-12
21446,4794,13,2,2000-01-13
21447,4795,8,3,2000-01-03
21448,4795,6,5,2000-01-31
21449,4795,14,5,2000-05-11
21450,4795,8,1,2000-05-22
21451,4795,10,5,2000-05-06
21452,4795,4,4,2000-05-29
21453,4796,4,1,2000-01-20
21454,4796,11,1,2000-01-24
21455,4796,4,3,2000-04-20
21456,4796,4,5,2000-03-03
21457,4796,4,4,2000-05-23
21458,4796,11,4,2000-01-10
21459,4796,13,5,2000-03-19
21460,4796,11,3,2000-01-25
21461,4797,8,5,2000-05-03
21462,4797,1,2,2000-05-28
21463,4797,5,5,2000-01-25
21464,4797,10,2,2000-02-09
21465,4797,13,2,2000-03-26
21466,4798,10,2,2000-05-08
21467,4798,11,3,2000-05-30
21468,4798,11,1,2000-03-27
21469,4798,1,4,2000-05-01
21470,4798,8,5,2000-04-01
21471,4798,8,1,2000-02-22
21472,4799,4,4,2000-01-04
21473,4799,1,4,2000-01-10
21474,4799,1,2,2000-02-01
21475,4799,8,2,2000-05-13
21476,4799,8,5,2000-02-17
21477,4799,1,2,2000-06-17
21478,4799,14,4,2000-05-10
21479,4800,10,4,2000-01-11
21480,4800,14,2,2000-05-23
21481,4800,8,1,2000-06-03
21482,4800,10,1,2000-01-14
21483,4800,12,4,2000-04-01
21484,4800,8,1,2000-06-25
21485,4800,3,4,2000-04-16
21486,4801,8,5,2000-03-11
21487,4801,3,3,2000-04-08
21488,4801,11,5,2000-06-13
21489,4801,5,5,2000-03-24
21490,4801,1,1,2000-03-08
21491,4801,1,3,2000-03-14
21492,4801,14,2,2000-02-26
21493,4801,7,4,2000-04-03
21494,4802,2,3,2000-02-20
21495,4803,4,3,2000-03-25
21496,4803,11,3,2000-02-17
21497,4803,13,1,2000-06-23
21498,4803,3,2,2000-05-16
21499,4803,3,2,2000-04-23
21500,4803,14,1,2000-01-07
21501,4803,2,2,2000-06-13
21502,4803,7,5,2000-05-26
21503,4804,11,1,2000-01-30
21504,4804,1,1,2000-03-03
21505,4804,6,3,2000-03-05
21506,4804,9,2,2000-03-02
21507,4805,6,1,2000-05-26
21508,4805,12,4,2000-05-17
21509,4805,8,5,2000-06-15
21510,4805,13,5,2000-02-05
21511,4805,13,5,2000-01-23
21512,4805,5,2,2000-01-31
21513,4805,12,5,2000-06-08
21514,4806,6,5,2000-05-02
21515,4806,3,1,2000-01-28
21516,4806,13,4,2000-03-25
21517,4806,8,3,2000-02-27
21518,4806,6,3,2000-05-31
21519,4806,3,4,2000-02-04
21520,4807,9,3,2000-06-14
21521,4807,2,4,2000-04-09
21522,4807,6,5,2000-01-22
21523,4807,14,5,2000-01-15
21524,4807,2,3,2000-05-29
21525,4807,11,1,2000-02-12
21526,4807,10,5,2000-01-18
21527,4807,3,2,2000-02-10
21528,4808,3,4,2000-03-25
21529,4809,4,5,2000-04-24
21530,4809,6,2,2000-03-18
21531,4809,2,2,2000-03-27
21532,4810,3,5,2000-03-14
21533,4810,7,5,2000-01-03
21534,4810,9,1,2000-02-23
21535,4810,14,5,2000-03-08
21536,4810,4,1,2000-05-07
21537,4810,7,5,2000-02-18
21538,4810,1,1,2000-05-20
21539,4811,8,1,2000-03-31
21540,4811,8,1,2000-04-20
21541,4811,14,1,2000-01-08
21542,4811,12,2,2000-01-29
21543,4812,6,4,2000-06-13
21544,4812,10,4,2000-05-01
21545,4812,4,4,2000-01-20
21546,4812,4,3,2000-06-27
21547,4812,12,4,2000-06-12
21548,4812,3,5,2000-03-29
21549,4812,7,1,2000-05-07
21550,4812,5,5,2000-03-16
21551,4813,2,5,2000-04-18
21552,4813,8,5,2000-03-26
21553,4814,3,3,2000-01-11
21554,4815,8,1,2000-01-24
21555,4815,3,4,2000-01-01
21556,4815,4,3,2000-02-27
21557,4815,6,2,2000-03-10
21558,4815,7,5,2000-06-02
21559,4815,4,1,2000-04-30
21560,4815,10,2,2000-01-13
21561,4816,2,4,2000-01-05
21562,4817,5,5,2000-03-13
21563,4817,9,2,2000-01-16
21564,4818,2,1,2000-01-06
21565,4818,10,5,2000-04-03
21566,4819,2,4,2000-04-10
21567,4820,13,5,2000-02-25
21568,4821,6,4,2000-05-28
21569,4821,10,5,2000-05-20
21570,4821,10,3,2000-03-07
21571,4821,3,4,2000-04-09
21572,4821,5,4,2000-03-17
21573,4821,2,5,2000-05-07
21574,4822,9,3,2000-04-17
21575,4822,12,1,2000-05-18
21576,4823,10,5,2000-06-10
21577,4823,4,3,2000-06-01
21578,4823,8,5,2000-03-23
21579,4823,13,1,2000-03-18
21580,4824,8,3,2000-02-08
21581,4824,1,2,2000-06-16
21582,4824,7,4,2000-06-07
21583,4824,9,5,2000-06-22
21584,4825,4,3,2000-03-15
21585,4825,3,2,2000-03-28
21586,4826,11,4,2000-05-26
21587,4826,12,2,2000-04-21
21588,4827,10,1,2000-06-05
21589,4827,5,3,2000-05-19
21590,4827,1,1,2000-03-23
21591,4827,1,1,2000-05-08
21592,4827,10,1,2000-04-02
21593,4827,4,5,2000-05-09
21594,4827,1,3,2000-03-14
21595,4827,4,3,2000-04-11
21596,4828,9,5,2000-02-21
21597,4828,6,3,2000-05-11
21598,4829,13,3,2000-01-05
21599,4829,11,2,2000-03-26
21600,4829,11,1,2000-01-23
21601,4829,13,3,2000-03-14
21602,4829,9,1,2000-04-09
21603,4830,8,1,2000-04-17
21604,4831,12,2,2000-02-16
21605,4831,5,5,2000-04-20
21606,4832,13,3,2000-05-29
21607,4832,11,2,2000-05-01
21608,4832,7,4,2000-04-22
21609,4832,8,2,2000-03-17
21610,4833,13,4,2000-04-21
21611,4833,9,4,2000-05-18
21612,4833,9,2,2000-05-14
21613,4834,10,5,2000-06-17
21614,4834,11,2,2000-05-27
21615,4834,5,5,2000-04-21
21616,4834,4,2,2000-02-18
21617,4835,8,1,2000-06-04
21618,4835,2,2,2000-01-30
21619,4835,10,4,2000-02-17
21620,4835,11,2,2000-01-04
21621,4835,6,1,2000-03-24
21622,4835,2,3,2000-01-26
21623,4835,7,4,2000-06-14
21624,4835,5,2,2000-03-20
21625,4836,2,5,2000-02-25
21626,4836,3,1,2000-02-20
21627,4836,11,1,2000-03-13
21628,4836,7,3,2000-04-04
21629,4836,1,5,2000-05-12
21630,4837,6,3,2000-06-20
21631,4837,12,3,2000-04-02
21632,4837,13,1,2000-05-13
21633,4837,4,5,2000-02-04
21634,4837,10,3,2000-03-07
21635,4837,6,1,2000-02-01
21636,4837,4,4,2000-04-22
21637,4838,1,4,2000-05-07
21638,4838,1,1,2000-04-03
21639,4838,9,1,2000-02-16
21640,4839,7,5,2000-06-04
21641,4839,3,4,2000-02-06
21642,4839,2,5,2000-01-16
21643,4840,6,3,2000-03-05
21644,4840,2,5,2000-01-30
21645,4840,11,5,2000-03-18
21646,4840,4,4,2000-04-28
21647,4840,10,5,2000-01-06
21648,4840,2,1,2000-02-17
21649,4840,1,3,2000-05-09
21650,4840,9,3,2000-05-14
21651,4841,4,4,2000-01-29
21652,4841,10,1,2000-05-17
21653,4841,4,1,2000-05-24
21654,4841,8,5,2000-03-27
21655,4841,1,4,2000-03-26
21656,4842,4,4,2000-05-04
21657,4842,12,4,2000-03-11
21658,4842,6,5,2000-06-15
21659,4842,1,3,2000-03-27
21660,4843,3,4,2000-01-06
21661,4843,6,1,2000-03-07
21662,4843,10,5,2000-03-16
21663,4843,1,2,2000-02-11
21664,4843,6,4,2000-04-01
21665,4843,9,3,2000-05-01
21666,4843,11,5,2000-03-16
21667,4844,10,1,2000-05-06
21668,4844,11,4,2000-04-01
21669,4845,7,2,2000-02-09
21670,4845,14,3,2000-04-23
21671,4846,9,4,2000-05-19
21672,4846,14,4,2000-05-24
21673,4846,11,1,2000-04-05
21674,4846,8,2,2000-04-09
21675,4846,11,3,2000-01-05
21676,4847,5,2,2000-03-26
21677,4847,6,4,2000-06-08
21678,4847,13,4,2000-04-25
21679,4847,3,5,2000-05-26
21680,4848,14,3,2000-03-02
21681,4848,6,1,2000-01-22
21682,4849,2,1,2000-05-09
21683,4849,9,2,2000-03-16
21684,4849,13,2,2000-04-07
21685,4849,13,4,2000-03-10
21686,4849,5,3,2000-03-04
21687,4849,14,4,2000-02-08
21688,4849,4,2,2000-02-28
21689,4849,12,1,2000-04-16
21690,4850,11,5,2000-02-25
21691,4850,9,2,2000-01-14
21692,4850,14,1,2000-01-10
21693,4850,8,5,2000-02-13
21694,4851,12,5,2000-03-02
21695,4852,5,5,2000-04-08
21696,4852,2,5,2000-06-22
21697,4852,6,3,2000-06-13
21698,4852,7,2,2000-06-10
21699,4852,11,3,2000-03-27
21700,4852,7,3,2000-02-27
21701,4852,14,2,2000-04-22
21702,4852,13,4,2000-03-27
21703,4853,8,2,2000-01-25
21704,4853,3,5,2000-05-31
21705,4853,2,3,2000-05-22
21706,4853,6,4,2000-05-20
21707,4854,6,3,2000-06-28
21708,4855,12,3,2000-04-29
21709,4855,7,2,2000-04-08
21710,4856,13,3,2000-06-01
21711,4856,6,5,2000-05-09
21712,4856,10,2,2000-01-25
21713,4856,6,3,2000-04-22
21714,4856,6,5,2000-05-24
21715,4857,7,4,2000-01-09
21716,4857,11,5,2000-02-16
21717,4857,10,2,2000-01-16
21718,4857,1,3,2000-06-26
21719,4857,7,1,2000-04-21
21720,4857,1,3,2000-04-15
21721,4857,4,2,2000-04-07
21722,4858,12,2,2000-03-30
21723,4858,5,1,2000-06-02
21724,4858,13,4,2000-05-22
21725,4859,9,3,2000-05-10
21726,4859,5,3,2000-03-23
21727,4859,14,1,2000-04-07
21728,4859,11,4,2000-03-02
21729,4859,13,2,2000-03-29
21730,4859,11,3,2000-04-11
21731,4859,7,5,2000-05-09
21732,4860,6,4,2000-06-17
21733,4860,5,2,2000-05-03
21734,4860,3,1,2000-05-04
21735,4860,12,1,2000-06-09
21736,4860,14,5,2000-04-16
21737,4860,11,1,2000-03-09
21738,4860,4,4,2000-04-22
21739,4860,10,1,2000-06-06
21740,4861,10,3,2000-04-26
21741,4862,13,4,2000-03-15
21742,4862,11,5,2000-02-01
21743,4862,9,3,2000-04-25
21744,4862,7,1,2000-06-27
21745,4862,12,2,2000-02-29
21746,4862,8,2,2000-02-23
21747,4862,4,3,2000-06-19
21748,4862,7,1,2000-02-17
21749,4863,4,2,2000-01-08
21750,4863,13,2,2000-06-16
21751,4863,3,1,2000-05-23
21752,4864,13,4,2000-06-16
21753,4864,12,1,2000-06-11
21754,4865,14,5,2000-04-23
21755,4865,8,4,2000-06-05
21756,4865,9,3,2000-03-12
21757,4866,14,2,2000-06-20
21758,4866,13,2,2000-03-01
21759,4866,12,3,2000-03-18
21760,4866,2,5,2000-04-16
21761,4866,9,5,2000-03-30
21762,4867,5,4,2000-05-18
21763,4867,13,3,2000-03-31
21764,4867,14,2,2000-05-03
21765,4867,10,2,2000-03-15
21766,4867,11,3,2000-02-12
21767,4868,4,2,2000-02-09
21768,4868,4,2,2000-06-02
21769,4868,5,2,2000-05-08
21770,4868,10,3,2000-01-01
21771,4868,5,2,2000-04-30
21772,4868,10,2,2000-02-26
21773,4868,10,3,2000-02-17
21774,4868,6,1,2000-03-05
21775,4869,4,5,2000-04-20
21776,4869,14,2,2000-06-21
21777,4869,12,5,2000-05-29
21778,4869,7,2,2000-01-17
21779,4870,5,3,2000-06-09
21780,4870,13,4,2000-03-06
21781,4870,11,3,2000-04-26
21782,4870,4,5,2000-01-11
21783,4870,8,2,2000-04-02
21784,4870,3,2,2000-01-04
21785,4870,8,2,2000-03-02
21786,4870,9,4,2000-06-13
21787,4871,13,5,2000-04-12
21788,4871,1,5,2000-06-25
21789,4871,14,5,2000-05-30
21790,4871,9,3,2000-03-08
21791,4871,6,5,2000-04-11
21792,4871,1,2,2000-03-06
21793,4871,1,3,2000-04-08
21794,4871,4,1,2000-03-17
21795,4872,5,4,2000-05-26
21796,4872,5,3,2000-03-04
21797,4873,10,2,2000-01-18
21798,4873,8,1,2000-03-13
21799,4873,8,3,2000-06-20
21800,4873,13,5,2000-04-25
21801,4873,9,1,2000-02-07
21802,4873,13,4,2000-06-15
21803,4873,12,1,2000-05-18
21804,4874,1,2,2000-03-28
21805,4874,3,3,2000-04-23
21806,4874,12,1,2000-06-21
21807,4874,11,5,2000-05-25
21808,4874,2,3,2000-05-19
21809,4874,12,5,2000-02-13
21810,4875,5,2,2000-04-25
21811,4875,1,2,2000-04-12
21812,4875,4,1,2000-05-26
21813,4875,6,5,2000-04-13
21814,4875,7,5,2000-04-12
21815,4876,5,2,2000-01-30
21816,4876,1,1,2000-05-08
21817,4876,1,1,2000-04-06
21818,4876,1,2,2000-04-26
21819,4877,12,1,2000-05-22
21820,4877,2,3,2000-04-17
21821,4877,4,4,2000-01-08
21822,4877,6,4,2000-05-22
21823,4877,4,5,2000-03-19
21824,4877,2,3,2000-01-01
21825,4877,2,2,2000-05-17
21826,4878,6,2,2000-01-07
21827,4878,3,5,2000-04-04
21828,4878,12,1,2000-01-31
21829,4879,4,3,2000-02-20
21830,4879,7,2,2000-05-25
21831,4879,9,4,2000-04-09
21832,4879,5,1,2000-01-30
21833,4880,5,1,2000-02-25
21834,4880,9,1,2000-03-24
21835,4881,13,4,2000-06-20
21836,4881,6,3,2000-06-20
21837,4881,1,5,2000-05-27
21838,4881,8,3,2000-03-06
21839,4881,9,4,2000-04-08
21840,4882,9,1,2000-06-11
21841,4882,5,1,2000-02-06
21842,4882,2,5,2000-06-26
21843,4882,8,4,2000-04-06
21844,4882,9,2,2000-02-28
21845,4883,7,1,2000-05-14
21846,4883,1,4,2000-01-02
21847,4883,8,3,2000-05-20
21848,4883,11,3,2000-01-14
21849,4883,14,4,2000-02-03
21850,4883,11,2,2000-02-05
21851,4883,10,1,2000-05-17
21852,4884,2,1,2000-02-16
21853,4885,6,5,2000-01-02
21854,4885,5,3,2000-04-25
21855,4885,4,3,2000-05-03
21856,4886,14,1,2000-04-10
21857,4886,1,5,2000-05-21
21858,4887,1,2,2000-05-01
21859,4887,8,4,2000-03-12
21860,4887,12,2,2000-05-28
21861,4887,4,2,2000-05-19
21862,4887,2,4,2000-03-12
21863,4887,3,3,2000-01-25
21864,4887,7,5,2000-05-31
21865,4888,4,5,2000-03-25
21866,4888,1,4,2000-05-22
21867,4888,4,2,2000-03-11
21868,4888,8,5,2000-03-23
21869,4888,7,2,2000-06-09
21870,4888,11,2,2000-05-21
21871,4888,3,2,2000-02-21
21872,4888,11,4,2000-03-28
21873,4889,5,2,2000-06-02
21874,4889,11,5,2000-05-14
21875,4889,4,2,2000-02-17
21876,4889,4,2,2000-01-12
21877,4889,4,1,2000-03-07
21878,4889,14,1,2000-02-10
21879,4889,13,3,2000-01-08
21880,4889,10,3,2000-03-09
21881,4890,5,4,2000-01-02
21882,4890,9,5,2000-01-03
21883,4890,1,4,2000-01-18
21884,4890,3,4,2000-06-17
21885,4890,7,3,2000-06-16
21886,4890,12,2,2000-05-25
21887,4891,7,4,2000-01-17
21888,4891,12,1,2000-05-23
21889,4892,9,1,2000-05-18
21890,4892,10,3,2000-01-02
21891,4892,12,4,2000-01-17
21892,4892,10,1,2000-03-24
21893,4893,3,1,2000-04-30
21894,4893,10,5,2000-03-21
21895,4893,2,3,2000-03-21
21896,4893,4,3,2000-02-23
21897,4893,8,4,2000-01-30
21898,4893,11,5,2000-01-25
21899,4893,3,2,2000-04-27
21900,4894,14,5,2000-05-04
21901,4895,7,5,2000-05-04
21902,4895,13,2,2000-02-19
21903,4895,11,1,2000-04-20
21904,4895,14,4,2000-03-11
21905,4895,9,3,2000-06-05
21906,4896,2,1,2000-01-21
21907,4896,7,3,2000-01-16
21908,4896,7,4,2000-04-27
21909,4897,14,4,2000-06-10
21910,4897,4,1,2000-03-15
21911,4897,14,3,2000-02-19
21912,4897,2,2,2000-01-17
21913,4898,3,1,2000-05-11
21914,4898,5,1,2000-04-21
21915,4898,13,1,2000-05-25
21916,4899,2,1,2000-04-06
21917,4899,11,4,2000-05-21
21918,4899,5,1,2000-06-28
21919,4899,8,5,2000-04-11
21920,4899,13,1,2000-01-31
21921,4899,12,3,2000-03-10
21922,4899,12,3,2000-02-16
21923,4900,5,5,2000-01-26
21924,4900,7,1,2000-04-30
21925,4900,5,2,2000-02-24
21926,4900,6,3,2000-04-10
21927,4900,7,2,2000-06-06
21928,4900,14,1,2000-03-02
21929,4901,7,3,2000-06-08
21930,4901,10,5,2000-05-26
21931,4901,10,2,2000-05-04
21932,4901,11,5,2000-02-22
21933,4901,9,2,2000-05-25
21934,4901,7,4,2000-05-06
21935,4901,2,5,2000-02-19
21936,4901,3,2,2000-02-02
21937,4902,1,5,2000-03-16
21938,4902,2,5,2000-06-03
21939,4902,2,1,2000-02-15
21940,4902,6,3,2000-01-28
21941,4902,3,4,2000-01-13
21942,4902,1,1,2000-01-16
21943,4903,2,4,2000-03-19
21944,4903,7,5,2000-06-08
21945,4903,7,1,2000-01-19
21946,4903,6,5,2000-04-22
21947,4903,8,2,2000-02-22
21948,4903,5,1,2000-06-18
21949,4903,13,4,2000-02-22
21950,4904,12,3,2000-05-13
21951,4904,14,4,2000-01-29
21952,4904,4,2,2000-05-31
21953,4905,11,5,2000-05-28
21954,4905,6,2,2000-02-13
21955,4905,10,1,2000-06-26
21956,4905,5,4,2000-03-31
21957,4905,8,1,2000-02-21
21958,4905,5,2,2000-04-29
21959,4905,11,1,2000-03-21
21960,4905,2,1,2000-01-02
21961,4906,5,2,2000-01-24
21962,4906,5,2,2000-02-10
21963,4906,5,2,2000-06-02
21964,4907,11,5,2000-06-04
21965,4907,4,4,2000-04-20
21966,4907,11,2,2000-05-17
21967,4907,5,2,2000-01-26
21968,4908,11,4,2000-01-21
21969,4908,1,2,2000-02-06
21970,4908,3,5,2000-02-29
21971,4909,10,5,2000-06-09
21972,4909,2,4,2000-01-17
21973,4909,5,1,2000-06-05
21974,4909,2,3,2000-01-18
21975,4909,14,2,2000-01-23
21976,4909,7,1,2000-04-25
21977,4909,13,5,2000-06-08
21978,4910,4,3,2000-05-08
21979,4910,3,4,2000-03-01
21980,4910,12,1,2000-06-24
21981,4910,9,4,2000-06-21
21982,4910,8,3,2000-03-14
21983,4910,12,5,2000-01-16
21984,4910,8,3,2000-05-02
21985,4910,14,3,2000-05-22
21986,4911,2,2,2000-03-03
21987,4911,4,4,2000-06-19
21988,4911,8,4,2000-03-22
21989,4911,14,1,2000-03-30
21990,4912,12,5,2000-01-05
21991,4912,8,3,2000-05-31
21992,4912,4,1,2000-04-05
21993,4912,8,2,2000-03-17
21994,4913,11,5,2000-05-29
21995,4913,8,4,2000-06-04
21996,4913,13,2,2000-06-20
21997,4914,12,5,2000-02-12
21998,4914,10,3,2000-06-27
21999,4914,5,4,2000-02-12
22000,4914,1,3,2000-01-28
22001,4914,10,1,2000-03-18
22002,4914,11,1,2000-03-25
22003,4915,9,5,2000-01-04
22004,4915,10,2,2000-03-22
22005,4915,2,4,2000-04-10
22006,4915,5,3,2000-04-19
22007,4915,8,5,2000-04-14
22008,4915,2,5,2000-03-19
22009,4915,14,4,2000-06-03
22010,4915,2,4,2000-04-25
22011,4916,5,2,2000-01-24
22012,4916,6,4,2000-03-14
22013,4916,1,5,2000-01-08
22014,4916,1,5,2000-02-05
22015,4916,2,3,2000-04-30
22016,4916,3,1,2000-02-14
22017,4916,4,4,2000-03-30
22018,4916,1,5,2000-04-07
22019,4917,3,5,2000-02-14
22020,4917,2,3,2000-03-27
22021,4917,10,3,2000-01-15
22022,4917,13,3,2000-02-10
22023,4917,1,2,2000-03-06
22024,4918,9,3,2000-02-29
22025,4918,11,2,2000-02-23
22026,4918,8,3,2000-02-05
22027,4918,5,4,2000-06-03
22028,4918,10,5,2000-01-13
22029,4918,14,5,2000-04-13
22030,4918,5,2,2000-05-14
22031,4919,6,2,2000-05-09
22032,4920,8,2,2000-06-24
22033,4920,12,4,2000-05-29
22034,4920,6,4,2000-05-18
22035,4920,11,5,2000-04-08
22036,4920,5,2,2000-04-27
22037,4920,10,3,2000-04-30
22038,4920,6,3,2000-01-24
22039,4920,10,3,2000-05-04
22040,4921,11,1,2000-04-10
22041,4921,8,5,2000-05-24
22042,4922,7,4,2000-02-14
22043,4922,13,2,2000-02-12
22044,4922,3,1,2000-06-24
22045,4922,8,3,2000-04-14
22046,4923,2,4,2000-01-22
22047,4923,6,1,2000-03-13
22048,4923,12,2,2000-05-28
22049,4923,9,3,2000-05-02
22050,4923,14,1,2000-03-08
22051,4923,14,5,2000-06-27
22052,4923,8,4,2000-06-26
22053,4924,1,5,2000-03-21
22054,4924,3,1,2000-02-02
22055,4924,6,3,2000-06-23
22056,4924,14,3,2000-01-09
22057,4924,4,5,2000-02-25
22058,4925,6,5,2000-06-17
22059,4925,4,3,2000-03-04
22060,4926,2,2,2000-04-29
22061,4926,10,5,2000-02-21
22062,4927,11,2,2000-02-07
22063,4927,12,2,2000-06-08
22064,4927,5,5,2000-06-21
22065,4927,9,1,2000-04-25
22066,4927,11,3,2000-02-28
22067,4927,5,4,2000-02-20
22068,4928,7,4,2000-04-15
22069,4928,12,2,2000-06-26
22070,4928,10,1,2000-03-29
22071,4929,5,1,2000-06-23
22072,4930,11,4,2000-03-29
22073,4930,11,5,2000-04-07
22074,4930,8,2,2000-03-23
22075,4931,12,1,2000-04-22
22076,4931,14,3,2000-03-05
22077,4932,14,5,2000-03-05
22078,4932,5,2,2000-01-05
22079,4932,12,3,2000-06-10
22080,4932,6,5,2000-03-09
22081,4932,7,3,2000-04-16
22082,4933,5,2,2000-06-24
22083,4933,14,3,2000-01-31
22084,4933,13,1,2000-05-30
22085,4933,14,4,2000-02-17
22086,4933,9,3,2000-01-25
22087,4933,14,2,2000-02-14
22088,4933,7,4,2000-04-04
22089,4934,13,3,2000-01-02
22090,4934,3,4,2000-05-17
22091,4934,14,2,2000-02-14
22092,4935,3,4,2000-01-28
22093,4935,4,3,2000-05-24
22094,4935,11,3,2000-03-11
22095,4935,11,5,2000-02-01
22096,4935,3,5,2000-01-30
22097,4935,8,3,2000-04-22
22098,4935,10,2,2000-05-22
22099,4936,12,1,2000-06-12
22100,4936,12,3,2000-04-15
22101,4936,5,1,2000-04-12
22102,4937,7,5,2000-05-31
22103,4937,3,5,2000-04-15
22104,4937,1,2,2000-06-15
22105,4937,11,3,2000-06-09
22106,4937,7,5,2000-02-16
22107,4938,11,3,2000-04-24
22108,4938,3,5,2000-02-06
22109,4938,14,1,2000-06-18
22110,4938,8,4,2000-04-17
22111,4939,8,1,2000-06-13
22112,4939,8,5,2000-04-17
22113,4939,10,2,2000-06-28
22114,4939,12,2,2000-01-07
22115,4939,11,2,2000-05-01
22116,4939,14,1,2000-03-02
22117,4940,1,2,2000-03-25
22118,4940,6,1,2000-04-29
22119,4940,11,3,2000-03-19
22120,4940,1,5,2000-05-23
22121,4940,12,1,2000-06-28
22122,4940,5,4,2000-03-24
22123,4940,12,4,2000-06-01
22124,4941,1,2,2000-06-11
22125,4941,3,1,2000-02-26
22126,4941,3,5,2000-01-25
22127,4941,2,1,2000-02-01
22128,4941,1,4,2000-03-10
22129,4942,2,2,2000-01-10
22130,4942,4,2,2000-03-16
22131,4942,1,5,2000-01-03
22132,4942,2,2,2000-03-20
22133,4942,3,5,2000-05-12
22134,4942,2,3,2000-05-01
22135,4943,8,4,2000-03-02
22136,4943,11,4,2000-05-15
22137,4943,10,1,2000-05-04
22138,4943,5,2,2000-05-10
22139,4943,12,3,2000-01-05
22140,4943,2,2,2000-01-16
22141,4943,5,4,2000-04-27
22142,4944,9,1,2000-03-01
22143,4944,11,3,2000-03-04
22144,4944,14,4,2000-06-02
22145,4944,3,2,2000-02-01
22146,4944,6,3,2000-05-31
22147,4945,5,1,2000-02-20
22148,4945,6,5,2000-02-17
22149,4945,13,1,2000-02-19
22150,4946,8,5,2000-04-29
22151,4946,7,4,2000-03-13
22152,4946,11,4,2000-01-20
22153,4946,10,4,2000-06-03
22154,4946,1,5,2000-06-10
22155,4947,10,1,2000-05-31
22156,4947,11,2,2000-02-09
22157,4947,4,3,2000-05-20
22158,4947,2,3,2000-01-20
22159,4947,12,4,2000-04-18
22160,4947,2,1,2000-01-19
22161,4948,5,4,2000-05-07
22162,4948,5,2,2000-01-05
22163,4948,5,4,2000-01-14
22164,4948,2,5,2000-03-11
22165,4948,7,5,2000-01-14
22166,4948,3,5,2000-05-24
22167,4948,4,5,2000-05-02
22168,4948,13,3,2000-01-13
22169,4949,4,5,2000-05-24
22170,4949,3,1,2000-01-03
22171,4949,9,3,2000-06-14
22172,4950,14,3,2000-04-11
22173,4951,13,4,2000-04-15
22174,4951,4,5,2000-04-14
22175,4951,7,4,2000-02-17
22176,4951,10,3,2000-02-11
22177,4952,14,5,2000-06-14
22178,4952,12,4,2000-02-14
22179,4952,7,5,2000-04-29
22180,4953,7,5,2000-05-28
22181,4953,5,4,2000-01-27
22182,4953,12,2,2000-03-05
22183,4953,3,3,2000-04-30
22184,4953,2,1,2000-06-13
22185,4953,5,1,2000-02-08
22186,4953,13,4,2000-01-01
22187,4954,7,5,2000-02-24
22188,4954,11,4,2000-03-09
22189,4954,10,4,2000-06-16
22190,4954,10,3,2000-05-26
22191,4954,1,4,2000-02-27
22192,4955,8,5,2000-03-30
22193,4955,6,2,2000-06-12
22194,4955,7,1,2000-01-01
22195,4956,14,3,2000-03-22
22196,4956,4,2,2000-01-26
22197,4957,2,3,2000-03-21
22198,4957,4,4,2000-03-06
22199,4958,8,5,2000-05-04
22200,4958,14,3,2000-02-01
22201,4958,2,1,2000-01-17
22202,4958,14,1,2000-03-03
22203,4958,11,2,2000-06-01
22204,4958,10,1,2000-01-23
22205,4958,5,3,2000-04-18
22206,4959,10,2,2000-03-28
22207,4959,7,3,2000-05-27
22208,4959,10,3,2000-04-03
22209,4959,8,5,2000-04-09
22210,4959,6,1,2000-05-05
22211,4960,9,5,2000-03-09
22212,4960,12,1,2000-05-05
22213,4960,12,4,2000-05-28
22214,4960,10,5,2000-02-26
22215,4960,12,3,2000-03-09
22216,4960,4,1,2000-06-03
22217,4961,7,2,2000-05-03
22218,4962,8,5,2000-05-24
22219,4962,5,4,2000-05-06
22220,4962,1,1,2000-04-19
22221,4962,4,1,2000-02-14
22222,4962,13,1,2000-04-13
22223,4962,4,2,2000-02-29
22224,4963,7,3,2000-03-24
22225,4963,4,5,2000-03-23
22226,4963,8,1,2000-03-01
22227,4963,10,5,2000-03-12
22228,4963,10,1,2000-05-29
22229,4963,9,2,2000-06-22
22230,4963,2,5,2000-05-30
22231,4964,5,3,2000-01-17
22232,4964,14,1,2000-04-13
22233,4964,3,2,2000-03-20
22234,4964,2,4,2000-01-08
22235,4964,3,4,2000-05-09
22236,4964,5,3,2000-02-09
22237,4964,12,4,2000-02-27
22238,4965,14,2,2000-01-08
22239,4965,14,2,2000-03-04
22240,4966,8,5,2000-02-08
22241,4966,1,5,2000-06-09
22242,4967,7,1,2000-02-06
22243,4967,4,2,2000-06-06
22244,4967,4,1,2000-01-02
22245,4967,10,2,2000-02-25
22246,4967,14,4,2000-03-13
22247,4968,3,5,2000-03-03
22248,4968,1,5,2000-05-22
22249,4968,13,5,2000-06-15
22250,4968,14,4,2000-03-11
22251,4968,2,4,2000-06-11
22252,4968,13,4,2000-01-15
22253,4968,2,3,2000-06-27
22254,4969,9,2,2000-04-07
22255,4969,6,2,2000-05-19
22256,4969,5,2,2000-04-15
22257,4969,5,5,2000-05-07
22258,4969,2,5,2000-04-12
22259,4969,11,1,2000-01-11
22260,4969,9,4,2000-01-12
22261,4970,13,1,2000-01-02
22262,4970,2,2,2000-01-02
22263,4970,1,1,2000-02-16
22264,4970,13,5,2000-06-24
22265,4971,6,2,2000-05-16
22266,4971,9,5,2000-03-27
22267,4971,8,1,2000-05-31
22268,4971,12,1,2000-02-15
22269,4971,9,1,2000-01-23
22270,4971,7,1,2000-01-13
22271,4971,6,3,2000-02-27
22272,4972,2,3,2000-03-31
22273,4972,5,5,2000-02-22
22274,4972,5,3,2000-03-05
22275,4972,8,3,2000-03-30
22276,4972,11,2,2000-03-01
22277,4972,2,2,2000-06-04
22278,4972,3,3,2000-06-01
22279,4972,8,2,2000-06-27
22280,4973,4,4,2000-05-20
22281,4973,12,3,2000-04-15
22282,4973,3,2,2000-06-19
22283,4973,5,3,2000-01-28
22284,4973,11,3,2000-06-14
22285,4973,9,1,2000-02-03
22286,4974,2,5,2000-05-05
22287,4974,10,2,2000-06-19
22288,4974,11,2,2000-01-31
22289,4974,5,5,2000-03-30
22290,4974,13,2,2000-05-31
22291,4975,8,3,2000-03-26
22292,4975,11,5,2000-06-09
22293,4976,10,5,2000-02-12
22294,4976,5,2,2000-01-02
22295,4976,14,4,2000-02-03
22296,4976,2,4,2000-02-19
22297,4976,3,1,2000-06-22
22298,4976,7,5,2000-01-23
22299,4976,2,2,2000-06-13
22300,4976,11,4,2000-04-14
22301,4977,11,3,2000-02-02
22302,4977,9,3,2000-02-09
22303,4978,9,5,2000-02-28
22304,4978,2,4,2000-02-20
22305,4978,12,3,2000-04-17
22306,4978,7,1,2000-02-29
22307,4978,5,1,2000-03-25
22308,4979,14,5,2000-05-07
22309,4979,9,1,2000-01-05
22310,4979,14,5,2000-02-02
22311,4980,8,3,2000-03-12
22312,4980,4,5,2000-01-15
22313,4980,12,2,2000-03-03
22314,4981,5,3,2000-05-09
22315,4981,5,2,2000-01-18
22316,4981,11,2,2000-02-08
22317,4981,2,5,2000-04-19
22318,4982,7,1,2000-06-02
22319,4982,3,2,2000-02-16
22320,4982,6,2,2000-02-07
22321,4982,4,2,2000-02-06
22322,4982,14,2,2000-06-03
22323,4982,13,2,2000-04-12
22324,4983,5,3,2000-05-30
22325,4983,6,4,2000-04-11
22326,4983,1,5,2000-02-23
22327,4983,6,5,2000-04-05
22328,4983,10,2,2000-04-16
22329,4983,8,2,2000-06-26
22330,4983,9,4,2000-04-02
22331,4983,4,5,2000-01-04
22332,4984,12,4,2000-04-01
22333,4984,3,1,2000-03-12
22334,4984,1,1,2000-06-20
22335,4985,6,2,2000-01-22
22336,4985,7,3,2000-01-29
22337,4985,11,5,2000-02-05
22338,4985,8,3,2000-06-05
22339,4985,14,5,2000-06-15
22340,4985,3,3,2000-04-20
22341,4986,11,3,2000-04-16
22342,4986,6,3,2000-02-19
22343,4987,4,4,2000-02-20
22344,4987,13,1,2000-01-28
22345,4988,3,2,2000-06-10
22346,4988,12,3,2000-01-08
22347,4988,13,3,2000-05-17
22348,4989,14,2,2000-06-28
22349,4989,3,1,2000-05-27
22350,4990,7,3,2000-04-27
22351,4991,9,4,2000-02-20
22352,4991,7,1,2000-03-12
22353,4991,5,1,2000-05-05
22354,4992,1,1,2000-06-13
22355,4992,13,1,2000-01-30
22356,4992,5,5,2000-05-31
22357,4992,10,4,2000-01-31
22358,4992,11,2,2000-04-27
22359,4992,6,4,2000-04-13
22360,4992,11,4,2000-02-14
22361,4993,6,2,2000-05-20
22362,4993,6,1,2000-02-20
22363,4993,14,1,2000-04-24
22364,4993,12,2,2000-02-23
22365,4993,7,2,2000-03-24
22366,4993,14,4,2000-04-14
22367,4993,10,2,2000-04-14
22368,4993,5,3,2000-03-17
22369,4994,4,3,2000-06-24
22370,4994,14,3,2000-02-26
22371,4994,4,2,2000-06-04
22372,4994,3,5,2000-06-26
22373,4994,2,4,2000-04-23
22374,4995,13,1,2000-02-28
22375,4995,8,1,2000-01-01
22376,4995,8,4,2000-04-30
22377,4995,4,1,2000-06-19
22378,4996,13,2,2000-02-28
22379,4996,9,2,2000-04-13
22380,4997,11,4,2000-02-16
22381,4997,10,5,2000-01-25
22382,4997,12,3,2000-04-09
22383,4997,13,5,2000-05-10
22384,4997,5,1,2000-01-28
22385,4997,10,4,2000-03-11
22386,4997,3,1,2000-06-05
22387,4997,12,2,2000-06-21
22388,4998,3,1,2000-03-01
22389,4999,10,5,2000-03-31
22390,4999,10,4,2000-02-03
22391,4999,6,4,2000-02-15
22392,4999,4,5,2000-05-14
22393,4999,5,1,2000-02-24
22394,5000,7,1,2000-01-20
22395,5000,2,5,2000-04-23
22396,5000,3,5,2000-01-31
22397,5000,2,4,2000-05-29
22398,5001,6,2,2000-02-11
22399,5001,14,4,2000-05-13
22400,5001,1,5,2000-01-18
22401,5001,13,1,2000-03-02
22402,5001,3,2,2000-04-09
22403,5001,13,3,2000-02-05
22404,5001,13,4,2000-02-09
22405,5001,13,4,2000-03-24
22406,5002,2,4,2000-06-03
22407,5002,5,1,2000-04-10
22408,5002,7,4,2000-03-30
22409,5003,9,3,2000-02-09
22410,5003,12,1,2000-01-11
22411,5003,11,5,2000-03-04
22412,5003,6,3,2000-06-18
22413,5003,13,3,2000-04-25
22414,5003,9,1,2000-06-01
22415,5003,7,2,2000-03-18
22416,5004,3,1,2000-04-13
22417,5004,8,1,2000-02-03
22418,5004,12,5,2000-02-01
22419,5004,5,5,2000-04-10
22420,5004,14,5,2000-02-02
22421,5004,11,3,2000-02-18
22422,5005,2,5,2000-03-02
22423,5005,2,2,2000-01-24
22424,5005,13,3,2000-05-27
22425,5006,8,5,2000-04-06
22426,5006,7,4,2000-05-21
22427,5006,2,4,2000-02-17
22428,5006,8,3,2000-02-22
22429,5006,4,2,2000-05-09
22430,5006,1,5,2000-06-04
22431,5006,3,3,2000-05-18
22432,5006,8,3,2000-06-07
22433,5007,13,1,2000-02-07
22434,5007,2,5,2000-01-15
22435,5007,6,5,2000-05-08
22436,5007,4,3,2000-01-29
22437,5007,14,4,2000-05-05
22438,5008,6,5,2000-05-10
22439,5008,9,4,2000-04-16
22440,5009,7,5,2000-05-06
22441,5009,14,3,2000-03-22
22442,5010,6,3,2000-05-24
22443,5010,12,4,2000-02-22
22444,5011,11,5,2000-06-17
22445,5011,12,5,2000-02-03
22446,5011,9,4,2000-04-30
22447,5011,8,1,2000-03-10
22448,5011,7,4,2000-03-26
22449,5011,13,1,2000-04-03
22450,5011,1,3,2000-06-01
22451,5011,12,5,2000-03-21
22452,5012,1,5,2000-05-04
22453,5012,10,3,2000-03-23
22454,5012,3,4,2000-06-06
22455,5012,2,1,2000-03-16
22456,5013,11,2,2000-03-10
22457,5013,10,5,2000-03-27
22458,5013,14,5,2000-01-30
22459,5013,13,4,2000-02-03
22460,5014,6,1,2000-05-20
22461,5015,10,4,2000-01-19
22462,5015,11,2,2000-02-17
22463,5015,12,3,2000-06-22
22464,5015,9,5,2000-02-03
22465,5015,11,2,2000-01-05
22466,5015,8,3,2000-06-21
22467,5016,11,2,2000-01-19
22468,5016,3,3,2000-01-18
22469,5016,1,4,2000-02-02
22470,5016,14,1,2000-01-20
22471,5016,12,3,2000-03-08
22472,5016,6,1,2000-04-12
22473,5016,5,2,2000-03-11
22474,5017,12,1,2000-02-06
22475,5017,4,1,2000-06-26
22476,5018,12,2,2000-01-18
22477,5018,3,2,2000-03-10
22478,5018,8,3,2000-06-21
22479,5019,14,1,2000-05-09
22480,5019,11,3,2000-03-08
22481,5019,3,1,2000-03-01
22482,5019,4,3,2000-03-29
22483,5020,13,1,2000-01-02
22484,5020,5,2,2000-04-27
22485,5020,2,1,2000-02-25
22486,5020,6,2,2000-06-09
22487,5020,3,3,2000-06-22
22488,5021,3,1,2000-04-14
22489,5021,14,1,2000-01-27
22490,5021,5,4,2000-02-01
22491,5021,14,4,2000-03-19
22492,5021,14,2,2000-05-08
22493,5021,8,3,2000-05-13
22494,5022,13,5,2000-01-09
22495,5022,5,3,2000-05-20
22496,5022,6,1,2000-01-25
22497,5022,8,4,2000-05-12
22498,5022,13,4,2000-05-28
22499,5023,4,1,2000-06-17
22500,5023,5,1,2000-05-22
22501,5023,1,1,2000-01-10
22502,5023,12,1,2000-04-02
22503,5023,13,1,2000-05-31
22504,5024,1,4,2000-04-13
22505,5024,6,4,2000-05-27
22506,5025,7,4,2000-06-26
22507,5025,9,5,2000-03-18
22508,5026,3,4,2000-02-09
22509,5026,7,1,2000-04-21
22510,5026,13,1,2000-03-30
22511,5026,5,1,2000-05-05
22512,5026,1,5,2000-03-27
22513,5026,6,5,2000-01-17
22514,5026,4,3,2000-02-21
22515,5026,8,5,2000-04-02
22516,5027,1,5,2000-02-21
22517,5027,14,2,2000-02-28
22518,5028,1,5,2000-05-25
22519,5028,1,2,2000-02-17
22520,5028,11,3,2000-05-10
22521,5028,10,1,2000-04-10
22522,5028,10,4,2000-05-29
22523,5028,8,1,2000-03-21
22524,5029,10,1,2000-01-22
22525,5030,6,,2000-01-25
22526,5030,4,4,2000-04-27
22527,5030,1,5,2000-05-25
22528,5030,8,5,2000-04-06
22529,5030,12,1,2000-05-26
22530,5030,7,1,2000-06-09
22531,5031,11,2,2000-05-02
22532,5031,4,1,2000-03-19
22533,5031,7,4,2000-05-05
22534,5032,2,1,2000-05-21
22535,5032,5,4,2000-04-06
22536,5033,10,4,2000-03-12
22537,5033,1,2,2000-04-01
22538,5033,5,1,2000-06-18
22539,5033,11,3,2000-06-27
22540,5033,3,2,2000-01-11
22541,5033,8,3,2000-01-06
22542,5033,1,4,2000-06-10
22543,5034,2,2,2000-05-11
22544,5034,8,2,2000-05-09
22545,5035,11,5,2000-05-18
22546,5035,1,2,2000-06-27
22547,5035,9,4,2000-01-22
22548,5035,2,2,2000-02-18
22549,5035,2,4,2000-02-22
22550,5036,6,2,2000-03-08
22551,5036,3,5,2000-03-21
22552,5036,5,5,2000-03-04
22553,5036,10,2,2000-05-16
22554,5036,13,1,2000-02-10
22555,5037,13,5,2000-01-07
22556,5037,2,4,2000-06-25
22557,5037,13,1,2000-04-13
22558,5037,4,2,2000-03-05
22559,5037,6,4,2000-05-19
22560,5037,11,4,2000-06-15
22561,5037,12,3,2000-02-13
22562,5037,1,2,2000-06-23
22563,5038,8,1,2000-05-05
22564,5038,13,4,2000-05-05
22565,5038,7,5,2000-05-19
22566,5038,2,2,2000-01-16
22567,5038,12,4,2000-05-01
22568,5038,13,2,2000-06-15
22569,5039,10,1,2000-02-18
22570,5039,5,4,2000-06-21
22571,5039,12,5,2000-03-20
22572,5039,7,1,2000-02-28
22573,5039,10,3,2000-04-06
22574,5039,2,2,2000-04-15
22575,5039,1,3,2000-03-08
22576,5040,10,1,2000-05-08
22577,5040,9,3,2000-06-03
22578,5040,1,5,2000-06-17
22579,5040,1,4,2000-06-08
22580,5041,13,5,2000-05-12
22581,5041,12,5,2000-02-14
22582,5041,6,1,2000-05-02
22583,5041,6,2,2000-02-20
22584,5041,14,2,2000-02-07
22585,5041,4,1,2000-05-25
22586,5041,7,1,2000-04-02
22587,5041,11,5,2000-03-15
22588,5042,14,4,2000-02-10
22589,5042,11,4,2000-01-18
22590,5042,12,3,2000-02-16
22591,5042,14,4,2000-04-08
22592,5042,1,2,2000-04-02
22593,5042,10,2,2000-04-03
22594,5042,4,4,2000-03-16
22595,5043,8,3,2000-02-10
22596,5043,6,4,2000-05-02
22597,5043,13,4,2000-02-07
22598,5044,12,1,2000-06-11
22599,5044,12,2,2000-01-18
22600,5044,2,3,2000-02-14
22601,5044,5,5,2000-06-12
22602,5044,13,1,2000-06-27
22603,5044,3,2,2000-06-16
22604,5045,13,3,2000-05-01
22605,5046,14,3,2000-05-25
22606,5046,14,5,2000-05-29
22607,5047,11,5,2000-02-25
22608,5048,14,4,2000-05-21
22609,5048,13,5,2000-03-06
22610,5048,13,2,2000-01-07
22611,5049,12,5,2000-05-13
22612,5049,11,3,2000-02-20
22613,5049,5,3,2000-03-29
22614,5049,5,4,2000-01-23
22615,5049,14,2,2000-02-03
22616,5049,7,1,2000-02-10
22617,5049,10,2,2000-05-20
22618,5050,7,1,2000-06-19
22619,5050,2,3,2000-02-03
22620,5050,8,4,2000-05-13
22621,5050,8,3,2000-04-03
22622,5051,10,2,2000-02-19
22623,5051,2,4,2000-01-25
22624,5052,4,1,2000-02-12
22625,5052,2,3,2000-04-29
22626,5052,4,1,2000-02-05
22627,5052,13,2,2000-03-13
22628,5052,1,4,2000-06-19
22629,5052,2,4,2000-02-04
22630,5052,7,4,2000-01-12
22631,5052,3,3,2000-02-20
22632,5053,12,3,2000-04-27
22633,5053,12,5,2000-02-18
22634,5053,3,4,2000-01-13
22635,5053,10,4,2000-01-03
22636,5053,3,3,2000-05-10
22637,5054,2,5,2000-02-23
22638,5055,4,5,2000-05-10
22639,5055,12,4,2000-03-08
22640,5055,6,2,2000-06-23
22641,5055,5,5,2000-05-25
22642,5056,2,1,2000-05-20
22643,5056,8,5,2000-04-05
22644,5056,5,2,2000-06-17
22645,5057,8,3,2000-04-18
22646,5057,8,2,2000-03-21
22647,5057,10,4,2000-02-08
22648,5057,11,3,2000-04-09
22649,5057,8,5,2000-05-18
22650,5057,13,1,2000-06-03
22651,5057,4,3,2000-03-03
22652,5058,7,2,2000-03-08
22653,5058,10,1,2000-03-14
22654,5058,12,5,2000-02-01
22655,5058,6,3,2000-05-05
22656,5058,2,4,2000-05-09
22657,5059,3,3,2000-02-07
22658,5059,5,3,2000-05-30
22659,5059,9,4,2000-02-17
22660,5059,6,2,2000-04-02
22661,5059,9,4,2000-02-01
22662,5060,12,1,2000-05-09
22663,5061,4,2,2000-03-05
22664,5061,10,5,2000-04-25
22665,5061,9,1,2000-02-04
22666,5062,11,2,2000-02-26
22667,5062,3,3,2000-04-22
22668,5063,5,3,2000-01-08
22669,5063,10,5,2000-02-07
22670,5063,7,4,2000-02-02
22671,5064,12,1,2000-04-06
23190,5170,4,2,2000-05-05
23191,5170,11,1,2000-01-18
23192,5170,10,1,2000-04-12
23193,5170,4,2,2000-01-18
23194,5170,13,4,2000-02-22
23195,5171,6,3,2000-01-08
23196,5171,9,3,2000-04-12
23197,5171,1,5,2000-03-21
23198,5171,6,3,2000-05-20
23199,5171,10,3,2000-03-29
23200,5171,14,1,2000-02-12
23201,5171,3,4,2000-06-26
23202,5172,13,1,2000-04-01
23203,5172,10,5,2000-03-07
23204,5172,9,4,2000-01-17
23205,5172,11,2,2000-06-13
23206,5172,1,2,2000-01-15
23207,5172,14,2,2000-04-04
23208,5173,4,2,2000-02-18
23209,5174,7,2,2000-01-01
23210,5174,13,4,2000-05-17
23211,5174,13,3,2000-06-14
23212,5175,2,4,2000-02-18
23213,5175,10,4,2000-01-27
23214,5175,12,4,2000-04-09
23215,5175,14,4,2000-01-14
23216,5175,5,4,2000-02-18
23217,5175,9,3,2000-03-31
23218,5175,11,3,2000-03-20
23219,5176,2,4,2000-04-21
23220,5176,4,4,2000-04-19
23221,5176,14,4,2000-05-01
23222,5176,3,3,2000-04-30
23223,5177,9,4,2000-05-23
23224,5177,1,1,2000-03-14
23225,5177,13,3,2000-03-24
23226,5177,5,4,2000-01-11
23227,5178,4,4,2000-02-20
23228,5178,5,2,2000-03-28
23229,5178,5,4,2000-01-29
23230,5178,9,5,2000-05-02
23231,5178,4,4,2000-05-03
23232,5178,3,4,2000-06-26
23233,5178,9,5,2000-02-25
23234,5179,8,5,2000-03-18
23235,5179,2,4,2000-04-20
23236,5179,3,2,2000-03-08
23237,5179,6,2,2000-04-05
23238,5179,6,2,2000-02-18
23239,5179,9,3,2000-01-19
23240,5179,4,4,2000-05-23
23241,5179,11,3,2000-05-24
23242,5180,2,5,2000-02-12
23243,5180,3,4,2000-05-30
23244,5180,13,1,2000-06-03
23245,5181,2,1,2000-02-03
23246,5181,14,2,2000-03-23
23247,5181,12,1,2000-03-22
23248,5182,8,5,2000-03-04
23249,5182,1,2,2000-01-11
23250,5182,10,5,2000-05-23
23251,5182,4,3,2000-06-02
23252,5182,2,4,2000-04-04
23253,5182,6,5,2000-02-10
23254,5182,3,4,2000-05-30
23255,5182,8,2,2000-03-05
23256,5183,4,5,2000-06-05
23257,5183,10,5,2000-04-03
23258,5183,12,4,2000-02-21
23259,5183,12,4,2000-06-28
23260,5183,5,3,2000-04-13
23261,5183,4,3,2000-05-14
23262,5183,4,5,2000-01-28
23263,5184,4,3,2000-03-20
23264,5184,3,2,2000-01-15
23265,5184,4,3,2000-01-15
23266,5184,9,5,2000-01-26
23267,5185,4,2,2000-02-21
23268,5185,10,1,2000-03-04
23269,5185,11,5,2000-02-17
23270,5185,13,2,2000-01-27
23271,5186,9,5,2000-04-25
23272,5186,6,5,2000-06-09
23273,5186,10,3,2000-02-13
23274,5186,13,1,2000-06-02
23275,5186,4,4,2000-02-29
23276,5186,12,3,2000-04-14
23277,5187,13,4,2000-01-16
23278,5187,2,1,2000-05-12
23279,5187,12,4,2000-01-20
23280,5187,11,2,2000-05-23
23281,5187,4,1,2000-02-23
23282,5187,13,1,2000-01-08
23283,5187,7,1,2000-05-07
23284,5187,8,4,2000-03-29
23285,5188,12,5,2000-06-04
23286,5188,4,1,2000-03-31
23287,5188,2,5,2000-04-25
23288,5188,9,2,2000-01-27
23289,5188,5,4,2000-04-28
23290,5189,8,1,2000-06-05
23291,5190,7,4,2000-06-26
23292,5190,8,4,2000-05-13
23293,5190,3,4,2000-01-22
23294,5190,14,2,2000-04-02
23295,5190,14,1,2000-05-10
23296,5190,1,3,2000-02-10
23297,5190,14,4,2000-01-29
23298,5191,12,4,2000-05-11
23299,5191,6,5,2000-02-12
23300,5191,14,1,2000-01-20
23301,5192,1,5,2000-06-07
23302,5192,7,3,2000-03-15
23303,5192,2,2,2000-01-15
23304,5192,5,5,2000-01-21
23305,5192,4,3,2000-03-26
23306,5193,9,2,2000-02-22
23307,5193,4,5,2000-01-28
23308,5193,5,1,2000-01-11
23309,5193,12,4,2000-03-07
23310,5193,6,1,2000-06-05
23311,5194,11,3,2000-05-27
23312,5194,1,2,2000-03-11
23313,5194,14,1,2000-04-14
23314,5194,2,4,2000-05-23
23315,5194,10,1,2000-05-09
23316,5194,11,1,2000-01-14
23317,5194,1,4,2000-05-13
23318,5195,10,4,2000-02-22
23319,5195,14,5,2000-01-29
23320,5195,11,3,2000-04-28
23321,5195,1,2,2000-02-25
23322,5195,6,4,2000-05-16
23323,5196,13,5,2000-03-22
23324,5196,5,5,2000-05-30
23325,5196,3,2,2000-06-13
23326,5196,11,2,2000-06-12
23327,5196,8,1,2000-04-24
23328,5196,9,5,2000-05-25
23329,5197,3,4,2000-06-10
23330,5197,8,5,2000-06-05
23331,5197,10,2,2000-02-04
23332,5198,11,4,2000-02-01
23333,5198,9,3,2000-03-14
23334,5198,8,5,2000-01-22
23335,5198,13,2,2000-06-27
23336,5198,5,4,2000-02-09
23337,5198,5,4,2000-05-01
23338,5198,7,4,2000-02-24
23339,5199,3,4,2000-03-20
23340,5199,12,2,2000-06-06
23341,5199,10,5,2000-02-26
23342,5199,2,5,2000-02-01
23343,5199,5,1,2000-04-04
23344,5199,14,2,2000-04-26
23345,5199,13,4,2000-05-19
23346,5199,4,1,2000-02-21
23347,5200,9,1,2000-02-25
23348,5200,12,5,2000-02-19
23349,5200,10,2,2000-02-20
23350,5200,1,3,2000-01-29
23351,5200,9,2,2000-01-09
23352,5201,13,2,2000-01-02
23353,5201,5,5,2000-06-10
23354,5202,11,4,2000-01-02
23355,5202,1,4,2000-06-26
23356,5202,8,3,2000-04-30
23357,5202,11,3,2000-04-10
23358,5202,3,1,2000-02-26
23359,5202,10,1,2000-03-16
23360,5202,7,4,2000-06-17
23361,5202,12,2,2000-01-31
23362,5203,4,2,2000-05-25
23363,5203,13,5,2000-05-20
23364,5203,1,3,2000-04-05
23365,5203,14,5,2000-01-28
23366,5203,4,5,2000-04-22
23367,5203,2,3,2000-04-17
23368,5203,7,2,2000-02-01
23369,5203,3,1,2000-01-08
23370,5204,14,4,2000-05-09
23371,5205,3,1,2000-05-12
23372,5205,12,4,2000-04-12
23373,5205,11,4,2000-06-26
23374,5205,14,4,2000-05-20
23375,5205,13,3,2000-02-19
23376,5205,10,1,2000-05-15
23377,5206,3,2,2000-02-15
23378,5206,6,5,2000-02-22
23379,5207,9,4,2000-05-23
23380,5207,14,2,2000-04-10
23381,5207,3,4,2000-01-28
23382,5207,13,5,2000-03-10
23383,5208,2,5,2000-01-20
23384,5208,7,4,2000-01-03
23385,5208,1,2,2000-06-05
23386,5208,13,4,2000-05-11
23387,5209,7,3,2000-04-09
23388,5209,2,1,2000-01-01
23389,5209,2,4,2000-02-12
23390,5209,5,2,2000-04-04
23391,5209,4,2,2000-03-25
23392,5209,3,4,2000-03-14
23393,5210,11,1,2000-03-06
23394,5210,14,1,2000-03-08
23395,5210,12,1,2000-03-31
23396,5210,11,1,2000-04-21
23397,5210,14,1,2000-05-01
23398,5210,1,4,2000-04-24
23399,5211,11,2,2000-05-15
23400,5211,3,2,2000-01-27
23401,5211,3,3,2000-05-19
23402,5211,9,1,2000-03-22
23403,5211,12,5,2000-06-20
23404,5211,10,2,2000-04-23
23405,5211,7,1,2000-02-04
23406,5211,6,4,2000-04-29
23407,5212,14,1,2000-02-20
23408,5212,3,2,2000-04-22
23409,5213,1,4,2000-06-15
23410,5213,6,1,2000-02-01
23411,5213,11,3,2000-03-12
23412,5213,14,4,2000-05-29
23413,5214,6,2,2000-02-25
23414,5215,11,2,2000-04-15
23415,5215,3,2,2000-05-18
23416,5215,6,3,2000-05-05
23417,5216,8,1,2000-05-06
23418,5217,8,1,2000-01-23
23419,5217,6,4,2000-04-05
23420,5217,11,2,2000-04-09
23421,5217,3,1,2000-06-10
23422,5217,6,5,2000-02-02
23423,5217,11,5,2000-02-24
23424,5217,7,1,2000-05-11
23425,5217,13,3,2000-03-11
23426,5218,11,5,2000-06-23
23427,5218,3,1,2000-05-19
23428,5219,10,4,2000-02-29
23429,5219,13,1,2000-05-24
23430,5220,5,3,2000-01-30
23431,5220,8,1,2000-06-21
23432,5221,13,4,2000-03-31
23433,5221,5,2,2000-01-19
23434,5221,6,3,2000-03-28
23435,5221,11,4,2000-03-14
23436,5221,13,1,2000-03-29
23437,5222,3,4,2000-04-03
23438,5222,14,1,2000-04-20
23439,5222,8,3,2000-06-09
23440,5222,2,5,2000-06-03
23441,5222,6,2,2000-02-05
23442,5222,2,4,2000-06-08
23443,5222,4,1,2000-02-05
23444,5222,8,3,2000-03-25
23445,5223,7,4,2000-06-22
23446,5223,11,4,2000-05-05
23447,5223,8,1,2000-01-17
23448,5223,4,4,2000-02-19
23449,5224,14,5,2000-06-04
23450,5224,4,3,2000-03-26
23451,5224,9,3,2000-04-30
23452,5224,1,1,2000-06-26
23453,5224,3,4,2000-02-17
23454,5224,4,3,2000-05-12
23455,5224,11,3,2000-04-16
23456,5224,5,2,2000-01-21
23457,5225,6,4,2000-05-01
23458,5225,3,4,2000-04-15
23459,5225,1,3,2000-06-08
23460,5226,11,2,2000-01-02
23461,5226,7,5,2000-04-24
23462,5226,11,5,2000-04-13
23463,5226,14,1,2000-03-04
23464,5226,4,3,2000-05-26
23465,5227,5,1,2000-02-16
23466,5227,7,2,2000-06-09
23467,5227,5,3,2000-05-24
23468,5227,12,2,2000-04-10
23469,5227,4,5,2000-02-27
23470,5227,2,5,2000-02-15
23471,5227,6,2,2000-04-16
23472,5227,4,5,2000-05-19
23473,5228,11,2,2000-01-01
23474,5228,9,2,2000-06-20
23475,5228,7,4,2000-02-04
23476,5228,14,3,2000-02-22
23477,5228,9,3,2000-04-17
23478,5228,11,5,2000-06-25
23479,5228,2,4,2000-05-21
23480,5228,10,4,2000-01-31
23481,5229,10,3,2000-06-03
23482,5229,11,5,2000-01-23
23483,5229,4,3,2000-01-23
23484,5229,11,3,2000-06-15
23485,5229,7,1,2000-05-26
23486,5229,4,4,2000-03-26
23487,5229,1,2,2000-01-27
23488,5229,6,3,2000-03-26
23489,5230,11,4,2000-01-27
23490,5230,8,4,2000-05-20
23491,5230,11,2,2000-01-04
23492,5230,11,2,2000-03-22
23493,5230,2,5,2000-04-05
23494,5230,5,2,2000-04-07
23495,5231,14,3,2000-05-09
23496,5231,8,5,2000-06-03
23497,5231,6,3,2000-03-30
23498,5231,3,2,2000-05-25
23499,5231,13,5,2000-02-12
23500,5232,7,2,2000-02-01
23501,5232,5,3,2000-05-07
23502,5232,1,4,2000-01-05
23503,5232,12,1,2000-01-03
23504,5232,9,3,2000-03-10
23505,5233,5,2,2000-05-21
23506,5234,11,5,2000-03-25
23507,5235,9,1,2000-02-17
23508,5235,10,4,2000-04-13
23509,5235,5,3,2000-06-19
23510,5235,3,2,2000-01-07
23511,5235,10,2,2000-02-07
23512,5235,1,3,2000-01-03
23513,5235,10,2,2000-02-04
23514,5235,5,3,2000-04-03
23515,5236,13,5,2000-03-19
23516,5236,5,5,2000-06-19
23517,5236,8,3,2000-05-22
23518,5236,14,2,2000-04-02
23519,5236,7,4,2000-06-12
23520,5236,7,1,2000-03-16
23521,5237,13,5,2000-02-17
23522,5237,3,3,2000-05-04
23523,5237,4,2,2000-02-15
23524,5237,8,1,2000-06-11
23525,5238,14,1,2000-01-22
23526,5238,4,1,2000-01-15
23527,5238,2,1,2000-03-26
23528,5238,12,1,2000-04-20
23529,5238,9,3,2000-01-16
23530,5238,1,3,2000-03-23
23531,5238,8,2,2000-02-04
23532,5239,3,1,2000-04-25
23533,5239,4,3,2000-04-12
23534,5239,3,3,2000-02-09
23535,5239,14,5,2000-06-14
23536,5239,12,3,2000-03-13
23537,5239,1,1,2000-04-01
23538,5239,6,5,2000-01-21
23539,5240,1,5,2000-02-01
23540,5240,14,1,2000-01-07
23541,5240,14,1,2000-01-06
23542,5240,7,4,2000-05-22
23543,5240,7,2,2000-03-03
23544,5240,13,4,2000-04-24
23545,5240,3,3,2000-03-11
23546,5241,2,1,2000-01-29
23547,5241,2,3,2000-04-06
23548,5241,11,5,2000-04-13
23549,5241,9,4,2000-02-09
23550,5242,12,3,2000-05-23
23551,5243,3,3,2000-06-22
23552,5243,14,3,2000-02-18
23553,5243,8,1,2000-06-27
23554,5244,13,4,2000-01-08
23555,5244,13,2,2000-04-08
23556,5244,2,3,2000-01-14
23557,5245,12,4,2000-02-22
23558,5246,13,3,2000-04-03
23559,5246,12,1,2000-05-02
23560,5246,4,3,2000-02-17
23561,5246,9,5,2000-02-27
23562,5246,2,4,2000-01-27
23563,5246,6,5,2000-04-07
23564,5247,5,1,2000-02-07
23565,5247,10,1,2000-04-06
23566,5247,11,2,2000-06-18
23567,5247,14,1,2000-02-09
23568,5247,9,5,2000-02-15
23569,5247,9,2,2000-04-25
23570,5247,1,2,2000-01-27
23571,5247,6,5,2000-04-17
23572,5248,5,2,2000-06-04
23573,5248,12,2,2000-01-21
23574,5248,1,2,2000-03-29
23575,5248,6,3,2000-05-29
23576,5248,12,5,2000-01-13
23577,5248,10,5,2000-01-02
23578,5248,10,2,2000-04-25
23579,5248,1,1,2000-05-13
23580,5249,4,5,2000-02-23
23581,5250,8,5,2000-06-05
23582,5250,2,3,2000-01-18
23583,5250,14,1,2000-04-09
23584,5250,13,3,2000-01-10
23585,5250,6,2,2000-05-26
23586,5251,7,4,2000-01-23
23587,5251,9,5,2000-05-16
23588,5252,1,3,2000-01-23
23589,5252,3,4,2000-02-07
23590,5252,7,3,2000-04-05
23591,5252,4,5,2000-01-09
23592,5252,3,4,2000-02-04
23593,5252,2,4,2000-03-28
23594,5253,4,5,2000-02-14
23595,5254,2,2,2000-04-10
23596,5254,3,5,2000-01-17
23597,5255,1,3,2000-01-07
23598,5255,14,3,2000-01-22
23599,5255,1,2,2000-06-23
23600,5255,10,4,2000-01-10
23601,5255,3,4,2000-02-03
23602,5255,1,3,2000-03-13
23603,5255,1,1,2000-01-14
23604,5255,11,4,2000-05-03
23605,5256,11,3,2000-05-14
23606,5256,1,3,2000-05-09
23607,5256,14,3,2000-06-17
23608,5256,14,3,2000-04-08
23609,5257,8,3,2000-04-16
23610,5257,4,5,2000-04-23
23611,5258,1,5,2000-05-17
23612,5258,12,1,2000-04-06
23613,5258,14,5,2000-02-21
23614,5259,13,1,2000-01-01
23615,5259,5,5,2000-01-07
23616,5259,14,2,2000-03-29
23617,5259,13,4,2000-05-12
23618,5259,3,2,2000-05-26
23619,5259,2,5,2000-04-25
23620,5260,2,3,2000-04-27
23621,5260,14,4,2000-02-21
23622,5260,14,4,2000-01-19
23623,5260,11,4,2000-06-11
23624,5260,12,2,2000-06-27
23625,5260,1,2,2000-06-12
23626,5260,13,4,2000-02-08
23627,5260,9,3,2000-06-09
23628,5261,11,2,2000-03-21
23629,5261,11,2,2000-02-12
23630,5261,6,3,2000-04-04
23631,5261,3,4,2000-03-03
23632,5261,10,3,2000-04-24
23633,5261,12,4,2000-04-26
23634,5261,7,2,2000-02-23
23635,5261,13,4,2000-01-09
23636,5262,1,1,2000-04-17
23637,5262,14,3,2000-05-11
23638,5262,6,4,2000-03-09
23639,5262,9,2,2000-04-13
23640,5262,6,2,2000-04-02
23641,5263,7,4,2000-05-09
23642,5263,9,5,2000-06-05
23643,5263,11,4,2000-05-06
23644,5263,9,3,2000-05-04
23645,5264,12,5,2000-05-21
23646,5264,3,5,2000-06-20
23647,5264,1,2,2000-06-16
23648,5264,1,1,2000-01-02
23649,5264,10,4,2000-02-17
23650,5264,12,5,2000-04-11
23651,5265,3,1,2000-05-28
23652,5265,3,3,2000-05-11
23653,5265,10,2,2000-02-10
23654,5265,2,2,2000-04-11
23655,5266,4,3,2000-02-13
23656,5266,5,5,2000-03-21
23657,5266,7,2,2000-06-14
23658,5266,5,2,2000-04-15
23659,5266,11,4,2000-04-17
23660,5266,9,5,2000-03-11
23661,5266,12,1,2000-01-15
23662,5267,14,2,2000-05-13
23663,5267,10,3,2000-05-05
23664,5267,7,3,2000-04-05
23665,5267,1,4,2000-01-08
23666,5267,12,4,2000-05-26
23667,5267,5,5,2000-06-03
23668,5267,7,3,2000-01-23
23669,5268,10,4,2000-01-25
23670,5268,6,2,2000-05-07
23671,5269,7,3,2000-02-24
23672,5269,1,3,2000-04-20
23673,5270,7,4,2000-06-25
23674,5270,8,4,2000-02-03
23675,5270,14,5,2000-01-12
23676,5270,8,3,2000-01-17
23677,5270,8,4,2000-03-20
23678,5270,2,2,2000-02-05
23679,5270,12,4,2000-06-08
23680,5271,4,5,2000-05-13
23681,5272,2,1,2000-03-20
23682,5272,1,5,2000-03-13
23683,5272,2,5,2000-05-31
23684,5272,12,2,2000-06-05
23685,5272,6,2,2000-06-23
23686,5272,14,4,2000-04-11
23687,5272,10,2,2000-05-03
23688,5273,6,4,2000-04-09
23689,5274,5,3,2000-06-04
23690,5274,1,1,2000-06-24
23691,5274,7,2,2000-01-20
23692,5274,6,4,2000-06-25
23693,5274,5,5,2000-02-21
23694,5275,6,3,2000-02-04
23695,5275,4,5,2000-03-28
23696,5275,13,1,2000-06-23
23697,5275,10,5,2000-06-13
23698,5275,5,5,2000-04-06
23699,5276,1,1,2000-05-09
23700,5276,6,5,2000-02-18
23701,5276,3,3,2000-02-24
23702,5276,1,4,2000-02-19
23703,5277,11,1,2000-02-25
23704,5278,3,5,2000-05-03
23705,5278,7,3,2000-06-25
23706,5278,13,1,2000-03-26
23707,5278,14,5,2000-05-09
23708,5278,3,4,2000-01-08
23709,5278,9,3,2000-01-17
23710,5278,6,2,2000-05-28
23711,5279,14,3,2000-05-04
23712,5279,5,4,2000-04-03
23713,5279,9,1,2000-05-25
23714,5279,1,5,2000-06-18
23715,5279,9,2,2000-01-21
23716,5279,7,3,2000-01-08
23717,5279,6,4,2000-05-14
23718,5280,13,3,2000-01-13
23719,5280,12,1,2000-03-30
23720,5280,3,2,2000-04-02
23721,5280,3,3,2000-01-20
23722,5280,11,2,2000-01-14
23723,5280,8,4,2000-02-16
23724,5280,10,1,2000-02-15
23725,5281,14,3,2000-02-27
23726,5281,1,1,2000-01-23
23727,5282,2,5,2000-02-27
23728,5282,1,1,2000-06-07
23729,5282,5,2,2000-02-26
23730,5282,8,5,2000-04-17
23731,5282,2,5,2000-05-15
23732,5282,2,1,2000-03-27
23733,5282,3,5,2000-05-31
23734,5282,2,2,2000-06-22
23735,5283,11,2,2000-03-18
23736,5283,5,3,2000-05-21
23737,5283,7,1,2000-03-02
23738,5283,6,1,2000-05-10
23739,5284,12,1,2000-06-18
23740,5284,12,4,2000-05-20
23741,5284,12,2,2000-03-03
23742,5284,12,1,2000-05-12
23743,5285,9,2,2000-02-19
23744,5285,7,2,2000-06-08
23745,5286,12,3,2000-03-17
23746,5286,13,3,2000-03-07
23747,5286,8,4,2000-06-18
23748,5286,10,1,2000-04-29
23749,5286,3,4,2000-01-07
23750,5286,9,3,2000-03-13
23751,5286,14,3,2000-04-14
23752,5286,2,5,2000-05-10
23753,5287,4,1,2000-01-05
23754,5287,4,3,2000-04-26
23755,5287,1,3,2000-02-16
23756,5287,3,3,2000-01-30
23757,5287,4,3,2000-03-17
23758,5288,6,1,2000-04-20
23759,5288,2,3,2000-06-22
23760,5288,5,2,2000-06-13
23761,5289,14,3,2000-05-27
23762,5289,4,3,2000-05-11
23763,5289,3,1,2000-06-22
23764,5289,12,1,2000-04-26
23765,5290,13,2,2000-04-19
23766,5290,8,2,2000-06-28
23767,5290,4,5,2000-01-27
23768,5290,1,5,2000-01-30
23769,5290,7,4,2000-05-05
23770,5290,2,2,2000-06-27
23771,5290,2,1,2000-03-14
23772,5291,5,3,2000-03-31
23773,5292,14,1,2000-04-15
23774,5292,5,4,2000-05-02
23775,5292,10,4,2000-05-10
23776,5292,4,5,2000-01-15
23777,5293,13,3,2000-06-05
23778,5293,8,1,2000-03-21
23779,5293,10,4,2000-04-06
23780,5293,9,3,2000-04-21
23781,5293,9,3,2000-04-17
23782,5293,1,2,2000-02-02
23783,5294,2,1,2000-03-28
23784,5294,3,1,2000-05-22
23785,5294,3,3,2000-01-04
23786,5294,8,3,2000-04-07
23787,5294,10,1,2000-05-11
23788,5294,7,1,2000-04-26
23789,5294,9,1,2000-04-18
23790,5295,14,3,2000-04-10
23791,5295,2,2,2000-02-23
23792,5295,12,1,2000-03-14
23793,5295,5,1,2000-04-02
23794,5295,5,5,2000-02-13
23795,5295,13,2,2000-02-13
23796,5296,11,1,2000-01-23
23797,5296,14,5,2000-05-14
23798,5296,8,1,2000-06-15
23799,5296,10,4,2000-04-11
23800,5296,6,2,2000-02-20
23801,5297,4,1,2000-05-06
23802,5297,12,2,2000-03-14
23803,5298,6,5,2000-01-30
23804,5298,7,2,2000-03-08
23805,5299,2,1,2000-06-17
23806,5299,12,4,2000-02-10
23807,5299,2,3,2000-02-13
23808,5299,9,5,2000-01-08
23809,5300,9,3,2000-02-13
23810,5300,6,2,2000-04-03
23811,5300,8,5,2000-06-24
23812,5300,12,5,2000-02-11
23813,5301,5,4,2000-03-21
23814,5301,7,3,2000-03-09
23815,5302,8,2,2000-03-12
23816,5302,14,4,2000-04-03
23817,5302,12,1,2000-03-28
23818,5302,2,3,2000-05-04
23819,5302,12,1,2000-04-29
23820,5303,2,3,2000-04-15
23821,5303,12,4,2000-04-23
23822,5303,9,2,2000-05-06
23823,5303,5,2,2000-03-06
23824,5303,5,2,2000-03-14
23825,5303,10,5,2000-06-28
23826,5303,13,1,2000-01-03
23827,5303,7,3,2000-03-08
23828,5304,14,5,2000-05-10
23829,5304,12,1,2000-04-28
23830,5304,1,3,2000-04-21
23831,5304,7,4,2000-03-22
23832,5304,1,5,2000-05-20
23833,5305,12,5,2000-01-05
23834,5306,10,2,2000-02-04
23835,5306,4,2,2000-04-28
23836,5307,8,2,2000-03-29
23837,5307,3,3,2000-02-25
23838,5307,13,2,2000-05-16
23839,5307,14,2,2000-02-02
23840,5308,6,2,2000-03-16
23841,5308,13,5,2000-01-26
23842,5308,13,4,2000-03-31
23843,5308,11,1,2000-02-15
23844,5308,4,4,2000-02-21
23845,5308,12,1,2000-06-04
23846,5308,9,2,2000-02-21
23847,5309,8,1,2000-01-25
23848,5309,12,3,2000-06-14
23849,5309,14,5,2000-06-04
23850,5309,14,4,2000-01-16
23851,5310,12,5,2000-03-23
23852,5311,7,2,2000-05-25
23853,5311,8,3,2000-01-09
23854,5312,1,4,2000-04-16
23855,5312,8,4,2000-03-01
23856,5312,7,2,2000-04-28
23857,5312,14,2,2000-03-10
23858,5312,12,4,2000-03-30
23859,5313,6,5,2000-01-08
23860,5313,11,5,2000-05-04
23861,5313,8,1,2000-01-01
23862,5314,9,2,2000-02-22
23863,5314,14,1,2000-02-05
23864,5314,2,5,2000-04-07
23865,5314,10,2,2000-03-03
23866,5314,8,3,2000-04-23
23867,5314,5,4,2000-05-11
23868,5315,1,2,2000-06-14
23869,5315,12,2,2000-03-07
23870,5315,3,1,2000-04-02
23871,5315,5,3,2000-01-09
23872,5315,3,1,2000-04-11
23873,5315,10,4,2000-05-06
23874,5316,11,3,2000-06-12
23875,5316,7,2,2000-02-12
23876,5316,6,1,2000-01-02
23877,5316,14,3,2000-03-12
23878,5316,6,2,2000-04-02
23879,5316,6,1,2000-02-02
23880,5316,14,2,2000-02-06
23881,5317,1,4,2000-04-15
23882,5318,13,2,2000-05-27
23883,5318,1,5,2000-06-09
23884,5319,5,2,2000-01-18
23885,5319,7,2,2000-01-27
23886,5319,4,1,2000-04-22
23887,5320,10,2,2000-04-05
23888,5320,4,2,2000-04-20
23889,5320,8,5,2000-02-25
23890,5320,2,3,2000-05-13
23891,5321,13,5,2000-05-25
23892,5321,13,1,2000-05-15
23893,5321,2,1,2000-05-08
23894,5321,13,5,2000-03-25
23895,5321,6,5,2000-06-01
23896,5321,5,3,2000-04-20
23897,5321,5,4,2000-03-07
23898,5321,6,3,2000-01-18
23899,5322,1,5,2000-04-18
23900,5323,13,4,2000-04-29
23901,5323,6,3,2000-04-09
23902,5323,3,4,2000-04-06
23903,5323,3,4,2000-03-24
23904,5324,11,3,2000-04-04
23905,5324,10,5,2000-04-11
23906,5324,10,2,2000-05-24
23907,5324,14,1,2000-05-03
23908,5324,5,5,2000-01-18
23909,5324,2,5,2000-06-04
23910,5324,3,4,2000-01-03
23911,5324,9,5,2000-04-23
23912,5325,1,2,2000-05-22
23913,5325,8,3,2000-01-22
23914,5325,8,2,2000-01-08
23915,5326,13,2,2000-01-26
23916,5327,8,5,2000-02-04
23917,5327,5,5,2000-01-01
23918,5327,9,5,2000-01-03
23919,5327,4,1,2000-03-12
23920,5327,6,2,2000-03-18
23921,5328,2,1,2000-06-15
23922,5328,10,5,2000-03-05
23923,5328,11,4,2000-01-25
23924,5328,1,3,2000-01-11
23925,5328,5,5,2000-06-26
23926,5328,7,5,2000-01-04
23927,5328,9,5,2000-01-13
23928,5329,9,5,2000-02-19
23929,5329,14,3,2000-05-25
23930,5329,10,5,2000-01-08
23931,5329,8,3,2000-06-09
23932,5329,5,4,2000-05-04
23933,5329,13,3,2000-01-13
23934,5329,10,3,2000-05-07
23935,5329,4,1,2000-02-08
23936,5330,3,3,2000-01-12
23937,5330,5,1,2000-06-06
23938,5330,7,4,2000-05-31
23939,5330,1,4,2000-02-15
23940,5330,13,2,2000-05-03
23941,5330,6,5,2000-03-02
23942,5331,4,3,2000-01-12
23943,5331,5,3,2000-02-13
23944,5331,5,3,2000-02-24
23945,5332,3,2,2000-06-15
23946,5332,4,5,2000-06-27
23947,5332,14,5,2000-05-17
23948,5332,11,1,2000-05-22
23949,5333,8,2,2000-03-21
23950,5334,13,2,2000-05-24
23951,5334,13,4,2000-04-07
23952,5335,1,2,2000-06-22
23953,5336,4,2,2000-06-08
23954,5336,13,4,2000-04-07
23955,5336,4,4,2000-03-06
23956,5336,6,3,2000-02-12
23957,5336,1,2,2000-02-21
23958,5336,8,5,2000-01-22
23959,5336,3,5,2000-02-04
23960,5337,11,5,2000-06-28
23961,5337,2,1,2000-03-10
23962,5337,14,3,2000-06-27
23963,5337,11,4,2000-04-21
23964,5337,2,2,2000-06-15
23965,5337,3,2,2000-06-06
23966,5338,13,3,2000-05-12
23967,5338,3,5,2000-02-08
23968,5338,13,4,2000-04-25
23969,5338,14,3,2000-02-27
23970,5338,9,1,2000-02-18
23971,5339,6,2,2000-03-28
23972,5339,2,3,2000-03-08
23973,5340,6,3,2000-02-02
23974,5340,11,1,2000-02-16
23975,5341,7,5,2000-03-12
23976,5342,13,1,2000-04-10
23977,5343,1,3,2000-03-30
23978,5343,6,2,2000-06-27
23979,5343,2,3,2000-05-09
23980,5343,2,3,2000-04-05
23981,5343,6,3,2000-01-15
23982,5343,8,5,2000-06-04
23983,5343,12,1,2000-05-04
23984,5343,13,4,2000-05-20
23985,5344,2,2,2000-03-09
23986,5344,8,3,2000-01-12
23987,5344,6,5,2000-05-13
23988,5345,12,3,2000-03-04
23989,5345,11,5,2000-03-02
23990,5345,8,3,2000-02-23
23991,5346,14,5,2000-01-31
23992,5347,6,4,2000-03-21
23993,5348,14,1,2000-06-03
23994,5348,2,1,2000-04-08
23995,5348,12,4,2000-01-31
23996,5348,11,1,2000-02-11
23997,5348,11,2,2000-05-07
23998,5348,2,3,2000-01-30
23999,5348,8,3,2000-04-03
24000,5348,9,3,2000-03-15
24001,5349,7,3,2000-01-13
24002,5349,3,5,2000-06-08
24003,5349,5,2,2000-05-27
24004,5349,3,2,2000-02-07
24005,5349,7,3,2000-06-26
24006,5349,12,3,2000-04-06
24007,5349,3,5,2000-01-24
24008,5350,14,5,2000-04-14
24009,5350,13,3,2000-03-01
24010,5350,1,3,2000-03-19
24011,5350,13,4,2000-03-03
24012,5351,2,5,2000-01-03
24013,5352,11,1,2000-02-17
24014,5352,8,3,2000-06-11
24015,5352,3,2,2000-05-12
24016,5352,14,4,2000-01-24
24017,5353,13,2,2000-01-19
24018,5353,3,5,2000-02-20
24019,5353,2,5,2000-03-11
24020,5354,14,3,2000-06-17
24021,5354,12,1,2000-01-27
24022,5354,6,3,2000-03-12
24023,5354,5,5,2000-04-19
24024,5354,5,1,2000-04-01
24025,5354,13,2,2000-06-25
24026,5354,11,1,2000-03-11
24027,5354,3,5,2000-03-01
24028,5355,12,3,2000-03-19
24029,5355,9,2,2000-01-12
24030,5355,2,1,2000-03-03
24031,5355,14,2,2000-02-29
24032,5355,11,3,2000-02-15
24033,5355,5,1,2000-05-31
24034,5355,2,5,2000-01-16
24035,5356,2,5,2000-04-13
24036,5356,8,3,2000-05-03
24037,5356,13,1,2000-04-24
24038,5357,13,1,2000-01-27
24039,5357,13,3,2000-01-21
24040,5357,1,5,2000-04-19
24041,5357,4,2,2000-06-22
24042,5357,6,4,2000-05-21
24043,5357,11,4,2000-03-10
24044,5357,11,1,2000-05-23
24045,5357,14,3,2000-01-25
24046,5358,1,2,2000-03-19
24047,5358,14,2,2000-05-02
24048,5358,11,4,2000-06-28
24049,5358,8,4,2000-02-16
24050,5358,12,5,2000-01-22
24051,5358,1,4,2000-03-02
24052,5358,1,5,2000-06-20
24053,5358,12,2,2000-06-22
24054,5359,9,1,2000-04-14
24055,5359,7,5,2000-05-13
24056,5360,13,2,2000-02-16
24057,5360,8,3,2000-04-05
24058,5360,3,3,2000-02-23
24059,5361,1,2,2000-02-25
24060,5361,11,2,2000-02-27
24061,5361,6,5,2000-02-07
24062,5362,13,2,2000-03-27
24063,5363,8,4,2000-06-26
24064,5363,2,1,2000-05-09
24065,5363,7,4,2000-06-01
24066,5363,1,1,2000-05-31
24067,5363,2,1,2000-06-24
24068,5364,7,2,2000-05-16
24069,5364,2,4,2000-02-19
24070,5364,5,2,2000-05-04
24071,5365,13,5,2000-04-27
24072,5365,2,1,2000-01-12
24073,5365,3,3,2000-06-14
24074,5365,2,5,2000-04-18
24075,5366,5,5,2000-06-21
24076,5367,12,2,2000-03-07
24077,5367,14,2,2000-04-16
24078,5367,14,3,2000-05-30
24079,5367,14,5,2000-05-04
24080,5367,14,4,2000-01-08
24081,5367,14,4,2000-04-13
24082,5368,1,3,2000-01-15
24083,5368,11,3,2000-03-30
24084,5368,7,2,2000-05-31
24085,5368,6,5,2000-02-26
24086,5368,14,4,2000-03-06
24087,5368,13,4,2000-03-23
24088,5368,11,5,2000-06-26
24089,5368,12,1,2000-02-24
24090,5369,6,2,2000-01-16
24091,5370,6,5,2000-04-26
24092,5370,14,3,2000-04-19
24093,5370,5,1,2000-01-30
24094,5370,7,2,2000-04-16
